// Сгенерировано tools/make_sprites.py — не править вручную.
#pragma once

#include <lvgl.h>

namespace esphome {
namespace critters {

static const uint8_t spr_cat_run_r0_px[] = {
  0x00, 0x00, 0x00, 0x00, 0x00, 0x00, 0x00, 0x00, 0x00, 0x00, 0x00, 0x00, 0x00, 0x00, 0x00, 0x00, 0x00, 0x00, 0x00, 0x00, 0x00, 0x00, 0x00, 0x00,
  0x00, 0x00, 0x00, 0x00, 0x00, 0x00, 0x00, 0x00, 0x00, 0x00, 0x00, 0x00, 0x08, 0xf5, 0x00, 0x00, 0x00, 0x00, 0x00, 0x00, 0x00, 0x00, 0x08, 0xf5,
  0x00, 0x00, 0x00, 0x00, 0x00, 0x00, 0x00, 0x00, 0x00, 0x00, 0x00, 0x00, 0x00, 0x00, 0x00, 0x00, 0x00, 0x00, 0x00, 0x00, 0x00, 0x00, 0x00, 0x00,
  0x00, 0x00, 0x00, 0x00, 0x00, 0x00, 0x00, 0x00, 0x00, 0x00, 0x00, 0x00, 0x00, 0x00, 0x00, 0x00, 0x08, 0xf5, 0x08, 0xf5, 0x00, 0x00, 0x00, 0x00,
  0x08, 0xf5, 0x08, 0xf5, 0x00, 0x00, 0x00, 0x00, 0x00, 0x00, 0x00, 0x00, 0x00, 0x00, 0x00, 0x00, 0x00, 0x00, 0x00, 0x00, 0x00, 0x00, 0x00, 0x00,
  0x00, 0x00, 0x00, 0x00, 0x00, 0x00, 0x00, 0x00, 0x00, 0x00, 0x00, 0x00, 0x00, 0x00, 0x00, 0x00, 0x00, 0x00, 0x08, 0xf5, 0x08, 0xf5, 0x08, 0xf5,
  0x08, 0xf5, 0x08, 0xf5, 0x08, 0xf5, 0x08, 0xf5, 0x00, 0x00, 0x00, 0x00, 0x00, 0x00, 0x00, 0x00, 0x00, 0x00, 0x00, 0x00, 0x00, 0x00, 0x00, 0x00,
  0x00, 0x00, 0x00, 0x00, 0x00, 0x00, 0x00, 0x00, 0x00, 0x00, 0x00, 0x00, 0x00, 0x00, 0x00, 0x00, 0x00, 0x00, 0x00, 0x00, 0x00, 0x00, 0x08, 0xf5,
  0x08, 0xf5, 0x08, 0xf5, 0x08, 0xf5, 0x08, 0xf5, 0x08, 0xf5, 0x08, 0xf5, 0x08, 0xf5, 0x00, 0x00, 0x08, 0xf5, 0x00, 0x00, 0x00, 0x00, 0x00, 0x00,
  0x00, 0x00, 0x00, 0x00, 0x00, 0x00, 0x00, 0x00, 0x00, 0x00, 0x00, 0x00, 0x00, 0x00, 0x00, 0x00, 0x00, 0x00, 0x00, 0x00, 0x00, 0x00, 0x00, 0x00,
  0x08, 0xf5, 0x08, 0xf5, 0x08, 0xf5, 0x08, 0xf5, 0x08, 0xf5, 0x08, 0xf5, 0x08, 0xf5, 0x08, 0xf5, 0x08, 0xf5, 0x00, 0x00, 0x08, 0xf5, 0x08, 0xf5,
  0x00, 0x00, 0x00, 0x00, 0x00, 0x00, 0x00, 0x00, 0x00, 0x00, 0x08, 0xf5, 0x08, 0xf5, 0x08, 0xf5, 0x08, 0xf5, 0x08, 0xf5, 0x08, 0xf5, 0x08, 0xf5,
  0x08, 0xf5, 0x00, 0x00, 0x08, 0xf5, 0x08, 0xf5, 0x08, 0xf5, 0x08, 0xf5, 0x08, 0xf5, 0x08, 0xf5, 0xc2, 0x18, 0x08, 0xf5, 0x08, 0xf5, 0x00, 0x00,
  0x00, 0x00, 0x08, 0xf5, 0x08, 0xf5, 0x00, 0x00, 0x00, 0x00, 0x08, 0xf5, 0x43, 0xc3, 0x08, 0xf5, 0x08, 0xf5, 0x08, 0xf5, 0x43, 0xc3, 0x08, 0xf5,
  0x08, 0xf5, 0x08, 0xf5, 0x43, 0xc3, 0x08, 0xf5, 0x08, 0xf5, 0x08, 0xf5, 0x08, 0xf5, 0x08, 0xf5, 0x08, 0xf5, 0x08, 0xf5, 0x08, 0xf5, 0x08, 0xf5,
  0x74, 0xfc, 0x00, 0x00, 0x00, 0x00, 0x00, 0x00, 0x08, 0xf5, 0x08, 0xf5, 0x08, 0xf5, 0x08, 0xf5, 0x43, 0xc3, 0x08, 0xf5, 0x08, 0xf5, 0x08, 0xf5,
  0x43, 0xc3, 0x08, 0xf5, 0x08, 0xf5, 0x08, 0xf5, 0x43, 0xc3, 0x08, 0xf5, 0x08, 0xf5, 0x08, 0xf5, 0x08, 0xf5, 0x08, 0xf5, 0x08, 0xf5, 0x08, 0xf5,
  0x08, 0xf5, 0x08, 0xf5, 0x08, 0xf5, 0x00, 0x00, 0x00, 0x00, 0x00, 0x00, 0x00, 0x00, 0x08, 0xf5, 0x08, 0xf5, 0x08, 0xf5, 0x43, 0xc3, 0x08, 0xf5,
  0x08, 0xf5, 0x08, 0xf5, 0x43, 0xc3, 0x08, 0xf5, 0x08, 0xf5, 0x08, 0xf5, 0x43, 0xc3, 0x08, 0xf5, 0x08, 0xf5, 0x08, 0xf5, 0x08, 0xf5, 0x08, 0xf5,
  0x08, 0xf5, 0x08, 0xf5, 0x08, 0xf5, 0x08, 0xf5, 0x00, 0x00, 0x00, 0x00, 0x00, 0x00, 0x00, 0x00, 0x00, 0x00, 0x08, 0xf5, 0x08, 0xf5, 0x08, 0xf5,
  0x08, 0xf5, 0x08, 0xf5, 0x08, 0xf5, 0x08, 0xf5, 0x08, 0xf5, 0x08, 0xf5, 0x08, 0xf5, 0x08, 0xf5, 0x08, 0xf5, 0x08, 0xf5, 0x08, 0xf5, 0x08, 0xf5,
  0x08, 0xf5, 0x08, 0xf5, 0x08, 0xf5, 0x08, 0xf5, 0x00, 0x00, 0x00, 0x00, 0x00, 0x00, 0x00, 0x00, 0x00, 0x00, 0x00, 0x00, 0x00, 0x00, 0x00, 0x00,
  0x00, 0x00, 0x43, 0xc3, 0x08, 0xf5, 0xb4, 0xfe, 0x43, 0xc3, 0xb4, 0xfe, 0xb4, 0xfe, 0xb4, 0xfe, 0xb4, 0xfe, 0xb4, 0xfe, 0x08, 0xf5, 0xb4, 0xfe,
  0x08, 0xf5, 0x08, 0xf5, 0x00, 0x00, 0x00, 0x00, 0x00, 0x00, 0x00, 0x00, 0x00, 0x00, 0x00, 0x00, 0x00, 0x00, 0x00, 0x00, 0x00, 0x00, 0x00, 0x00,
  0x00, 0x00, 0x00, 0x00, 0x00, 0x00, 0x00, 0x00, 0x43, 0xc3, 0x08, 0xf5, 0x43, 0xc3, 0x08, 0xf5, 0x08, 0xf5, 0x08, 0xf5, 0x08, 0xf5, 0x08, 0xf5,
  0x08, 0xf5, 0x00, 0x00, 0x00, 0x00, 0x00, 0x00, 0x08, 0xf5, 0x00, 0x00, 0x00, 0x00, 0x00, 0x00, 0x00, 0x00, 0x00, 0x00, 0x00, 0x00, 0x00, 0x00,
  0x00, 0x00, 0x00, 0x00, 0x00, 0x00, 0x00, 0x00, 0x00, 0x00, 0x00, 0x00, 0x43, 0xc3, 0x00, 0x00, 0x00, 0x00, 0x43, 0xc3, 0x00, 0x00, 0x00, 0x00,
  0x00, 0x00, 0x00, 0x00, 0x00, 0x00, 0x08, 0xf5, 0x00, 0x00, 0x00, 0x00, 0x08, 0xf5, 0x00, 0x00, 0x00, 0x00, 0x00, 0x00, 0x00, 0x00, 0x00, 0x00,
  0x00, 0x00, 0x00, 0x00, 0x00, 0x00, 0x00, 0x00, 0x00, 0x00, 0x00, 0x00, 0x00, 0x00, 0x00, 0x00, 0x00, 0x00, 0x43, 0xc3, 0x00, 0x00, 0x43, 0xc3,
  0x00, 0x00, 0x00, 0x00, 0x00, 0x00, 0x00, 0x00, 0x00, 0x00, 0x08, 0xf5, 0x00, 0x00, 0x00, 0x00, 0x00, 0x00, 0x08, 0xf5, 0x00, 0x00, 0x00, 0x00,
  0x00, 0x00, 0x00, 0x00, 0x00, 0x00, 0x00, 0x00, 0x00, 0x00, 0x00, 0x00, 0x00, 0x00, 0x00, 0x00, 0x00, 0x00, 0x00, 0x00, 0x00, 0x00, 0x43, 0xc3,
  0x00, 0x00, 0x43, 0xc3, 0x00, 0x00, 0x00, 0x00, 0x00, 0x00, 0x00, 0x00, 0x00, 0x00, 0x08, 0xf5, 0x00, 0x00, 0x00, 0x00, 0x00, 0x00, 0x08, 0xf5,
  0x00, 0x00, 0x00, 0x00, 0x00, 0x00, 0x00, 0x00, 0x00, 0x00, 0x00, 0x00, 0x00, 0x00, 0x00, 0x00, 0x00, 0x00, 0x00, 0x00, 0x00, 0x00, 0x00, 0x00,
  0x00, 0x00, 0x43, 0xc3, 0x00, 0x00, 0x43, 0xc3, 0x00, 0x00, 0x00, 0x00, 0x00, 0x00, 0x00, 0x00, 0x00, 0x00, 0x43, 0xc3, 0x00, 0x00, 0x00, 0x00,
  0x00, 0x00, 0x43, 0xc3, 0x00, 0x00, 0x00, 0x00, 0x00, 0x00, 0x00, 0x00, 0x00, 0x00, 0x00, 0x00, 0x00, 0x00, 0x00, 0x00, 0x00, 0x00, 0x00, 0x00,
  0x00, 0x00, 0x00, 0x00, 0x00, 0x00, 0x00, 0x00, 0x00, 0x00, 0xff, 0x00, 0x00, 0x00, 0x00, 0xff, 0x00, 0x00, 0x00, 0x00, 0x00, 0x00, 0x00, 0x00,
  0x00, 0x00, 0x00, 0x00, 0x00, 0x00, 0x00, 0x00, 0x00, 0x00, 0x00, 0x00, 0xff, 0xff, 0x00, 0x00, 0xff, 0xff, 0x00, 0x00, 0x00, 0x00, 0x00, 0x00,
  0x00, 0x00, 0x00, 0x00, 0x00, 0x00, 0x00, 0x00, 0x00, 0x00, 0x00, 0x00, 0x00, 0xff, 0xff, 0xff, 0xff, 0xff, 0xff, 0xff, 0x00, 0x00, 0x00, 0x00,
  0x00, 0x00, 0x00, 0x00, 0x00, 0x00, 0x00, 0x00, 0x00, 0x00, 0x00, 0x00, 0x00, 0x00, 0x00, 0xff, 0xff, 0xff, 0xff, 0xff, 0xff, 0xff, 0xff, 0x00,
  0xff, 0x00, 0x00, 0x00, 0x00, 0x00, 0x00, 0x00, 0x00, 0x00, 0x00, 0x00, 0x00, 0x00, 0x00, 0x00, 0xff, 0xff, 0xff, 0xff, 0xff, 0xff, 0xff, 0xff,
  0xff, 0x00, 0xff, 0xff, 0x00, 0x00, 0x00, 0x00, 0x00, 0xff, 0xff, 0xff, 0xff, 0xff, 0xff, 0xff, 0xff, 0x00, 0xff, 0xff, 0xff, 0xff, 0xff, 0xff,
  0xff, 0xff, 0xff, 0x00, 0x00, 0xff, 0xff, 0x00, 0x00, 0xff, 0xff, 0xff, 0xff, 0xff, 0xff, 0xff, 0xff, 0xff, 0xff, 0xff, 0xff, 0xff, 0xff, 0xff,
  0xff, 0xff, 0xff, 0xff, 0xff, 0x00, 0x00, 0x00, 0xff, 0xff, 0xff, 0xff, 0xff, 0xff, 0xff, 0xff, 0xff, 0xff, 0xff, 0xff, 0xff, 0xff, 0xff, 0xff,
  0xff, 0xff, 0xff, 0xff, 0xff, 0xff, 0xff, 0x00, 0x00, 0x00, 0x00, 0xff, 0xff, 0xff, 0xff, 0xff, 0xff, 0xff, 0xff, 0xff, 0xff, 0xff, 0xff, 0xff,
  0xff, 0xff, 0xff, 0xff, 0xff, 0xff, 0xff, 0xff, 0x00, 0x00, 0x00, 0x00, 0x00, 0xff, 0xff, 0xff, 0xff, 0xff, 0xff, 0xff, 0xff, 0xff, 0xff, 0xff,
  0xff, 0xff, 0xff, 0xff, 0xff, 0xff, 0xff, 0xff, 0x00, 0x00, 0x00, 0x00, 0x00, 0x00, 0x00, 0x00, 0x00, 0xff, 0xff, 0xff, 0xff, 0xff, 0xff, 0xff,
  0xff, 0xff, 0xff, 0xff, 0xff, 0xff, 0x00, 0x00, 0x00, 0x00, 0x00, 0x00, 0x00, 0x00, 0x00, 0x00, 0x00, 0x00, 0x00, 0x00, 0xff, 0xff, 0xff, 0xff,
  0xff, 0xff, 0xff, 0xff, 0xff, 0x00, 0x00, 0x00, 0xff, 0x00, 0x00, 0x00, 0x00, 0x00, 0x00, 0x00, 0x00, 0x00, 0x00, 0x00, 0x00, 0x00, 0xff, 0x00,
  0x00, 0xff, 0x00, 0x00, 0x00, 0x00, 0x00, 0xff, 0x00, 0x00, 0xff, 0x00, 0x00, 0x00, 0x00, 0x00, 0x00, 0x00, 0x00, 0x00, 0x00, 0x00, 0x00, 0x00,
  0x00, 0xff, 0x00, 0xff, 0x00, 0x00, 0x00, 0x00, 0x00, 0xff, 0x00, 0x00, 0x00, 0xff, 0x00, 0x00, 0x00, 0x00, 0x00, 0x00, 0x00, 0x00, 0x00, 0x00,
  0x00, 0x00, 0x00, 0xff, 0x00, 0xff, 0x00, 0x00, 0x00, 0x00, 0x00, 0xff, 0x00, 0x00, 0x00, 0xff, 0x00, 0x00, 0x00, 0x00, 0x00, 0x00, 0x00, 0x00,
  0x00, 0x00, 0x00, 0x00, 0x00, 0xff, 0x00, 0xff, 0x00, 0x00, 0x00, 0x00, 0x00, 0xff, 0x00, 0x00, 0x00, 0xff, 0x00, 0x00, 0x00, 0x00, 0x00, 0x00,
};
static const lv_image_dsc_t spr_cat_run_r0 = {
    .header = {.magic = LV_IMAGE_HEADER_MAGIC, .cf = LV_COLOR_FORMAT_RGB565A8, .flags = 0,
               .w = 26, .h = 16, .stride = 52, .reserved_2 = 0},
    .data_size = sizeof(spr_cat_run_r0_px),
    .data = spr_cat_run_r0_px,
    .reserved = nullptr,
};

static const uint8_t spr_cat_run_l0_px[] = {
  0x00, 0x00, 0x00, 0x00, 0x08, 0xf5, 0x00, 0x00, 0x00, 0x00, 0x00, 0x00, 0x00, 0x00, 0x08, 0xf5, 0x00, 0x00, 0x00, 0x00, 0x00, 0x00, 0x00, 0x00,
  0x00, 0x00, 0x00, 0x00, 0x00, 0x00, 0x00, 0x00, 0x00, 0x00, 0x00, 0x00, 0x00, 0x00, 0x00, 0x00, 0x00, 0x00, 0x00, 0x00, 0x00, 0x00, 0x00, 0x00,
  0x00, 0x00, 0x00, 0x00, 0x00, 0x00, 0x00, 0x00, 0x08, 0xf5, 0x08, 0xf5, 0x00, 0x00, 0x00, 0x00, 0x08, 0xf5, 0x08, 0xf5, 0x00, 0x00, 0x00, 0x00,
  0x00, 0x00, 0x00, 0x00, 0x00, 0x00, 0x00, 0x00, 0x00, 0x00, 0x00, 0x00, 0x00, 0x00, 0x00, 0x00, 0x00, 0x00, 0x00, 0x00, 0x00, 0x00, 0x00, 0x00,
  0x00, 0x00, 0x00, 0x00, 0x00, 0x00, 0x00, 0x00, 0x00, 0x00, 0x00, 0x00, 0x08, 0xf5, 0x08, 0xf5, 0x08, 0xf5, 0x08, 0xf5, 0x08, 0xf5, 0x08, 0xf5,
  0x08, 0xf5, 0x00, 0x00, 0x00, 0x00, 0x00, 0x00, 0x00, 0x00, 0x00, 0x00, 0x00, 0x00, 0x00, 0x00, 0x00, 0x00, 0x00, 0x00, 0x00, 0x00, 0x00, 0x00,
  0x00, 0x00, 0x00, 0x00, 0x00, 0x00, 0x00, 0x00, 0x00, 0x00, 0x00, 0x00, 0x00, 0x00, 0x08, 0xf5, 0x08, 0xf5, 0x08, 0xf5, 0x08, 0xf5, 0x08, 0xf5,
  0x08, 0xf5, 0x08, 0xf5, 0x08, 0xf5, 0x00, 0x00, 0x00, 0x00, 0x00, 0x00, 0x00, 0x00, 0x00, 0x00, 0x00, 0x00, 0x00, 0x00, 0x00, 0x00, 0x00, 0x00,
  0x00, 0x00, 0x00, 0x00, 0x00, 0x00, 0x00, 0x00, 0x00, 0x00, 0x00, 0x00, 0x00, 0x00, 0x00, 0x00, 0x00, 0x00, 0x08, 0xf5, 0x08, 0xf5, 0x08, 0xf5,
  0x08, 0xf5, 0x08, 0xf5, 0x08, 0xf5, 0x08, 0xf5, 0x08, 0xf5, 0x08, 0xf5, 0x00, 0x00, 0x00, 0x00, 0x00, 0x00, 0x00, 0x00, 0x00, 0x00, 0x00, 0x00,
  0x00, 0x00, 0x00, 0x00, 0x00, 0x00, 0x00, 0x00, 0x00, 0x00, 0x00, 0x00, 0x00, 0x00, 0x00, 0x00, 0x00, 0x00, 0x08, 0xf5, 0x00, 0x00, 0x08, 0xf5,
  0x08, 0xf5, 0xc2, 0x18, 0x08, 0xf5, 0x08, 0xf5, 0x08, 0xf5, 0x08, 0xf5, 0x08, 0xf5, 0x08, 0xf5, 0x00, 0x00, 0x08, 0xf5, 0x08, 0xf5, 0x08, 0xf5,
  0x08, 0xf5, 0x08, 0xf5, 0x08, 0xf5, 0x08, 0xf5, 0x08, 0xf5, 0x00, 0x00, 0x00, 0x00, 0x00, 0x00, 0x00, 0x00, 0x00, 0x00, 0x08, 0xf5, 0x08, 0xf5,
  0x00, 0x00, 0x74, 0xfc, 0x08, 0xf5, 0x08, 0xf5, 0x08, 0xf5, 0x08, 0xf5, 0x08, 0xf5, 0x08, 0xf5, 0x08, 0xf5, 0x08, 0xf5, 0x08, 0xf5, 0x43, 0xc3,
  0x08, 0xf5, 0x08, 0xf5, 0x08, 0xf5, 0x43, 0xc3, 0x08, 0xf5, 0x08, 0xf5, 0x08, 0xf5, 0x43, 0xc3, 0x08, 0xf5, 0x00, 0x00, 0x00, 0x00, 0x08, 0xf5,
  0x08, 0xf5, 0x00, 0x00, 0x00, 0x00, 0x08, 0xf5, 0x08, 0xf5, 0x08, 0xf5, 0x08, 0xf5, 0x08, 0xf5, 0x08, 0xf5, 0x08, 0xf5, 0x08, 0xf5, 0x08, 0xf5,
  0x08, 0xf5, 0x43, 0xc3, 0x08, 0xf5, 0x08, 0xf5, 0x08, 0xf5, 0x43, 0xc3, 0x08, 0xf5, 0x08, 0xf5, 0x08, 0xf5, 0x43, 0xc3, 0x08, 0xf5, 0x08, 0xf5,
  0x08, 0xf5, 0x08, 0xf5, 0x00, 0x00, 0x00, 0x00, 0x00, 0x00, 0x00, 0x00, 0x08, 0xf5, 0x08, 0xf5, 0x08, 0xf5, 0x08, 0xf5, 0x08, 0xf5, 0x08, 0xf5,
  0x08, 0xf5, 0x08, 0xf5, 0x08, 0xf5, 0x43, 0xc3, 0x08, 0xf5, 0x08, 0xf5, 0x08, 0xf5, 0x43, 0xc3, 0x08, 0xf5, 0x08, 0xf5, 0x08, 0xf5, 0x43, 0xc3,
  0x08, 0xf5, 0x08, 0xf5, 0x08, 0xf5, 0x00, 0x00, 0x00, 0x00, 0x00, 0x00, 0x00, 0x00, 0x00, 0x00, 0x00, 0x00, 0x00, 0x00, 0x08, 0xf5, 0x08, 0xf5,
  0x08, 0xf5, 0x08, 0xf5, 0x08, 0xf5, 0x08, 0xf5, 0x08, 0xf5, 0x08, 0xf5, 0x08, 0xf5, 0x08, 0xf5, 0x08, 0xf5, 0x08, 0xf5, 0x08, 0xf5, 0x08, 0xf5,
  0x08, 0xf5, 0x08, 0xf5, 0x08, 0xf5, 0x08, 0xf5, 0x08, 0xf5, 0x00, 0x00, 0x00, 0x00, 0x00, 0x00, 0x00, 0x00, 0x00, 0x00, 0x00, 0x00, 0x00, 0x00,
  0x00, 0x00, 0x00, 0x00, 0x00, 0x00, 0x00, 0x00, 0x08, 0xf5, 0x08, 0xf5, 0xb4, 0xfe, 0x08, 0xf5, 0xb4, 0xfe, 0xb4, 0xfe, 0xb4, 0xfe, 0xb4, 0xfe,
  0xb4, 0xfe, 0x43, 0xc3, 0xb4, 0xfe, 0x08, 0xf5, 0x43, 0xc3, 0x00, 0x00, 0x00, 0x00, 0x00, 0x00, 0x00, 0x00, 0x00, 0x00, 0x00, 0x00, 0x00, 0x00,
  0x00, 0x00, 0x00, 0x00, 0x00, 0x00, 0x00, 0x00, 0x00, 0x00, 0x08, 0xf5, 0x00, 0x00, 0x00, 0x00, 0x00, 0x00, 0x08, 0xf5, 0x08, 0xf5, 0x08, 0xf5,
  0x08, 0xf5, 0x08, 0xf5, 0x08, 0xf5, 0x43, 0xc3, 0x08, 0xf5, 0x43, 0xc3, 0x00, 0x00, 0x00, 0x00, 0x00, 0x00, 0x00, 0x00, 0x00, 0x00, 0x00, 0x00,
  0x00, 0x00, 0x00, 0x00, 0x00, 0x00, 0x00, 0x00, 0x00, 0x00, 0x00, 0x00, 0x00, 0x00, 0x08, 0xf5, 0x00, 0x00, 0x00, 0x00, 0x08, 0xf5, 0x00, 0x00,
  0x00, 0x00, 0x00, 0x00, 0x00, 0x00, 0x00, 0x00, 0x43, 0xc3, 0x00, 0x00, 0x00, 0x00, 0x43, 0xc3, 0x00, 0x00, 0x00, 0x00, 0x00, 0x00, 0x00, 0x00,
  0x00, 0x00, 0x00, 0x00, 0x00, 0x00, 0x00, 0x00, 0x00, 0x00, 0x00, 0x00, 0x00, 0x00, 0x00, 0x00, 0x08, 0xf5, 0x00, 0x00, 0x00, 0x00, 0x00, 0x00,
  0x08, 0xf5, 0x00, 0x00, 0x00, 0x00, 0x00, 0x00, 0x00, 0x00, 0x00, 0x00, 0x43, 0xc3, 0x00, 0x00, 0x43, 0xc3, 0x00, 0x00, 0x00, 0x00, 0x00, 0x00,
  0x00, 0x00, 0x00, 0x00, 0x00, 0x00, 0x00, 0x00, 0x00, 0x00, 0x00, 0x00, 0x00, 0x00, 0x00, 0x00, 0x00, 0x00, 0x00, 0x00, 0x08, 0xf5, 0x00, 0x00,
  0x00, 0x00, 0x00, 0x00, 0x08, 0xf5, 0x00, 0x00, 0x00, 0x00, 0x00, 0x00, 0x00, 0x00, 0x00, 0x00, 0x43, 0xc3, 0x00, 0x00, 0x43, 0xc3, 0x00, 0x00,
  0x00, 0x00, 0x00, 0x00, 0x00, 0x00, 0x00, 0x00, 0x00, 0x00, 0x00, 0x00, 0x00, 0x00, 0x00, 0x00, 0x00, 0x00, 0x00, 0x00, 0x00, 0x00, 0x00, 0x00,
  0x43, 0xc3, 0x00, 0x00, 0x00, 0x00, 0x00, 0x00, 0x43, 0xc3, 0x00, 0x00, 0x00, 0x00, 0x00, 0x00, 0x00, 0x00, 0x00, 0x00, 0x43, 0xc3, 0x00, 0x00,
  0x43, 0xc3, 0x00, 0x00, 0x00, 0x00, 0x00, 0x00, 0x00, 0x00, 0x00, 0x00, 0x00, 0x00, 0x00, 0x00, 0x00, 0x00, 0xff, 0x00, 0x00, 0x00, 0x00, 0xff,
  0x00, 0x00, 0x00, 0x00, 0x00, 0x00, 0x00, 0x00, 0x00, 0x00, 0x00, 0x00, 0x00, 0x00, 0x00, 0x00, 0x00, 0x00, 0x00, 0x00, 0xff, 0xff, 0x00, 0x00,
  0xff, 0xff, 0x00, 0x00, 0x00, 0x00, 0x00, 0x00, 0x00, 0x00, 0x00, 0x00, 0x00, 0x00, 0x00, 0x00, 0x00, 0x00, 0x00, 0x00, 0x00, 0x00, 0xff, 0xff,
  0xff, 0xff, 0xff, 0xff, 0xff, 0x00, 0x00, 0x00, 0x00, 0x00, 0x00, 0x00, 0x00, 0x00, 0x00, 0x00, 0x00, 0x00, 0x00, 0x00, 0x00, 0x00, 0x00, 0xff,
  0xff, 0xff, 0xff, 0xff, 0xff, 0xff, 0xff, 0x00, 0x00, 0x00, 0x00, 0x00, 0x00, 0x00, 0x00, 0x00, 0x00, 0x00, 0x00, 0x00, 0x00, 0x00, 0x00, 0x00,
  0x00, 0xff, 0xff, 0xff, 0xff, 0xff, 0xff, 0xff, 0xff, 0xff, 0x00, 0x00, 0x00, 0x00, 0x00, 0x00, 0x00, 0x00, 0x00, 0x00, 0x00, 0x00, 0x00, 0x00,
  0x00, 0xff, 0x00, 0xff, 0xff, 0xff, 0xff, 0xff, 0xff, 0xff, 0xff, 0xff, 0x00, 0xff, 0xff, 0xff, 0xff, 0xff, 0xff, 0xff, 0xff, 0x00, 0x00, 0x00,
  0x00, 0x00, 0xff, 0xff, 0x00, 0xff, 0xff, 0xff, 0xff, 0xff, 0xff, 0xff, 0xff, 0xff, 0xff, 0xff, 0xff, 0xff, 0xff, 0xff, 0xff, 0xff, 0xff, 0xff,
  0xff, 0x00, 0x00, 0xff, 0xff, 0x00, 0x00, 0xff, 0xff, 0xff, 0xff, 0xff, 0xff, 0xff, 0xff, 0xff, 0xff, 0xff, 0xff, 0xff, 0xff, 0xff, 0xff, 0xff,
  0xff, 0xff, 0xff, 0xff, 0xff, 0xff, 0x00, 0x00, 0x00, 0x00, 0xff, 0xff, 0xff, 0xff, 0xff, 0xff, 0xff, 0xff, 0xff, 0xff, 0xff, 0xff, 0xff, 0xff,
  0xff, 0xff, 0xff, 0xff, 0xff, 0xff, 0xff, 0x00, 0x00, 0x00, 0x00, 0x00, 0x00, 0x00, 0xff, 0xff, 0xff, 0xff, 0xff, 0xff, 0xff, 0xff, 0xff, 0xff,
  0xff, 0xff, 0xff, 0xff, 0xff, 0xff, 0xff, 0xff, 0xff, 0x00, 0x00, 0x00, 0x00, 0x00, 0x00, 0x00, 0x00, 0x00, 0x00, 0x00, 0xff, 0xff, 0xff, 0xff,
  0xff, 0xff, 0xff, 0xff, 0xff, 0xff, 0xff, 0xff, 0xff, 0x00, 0x00, 0x00, 0x00, 0x00, 0x00, 0x00, 0x00, 0x00, 0x00, 0x00, 0x00, 0xff, 0x00, 0x00,
  0x00, 0xff, 0xff, 0xff, 0xff, 0xff, 0xff, 0xff, 0xff, 0xff, 0x00, 0x00, 0x00, 0x00, 0x00, 0x00, 0x00, 0x00, 0x00, 0x00, 0x00, 0x00, 0x00, 0xff,
  0x00, 0x00, 0xff, 0x00, 0x00, 0x00, 0x00, 0x00, 0xff, 0x00, 0x00, 0xff, 0x00, 0x00, 0x00, 0x00, 0x00, 0x00, 0x00, 0x00, 0x00, 0x00, 0x00, 0x00,
  0xff, 0x00, 0x00, 0x00, 0xff, 0x00, 0x00, 0x00, 0x00, 0x00, 0xff, 0x00, 0xff, 0x00, 0x00, 0x00, 0x00, 0x00, 0x00, 0x00, 0x00, 0x00, 0x00, 0x00,
  0x00, 0x00, 0xff, 0x00, 0x00, 0x00, 0xff, 0x00, 0x00, 0x00, 0x00, 0x00, 0xff, 0x00, 0xff, 0x00, 0x00, 0x00, 0x00, 0x00, 0x00, 0x00, 0x00, 0x00,
  0x00, 0x00, 0x00, 0x00, 0xff, 0x00, 0x00, 0x00, 0xff, 0x00, 0x00, 0x00, 0x00, 0x00, 0xff, 0x00, 0xff, 0x00, 0x00, 0x00, 0x00, 0x00, 0x00, 0x00,
};
static const lv_image_dsc_t spr_cat_run_l0 = {
    .header = {.magic = LV_IMAGE_HEADER_MAGIC, .cf = LV_COLOR_FORMAT_RGB565A8, .flags = 0,
               .w = 26, .h = 16, .stride = 52, .reserved_2 = 0},
    .data_size = sizeof(spr_cat_run_l0_px),
    .data = spr_cat_run_l0_px,
    .reserved = nullptr,
};

static const uint8_t spr_cat_run_r1_px[] = {
  0x00, 0x00, 0x00, 0x00, 0x00, 0x00, 0x00, 0x00, 0x00, 0x00, 0x00, 0x00, 0x00, 0x00, 0x00, 0x00, 0x00, 0x00, 0x00, 0x00, 0x00, 0x00, 0x00, 0x00,
  0x00, 0x00, 0x00, 0x00, 0x00, 0x00, 0x00, 0x00, 0x00, 0x00, 0x00, 0x00, 0x08, 0xf5, 0x08, 0xf5, 0x00, 0x00, 0x00, 0x00, 0x08, 0xf5, 0x08, 0xf5,
  0x00, 0x00, 0x00, 0x00, 0x00, 0x00, 0x00, 0x00, 0x00, 0x00, 0x00, 0x00, 0x00, 0x00, 0x00, 0x00, 0x00, 0x00, 0x00, 0x00, 0x00, 0x00, 0x00, 0x00,
  0x00, 0x00, 0x00, 0x00, 0x00, 0x00, 0x00, 0x00, 0x00, 0x00, 0x00, 0x00, 0x00, 0x00, 0x08, 0xf5, 0x08, 0xf5, 0x08, 0xf5, 0x08, 0xf5, 0x08, 0xf5,
  0x08, 0xf5, 0x08, 0xf5, 0x00, 0x00, 0x00, 0x00, 0x00, 0x00, 0x00, 0x00, 0x00, 0x00, 0x00, 0x00, 0x00, 0x00, 0x00, 0x00, 0x00, 0x00, 0x00, 0x00,
  0x00, 0x00, 0x00, 0x00, 0x00, 0x00, 0x00, 0x00, 0x00, 0x00, 0x00, 0x00, 0x00, 0x00, 0x00, 0x00, 0x00, 0x00, 0x08, 0xf5, 0x08, 0xf5, 0x08, 0xf5,
  0x08, 0xf5, 0x08, 0xf5, 0x08, 0xf5, 0x08, 0xf5, 0x08, 0xf5, 0x00, 0x00, 0x00, 0x00, 0x00, 0x00, 0x00, 0x00, 0x00, 0x00, 0x00, 0x00, 0x00, 0x00,
  0x00, 0x00, 0x00, 0x00, 0x00, 0x00, 0x00, 0x00, 0x00, 0x00, 0x00, 0x00, 0x00, 0x00, 0x00, 0x00, 0x00, 0x00, 0x00, 0x00, 0x08, 0xf5, 0x08, 0xf5,
  0x08, 0xf5, 0x08, 0xf5, 0x08, 0xf5, 0x08, 0xf5, 0x08, 0xf5, 0x08, 0xf5, 0x08, 0xf5, 0x00, 0x00, 0x00, 0x00, 0x00, 0x00, 0x00, 0x00, 0x00, 0x00,
  0x00, 0x00, 0x00, 0x00, 0x00, 0x00, 0x08, 0xf5, 0x08, 0xf5, 0x08, 0xf5, 0x08, 0xf5, 0x08, 0xf5, 0x08, 0xf5, 0x08, 0xf5, 0x08, 0xf5, 0x00, 0x00,
  0x08, 0xf5, 0x08, 0xf5, 0x08, 0xf5, 0x08, 0xf5, 0x08, 0xf5, 0x08, 0xf5, 0xc2, 0x18, 0x08, 0xf5, 0x08, 0xf5, 0x00, 0x00, 0x00, 0x00, 0x00, 0x00,
  0x00, 0x00, 0x00, 0x00, 0x00, 0x00, 0x08, 0xf5, 0x43, 0xc3, 0x08, 0xf5, 0x08, 0xf5, 0x08, 0xf5, 0x43, 0xc3, 0x08, 0xf5, 0x08, 0xf5, 0x08, 0xf5,
  0x43, 0xc3, 0x08, 0xf5, 0x08, 0xf5, 0x08, 0xf5, 0x08, 0xf5, 0x08, 0xf5, 0x08, 0xf5, 0x08, 0xf5, 0x08, 0xf5, 0x08, 0xf5, 0x74, 0xfc, 0x00, 0x00,
  0x08, 0xf5, 0x08, 0xf5, 0x08, 0xf5, 0x08, 0xf5, 0x08, 0xf5, 0x08, 0xf5, 0x43, 0xc3, 0x08, 0xf5, 0x08, 0xf5, 0x08, 0xf5, 0x43, 0xc3, 0x08, 0xf5,
  0x08, 0xf5, 0x08, 0xf5, 0x43, 0xc3, 0x08, 0xf5, 0x08, 0xf5, 0x08, 0xf5, 0x08, 0xf5, 0x08, 0xf5, 0x08, 0xf5, 0x08, 0xf5, 0x08, 0xf5, 0x08, 0xf5,
  0x08, 0xf5, 0x00, 0x00, 0x08, 0xf5, 0x08, 0xf5, 0x08, 0xf5, 0x08, 0xf5, 0x08, 0xf5, 0x08, 0xf5, 0x43, 0xc3, 0x08, 0xf5, 0x08, 0xf5, 0x08, 0xf5,
  0x43, 0xc3, 0x08, 0xf5, 0x08, 0xf5, 0x08, 0xf5, 0x43, 0xc3, 0x08, 0xf5, 0x08, 0xf5, 0x08, 0xf5, 0x08, 0xf5, 0x08, 0xf5, 0x08, 0xf5, 0x08, 0xf5,
  0x08, 0xf5, 0x08, 0xf5, 0x00, 0x00, 0x00, 0x00, 0x00, 0x00, 0x00, 0x00, 0x00, 0x00, 0x08, 0xf5, 0x08, 0xf5, 0x08, 0xf5, 0x08, 0xf5, 0x08, 0xf5,
  0x08, 0xf5, 0x08, 0xf5, 0x08, 0xf5, 0x08, 0xf5, 0x08, 0xf5, 0x08, 0xf5, 0x08, 0xf5, 0x08, 0xf5, 0x08, 0xf5, 0x08, 0xf5, 0x08, 0xf5, 0x08, 0xf5,
  0x08, 0xf5, 0x08, 0xf5, 0x00, 0x00, 0x00, 0x00, 0x00, 0x00, 0x00, 0x00, 0x00, 0x00, 0x00, 0x00, 0x00, 0x00, 0x00, 0x00, 0x00, 0x00, 0x08, 0xf5,
  0x43, 0xc3, 0xb4, 0xfe, 0x43, 0xc3, 0xb4, 0xfe, 0xb4, 0xfe, 0xb4, 0xfe, 0xb4, 0xfe, 0xb4, 0xfe, 0xb4, 0xfe, 0x08, 0xf5, 0x08, 0xf5, 0x00, 0x00,
  0x00, 0x00, 0x00, 0x00, 0x00, 0x00, 0x00, 0x00, 0x00, 0x00, 0x00, 0x00, 0x00, 0x00, 0x00, 0x00, 0x00, 0x00, 0x00, 0x00, 0x00, 0x00, 0x00, 0x00,
  0x00, 0x00, 0x00, 0x00, 0x43, 0xc3, 0x08, 0xf5, 0x43, 0xc3, 0x08, 0xf5, 0x08, 0xf5, 0x08, 0xf5, 0x08, 0xf5, 0x08, 0xf5, 0x08, 0xf5, 0x08, 0xf5,
  0x08, 0xf5, 0x00, 0x00, 0x00, 0x00, 0x00, 0x00, 0x00, 0x00, 0x00, 0x00, 0x00, 0x00, 0x00, 0x00, 0x00, 0x00, 0x00, 0x00, 0x00, 0x00, 0x00, 0x00,
  0x00, 0x00, 0x00, 0x00, 0x00, 0x00, 0x00, 0x00, 0x43, 0xc3, 0x00, 0x00, 0x43, 0xc3, 0x00, 0x00, 0x00, 0x00, 0x00, 0x00, 0x00, 0x00, 0x00, 0x00,
  0x00, 0x00, 0x08, 0xf5, 0x08, 0xf5, 0x00, 0x00, 0x00, 0x00, 0x00, 0x00, 0x00, 0x00, 0x00, 0x00, 0x00, 0x00, 0x00, 0x00, 0x00, 0x00, 0x00, 0x00,
  0x00, 0x00, 0x00, 0x00, 0x00, 0x00, 0x00, 0x00, 0x00, 0x00, 0x00, 0x00, 0x43, 0xc3, 0x00, 0x00, 0x43, 0xc3, 0x00, 0x00, 0x00, 0x00, 0x00, 0x00,
  0x00, 0x00, 0x00, 0x00, 0x00, 0x00, 0x08, 0xf5, 0x08, 0xf5, 0x00, 0x00, 0x00, 0x00, 0x00, 0x00, 0x00, 0x00, 0x00, 0x00, 0x00, 0x00, 0x00, 0x00,
  0x00, 0x00, 0x00, 0x00, 0x00, 0x00, 0x00, 0x00, 0x00, 0x00, 0x00, 0x00, 0x00, 0x00, 0x00, 0x00, 0x43, 0xc3, 0x00, 0x00, 0x43, 0xc3, 0x00, 0x00,
  0x00, 0x00, 0x00, 0x00, 0x00, 0x00, 0x00, 0x00, 0x00, 0x00, 0x08, 0xf5, 0x08, 0xf5, 0x00, 0x00, 0x00, 0x00, 0x00, 0x00, 0x00, 0x00, 0x00, 0x00,
  0x00, 0x00, 0x00, 0x00, 0x00, 0x00, 0x00, 0x00, 0x00, 0x00, 0x00, 0x00, 0x00, 0x00, 0x00, 0x00, 0x00, 0x00, 0x00, 0x00, 0x43, 0xc3, 0x00, 0x00,
  0x43, 0xc3, 0x00, 0x00, 0x00, 0x00, 0x00, 0x00, 0x00, 0x00, 0x00, 0x00, 0x00, 0x00, 0x08, 0xf5, 0x08, 0xf5, 0x00, 0x00, 0x00, 0x00, 0x00, 0x00,
  0x00, 0x00, 0x00, 0x00, 0x00, 0x00, 0x00, 0x00, 0x00, 0x00, 0x00, 0x00, 0x00, 0x00, 0x00, 0x00, 0x00, 0x00, 0x00, 0x00, 0x00, 0x00, 0x00, 0x00,
  0x43, 0xc3, 0x00, 0x00, 0x43, 0xc3, 0x00, 0x00, 0x00, 0x00, 0x00, 0x00, 0x00, 0x00, 0x00, 0x00, 0x00, 0x00, 0x43, 0xc3, 0x43, 0xc3, 0x00, 0x00,
  0x00, 0x00, 0x00, 0x00, 0x00, 0x00, 0x00, 0x00, 0x00, 0x00, 0x00, 0x00, 0x00, 0x00, 0x00, 0x00, 0x00, 0x00, 0x00, 0x00, 0x00, 0x00, 0x00, 0x00,
  0x00, 0x00, 0x00, 0x00, 0x00, 0x00, 0x00, 0x00, 0x00, 0x00, 0xff, 0xff, 0x00, 0x00, 0xff, 0xff, 0x00, 0x00, 0x00, 0x00, 0x00, 0x00, 0x00, 0x00,
  0x00, 0x00, 0x00, 0x00, 0x00, 0x00, 0x00, 0x00, 0x00, 0x00, 0x00, 0xff, 0xff, 0xff, 0xff, 0xff, 0xff, 0xff, 0x00, 0x00, 0x00, 0x00, 0x00, 0x00,
  0x00, 0x00, 0x00, 0x00, 0x00, 0x00, 0x00, 0x00, 0x00, 0x00, 0x00, 0x00, 0x00, 0xff, 0xff, 0xff, 0xff, 0xff, 0xff, 0xff, 0xff, 0x00, 0x00, 0x00,
  0x00, 0x00, 0x00, 0x00, 0x00, 0x00, 0x00, 0x00, 0x00, 0x00, 0x00, 0x00, 0x00, 0x00, 0xff, 0xff, 0xff, 0xff, 0xff, 0xff, 0xff, 0xff, 0xff, 0x00,
  0x00, 0x00, 0x00, 0x00, 0x00, 0x00, 0x00, 0xff, 0xff, 0xff, 0xff, 0xff, 0xff, 0xff, 0xff, 0x00, 0xff, 0xff, 0xff, 0xff, 0xff, 0xff, 0xff, 0xff,
  0xff, 0x00, 0x00, 0x00, 0x00, 0x00, 0x00, 0xff, 0xff, 0xff, 0xff, 0xff, 0xff, 0xff, 0xff, 0xff, 0xff, 0xff, 0xff, 0xff, 0xff, 0xff, 0xff, 0xff,
  0xff, 0xff, 0xff, 0x00, 0xff, 0xff, 0xff, 0xff, 0xff, 0xff, 0xff, 0xff, 0xff, 0xff, 0xff, 0xff, 0xff, 0xff, 0xff, 0xff, 0xff, 0xff, 0xff, 0xff,
  0xff, 0xff, 0xff, 0xff, 0xff, 0x00, 0xff, 0xff, 0xff, 0xff, 0xff, 0xff, 0xff, 0xff, 0xff, 0xff, 0xff, 0xff, 0xff, 0xff, 0xff, 0xff, 0xff, 0xff,
  0xff, 0xff, 0xff, 0xff, 0xff, 0xff, 0x00, 0x00, 0x00, 0x00, 0x00, 0xff, 0xff, 0xff, 0xff, 0xff, 0xff, 0xff, 0xff, 0xff, 0xff, 0xff, 0xff, 0xff,
  0xff, 0xff, 0xff, 0xff, 0xff, 0xff, 0x00, 0x00, 0x00, 0x00, 0x00, 0x00, 0x00, 0x00, 0x00, 0xff, 0xff, 0xff, 0xff, 0xff, 0xff, 0xff, 0xff, 0xff,
  0xff, 0xff, 0xff, 0x00, 0x00, 0x00, 0x00, 0x00, 0x00, 0x00, 0x00, 0x00, 0x00, 0x00, 0x00, 0x00, 0x00, 0x00, 0xff, 0xff, 0xff, 0xff, 0xff, 0xff,
  0xff, 0xff, 0xff, 0xff, 0xff, 0x00, 0x00, 0x00, 0x00, 0x00, 0x00, 0x00, 0x00, 0x00, 0x00, 0x00, 0x00, 0x00, 0x00, 0x00, 0xff, 0x00, 0xff, 0x00,
  0x00, 0x00, 0x00, 0x00, 0x00, 0xff, 0xff, 0x00, 0x00, 0x00, 0x00, 0x00, 0x00, 0x00, 0x00, 0x00, 0x00, 0x00, 0x00, 0x00, 0x00, 0x00, 0xff, 0x00,
  0xff, 0x00, 0x00, 0x00, 0x00, 0x00, 0x00, 0xff, 0xff, 0x00, 0x00, 0x00, 0x00, 0x00, 0x00, 0x00, 0x00, 0x00, 0x00, 0x00, 0x00, 0x00, 0x00, 0x00,
  0xff, 0x00, 0xff, 0x00, 0x00, 0x00, 0x00, 0x00, 0x00, 0xff, 0xff, 0x00, 0x00, 0x00, 0x00, 0x00, 0x00, 0x00, 0x00, 0x00, 0x00, 0x00, 0x00, 0x00,
  0x00, 0x00, 0xff, 0x00, 0xff, 0x00, 0x00, 0x00, 0x00, 0x00, 0x00, 0xff, 0xff, 0x00, 0x00, 0x00, 0x00, 0x00, 0x00, 0x00, 0x00, 0x00, 0x00, 0x00,
  0x00, 0x00, 0x00, 0x00, 0xff, 0x00, 0xff, 0x00, 0x00, 0x00, 0x00, 0x00, 0x00, 0xff, 0xff, 0x00, 0x00, 0x00, 0x00, 0x00, 0x00, 0x00, 0x00, 0x00,
};
static const lv_image_dsc_t spr_cat_run_r1 = {
    .header = {.magic = LV_IMAGE_HEADER_MAGIC, .cf = LV_COLOR_FORMAT_RGB565A8, .flags = 0,
               .w = 26, .h = 16, .stride = 52, .reserved_2 = 0},
    .data_size = sizeof(spr_cat_run_r1_px),
    .data = spr_cat_run_r1_px,
    .reserved = nullptr,
};

static const uint8_t spr_cat_run_l1_px[] = {
  0x00, 0x00, 0x00, 0x00, 0x08, 0xf5, 0x08, 0xf5, 0x00, 0x00, 0x00, 0x00, 0x08, 0xf5, 0x08, 0xf5, 0x00, 0x00, 0x00, 0x00, 0x00, 0x00, 0x00, 0x00,
  0x00, 0x00, 0x00, 0x00, 0x00, 0x00, 0x00, 0x00, 0x00, 0x00, 0x00, 0x00, 0x00, 0x00, 0x00, 0x00, 0x00, 0x00, 0x00, 0x00, 0x00, 0x00, 0x00, 0x00,
  0x00, 0x00, 0x00, 0x00, 0x00, 0x00, 0x00, 0x00, 0x08, 0xf5, 0x08, 0xf5, 0x08, 0xf5, 0x08, 0xf5, 0x08, 0xf5, 0x08, 0xf5, 0x08, 0xf5, 0x00, 0x00,
  0x00, 0x00, 0x00, 0x00, 0x00, 0x00, 0x00, 0x00, 0x00, 0x00, 0x00, 0x00, 0x00, 0x00, 0x00, 0x00, 0x00, 0x00, 0x00, 0x00, 0x00, 0x00, 0x00, 0x00,
  0x00, 0x00, 0x00, 0x00, 0x00, 0x00, 0x00, 0x00, 0x00, 0x00, 0x08, 0xf5, 0x08, 0xf5, 0x08, 0xf5, 0x08, 0xf5, 0x08, 0xf5, 0x08, 0xf5, 0x08, 0xf5,
  0x08, 0xf5, 0x00, 0x00, 0x00, 0x00, 0x00, 0x00, 0x00, 0x00, 0x00, 0x00, 0x00, 0x00, 0x00, 0x00, 0x00, 0x00, 0x00, 0x00, 0x00, 0x00, 0x00, 0x00,
  0x00, 0x00, 0x00, 0x00, 0x00, 0x00, 0x00, 0x00, 0x00, 0x00, 0x00, 0x00, 0x00, 0x00, 0x08, 0xf5, 0x08, 0xf5, 0x08, 0xf5, 0x08, 0xf5, 0x08, 0xf5,
  0x08, 0xf5, 0x08, 0xf5, 0x08, 0xf5, 0x08, 0xf5, 0x00, 0x00, 0x00, 0x00, 0x00, 0x00, 0x00, 0x00, 0x00, 0x00, 0x00, 0x00, 0x00, 0x00, 0x00, 0x00,
  0x00, 0x00, 0x00, 0x00, 0x00, 0x00, 0x00, 0x00, 0x00, 0x00, 0x00, 0x00, 0x00, 0x00, 0x00, 0x00, 0x00, 0x00, 0x08, 0xf5, 0x08, 0xf5, 0xc2, 0x18,
  0x08, 0xf5, 0x08, 0xf5, 0x08, 0xf5, 0x08, 0xf5, 0x08, 0xf5, 0x08, 0xf5, 0x00, 0x00, 0x08, 0xf5, 0x08, 0xf5, 0x08, 0xf5, 0x08, 0xf5, 0x08, 0xf5,
  0x08, 0xf5, 0x08, 0xf5, 0x08, 0xf5, 0x00, 0x00, 0x00, 0x00, 0x00, 0x00, 0x00, 0x00, 0x00, 0x00, 0x00, 0x00, 0x00, 0x00, 0x00, 0x00, 0x74, 0xfc,
  0x08, 0xf5, 0x08, 0xf5, 0x08, 0xf5, 0x08, 0xf5, 0x08, 0xf5, 0x08, 0xf5, 0x08, 0xf5, 0x08, 0xf5, 0x08, 0xf5, 0x43, 0xc3, 0x08, 0xf5, 0x08, 0xf5,
  0x08, 0xf5, 0x43, 0xc3, 0x08, 0xf5, 0x08, 0xf5, 0x08, 0xf5, 0x43, 0xc3, 0x08, 0xf5, 0x00, 0x00, 0x00, 0x00, 0x00, 0x00, 0x00, 0x00, 0x00, 0x00,
  0x00, 0x00, 0x08, 0xf5, 0x08, 0xf5, 0x08, 0xf5, 0x08, 0xf5, 0x08, 0xf5, 0x08, 0xf5, 0x08, 0xf5, 0x08, 0xf5, 0x08, 0xf5, 0x08, 0xf5, 0x43, 0xc3,
  0x08, 0xf5, 0x08, 0xf5, 0x08, 0xf5, 0x43, 0xc3, 0x08, 0xf5, 0x08, 0xf5, 0x08, 0xf5, 0x43, 0xc3, 0x08, 0xf5, 0x08, 0xf5, 0x08, 0xf5, 0x08, 0xf5,
  0x08, 0xf5, 0x08, 0xf5, 0x00, 0x00, 0x00, 0x00, 0x08, 0xf5, 0x08, 0xf5, 0x08, 0xf5, 0x08, 0xf5, 0x08, 0xf5, 0x08, 0xf5, 0x08, 0xf5, 0x08, 0xf5,
  0x08, 0xf5, 0x43, 0xc3, 0x08, 0xf5, 0x08, 0xf5, 0x08, 0xf5, 0x43, 0xc3, 0x08, 0xf5, 0x08, 0xf5, 0x08, 0xf5, 0x43, 0xc3, 0x08, 0xf5, 0x08, 0xf5,
  0x08, 0xf5, 0x08, 0xf5, 0x08, 0xf5, 0x08, 0xf5, 0x00, 0x00, 0x00, 0x00, 0x00, 0x00, 0x00, 0x00, 0x08, 0xf5, 0x08, 0xf5, 0x08, 0xf5, 0x08, 0xf5,
  0x08, 0xf5, 0x08, 0xf5, 0x08, 0xf5, 0x08, 0xf5, 0x08, 0xf5, 0x08, 0xf5, 0x08, 0xf5, 0x08, 0xf5, 0x08, 0xf5, 0x08, 0xf5, 0x08, 0xf5, 0x08, 0xf5,
  0x08, 0xf5, 0x08, 0xf5, 0x08, 0xf5, 0x00, 0x00, 0x00, 0x00, 0x00, 0x00, 0x00, 0x00, 0x00, 0x00, 0x00, 0x00, 0x00, 0x00, 0x00, 0x00, 0x00, 0x00,
  0x00, 0x00, 0x00, 0x00, 0x00, 0x00, 0x08, 0xf5, 0x08, 0xf5, 0xb4, 0xfe, 0xb4, 0xfe, 0xb4, 0xfe, 0xb4, 0xfe, 0xb4, 0xfe, 0xb4, 0xfe, 0x43, 0xc3,
  0xb4, 0xfe, 0x43, 0xc3, 0x08, 0xf5, 0x00, 0x00, 0x00, 0x00, 0x00, 0x00, 0x00, 0x00, 0x00, 0x00, 0x00, 0x00, 0x00, 0x00, 0x00, 0x00, 0x00, 0x00,
  0x00, 0x00, 0x00, 0x00, 0x00, 0x00, 0x00, 0x00, 0x00, 0x00, 0x08, 0xf5, 0x08, 0xf5, 0x08, 0xf5, 0x08, 0xf5, 0x08, 0xf5, 0x08, 0xf5, 0x08, 0xf5,
  0x08, 0xf5, 0x43, 0xc3, 0x08, 0xf5, 0x43, 0xc3, 0x00, 0x00, 0x00, 0x00, 0x00, 0x00, 0x00, 0x00, 0x00, 0x00, 0x00, 0x00, 0x00, 0x00, 0x00, 0x00,
  0x00, 0x00, 0x00, 0x00, 0x00, 0x00, 0x00, 0x00, 0x00, 0x00, 0x00, 0x00, 0x00, 0x00, 0x08, 0xf5, 0x08, 0xf5, 0x00, 0x00, 0x00, 0x00, 0x00, 0x00,
  0x00, 0x00, 0x00, 0x00, 0x00, 0x00, 0x43, 0xc3, 0x00, 0x00, 0x43, 0xc3, 0x00, 0x00, 0x00, 0x00, 0x00, 0x00, 0x00, 0x00, 0x00, 0x00, 0x00, 0x00,
  0x00, 0x00, 0x00, 0x00, 0x00, 0x00, 0x00, 0x00, 0x00, 0x00, 0x00, 0x00, 0x00, 0x00, 0x00, 0x00, 0x00, 0x00, 0x08, 0xf5, 0x08, 0xf5, 0x00, 0x00,
  0x00, 0x00, 0x00, 0x00, 0x00, 0x00, 0x00, 0x00, 0x00, 0x00, 0x43, 0xc3, 0x00, 0x00, 0x43, 0xc3, 0x00, 0x00, 0x00, 0x00, 0x00, 0x00, 0x00, 0x00,
  0x00, 0x00, 0x00, 0x00, 0x00, 0x00, 0x00, 0x00, 0x00, 0x00, 0x00, 0x00, 0x00, 0x00, 0x00, 0x00, 0x00, 0x00, 0x00, 0x00, 0x00, 0x00, 0x08, 0xf5,
  0x08, 0xf5, 0x00, 0x00, 0x00, 0x00, 0x00, 0x00, 0x00, 0x00, 0x00, 0x00, 0x00, 0x00, 0x43, 0xc3, 0x00, 0x00, 0x43, 0xc3, 0x00, 0x00, 0x00, 0x00,
  0x00, 0x00, 0x00, 0x00, 0x00, 0x00, 0x00, 0x00, 0x00, 0x00, 0x00, 0x00, 0x00, 0x00, 0x00, 0x00, 0x00, 0x00, 0x00, 0x00, 0x00, 0x00, 0x00, 0x00,
  0x00, 0x00, 0x08, 0xf5, 0x08, 0xf5, 0x00, 0x00, 0x00, 0x00, 0x00, 0x00, 0x00, 0x00, 0x00, 0x00, 0x00, 0x00, 0x43, 0xc3, 0x00, 0x00, 0x43, 0xc3,
  0x00, 0x00, 0x00, 0x00, 0x00, 0x00, 0x00, 0x00, 0x00, 0x00, 0x00, 0x00, 0x00, 0x00, 0x00, 0x00, 0x00, 0x00, 0x00, 0x00, 0x00, 0x00, 0x00, 0x00,
  0x00, 0x00, 0x00, 0x00, 0x00, 0x00, 0x43, 0xc3, 0x43, 0xc3, 0x00, 0x00, 0x00, 0x00, 0x00, 0x00, 0x00, 0x00, 0x00, 0x00, 0x00, 0x00, 0x43, 0xc3,
  0x00, 0x00, 0x43, 0xc3, 0x00, 0x00, 0x00, 0x00, 0x00, 0x00, 0x00, 0x00, 0x00, 0x00, 0x00, 0x00, 0x00, 0x00, 0xff, 0xff, 0x00, 0x00, 0xff, 0xff,
  0x00, 0x00, 0x00, 0x00, 0x00, 0x00, 0x00, 0x00, 0x00, 0x00, 0x00, 0x00, 0x00, 0x00, 0x00, 0x00, 0x00, 0x00, 0x00, 0x00, 0xff, 0xff, 0xff, 0xff,
  0xff, 0xff, 0xff, 0x00, 0x00, 0x00, 0x00, 0x00, 0x00, 0x00, 0x00, 0x00, 0x00, 0x00, 0x00, 0x00, 0x00, 0x00, 0x00, 0x00, 0x00, 0xff, 0xff, 0xff,
  0xff, 0xff, 0xff, 0xff, 0xff, 0x00, 0x00, 0x00, 0x00, 0x00, 0x00, 0x00, 0x00, 0x00, 0x00, 0x00, 0x00, 0x00, 0x00, 0x00, 0x00, 0x00, 0x00, 0xff,
  0xff, 0xff, 0xff, 0xff, 0xff, 0xff, 0xff, 0xff, 0x00, 0x00, 0x00, 0x00, 0x00, 0x00, 0x00, 0x00, 0x00, 0x00, 0x00, 0x00, 0x00, 0x00, 0x00, 0x00,
  0x00, 0xff, 0xff, 0xff, 0xff, 0xff, 0xff, 0xff, 0xff, 0xff, 0x00, 0xff, 0xff, 0xff, 0xff, 0xff, 0xff, 0xff, 0xff, 0x00, 0x00, 0x00, 0x00, 0x00,
  0x00, 0x00, 0x00, 0xff, 0xff, 0xff, 0xff, 0xff, 0xff, 0xff, 0xff, 0xff, 0xff, 0xff, 0xff, 0xff, 0xff, 0xff, 0xff, 0xff, 0xff, 0xff, 0xff, 0x00,
  0x00, 0x00, 0x00, 0x00, 0x00, 0xff, 0xff, 0xff, 0xff, 0xff, 0xff, 0xff, 0xff, 0xff, 0xff, 0xff, 0xff, 0xff, 0xff, 0xff, 0xff, 0xff, 0xff, 0xff,
  0xff, 0xff, 0xff, 0xff, 0xff, 0xff, 0x00, 0x00, 0xff, 0xff, 0xff, 0xff, 0xff, 0xff, 0xff, 0xff, 0xff, 0xff, 0xff, 0xff, 0xff, 0xff, 0xff, 0xff,
  0xff, 0xff, 0xff, 0xff, 0xff, 0xff, 0xff, 0xff, 0x00, 0x00, 0x00, 0x00, 0xff, 0xff, 0xff, 0xff, 0xff, 0xff, 0xff, 0xff, 0xff, 0xff, 0xff, 0xff,
  0xff, 0xff, 0xff, 0xff, 0xff, 0xff, 0xff, 0x00, 0x00, 0x00, 0x00, 0x00, 0x00, 0x00, 0x00, 0x00, 0x00, 0x00, 0x00, 0xff, 0xff, 0xff, 0xff, 0xff,
  0xff, 0xff, 0xff, 0xff, 0xff, 0xff, 0xff, 0x00, 0x00, 0x00, 0x00, 0x00, 0x00, 0x00, 0x00, 0x00, 0x00, 0x00, 0x00, 0x00, 0x00, 0xff, 0xff, 0xff,
  0xff, 0xff, 0xff, 0xff, 0xff, 0xff, 0xff, 0xff, 0x00, 0x00, 0x00, 0x00, 0x00, 0x00, 0x00, 0x00, 0x00, 0x00, 0x00, 0x00, 0x00, 0x00, 0x00, 0xff,
  0xff, 0x00, 0x00, 0x00, 0x00, 0x00, 0x00, 0xff, 0x00, 0xff, 0x00, 0x00, 0x00, 0x00, 0x00, 0x00, 0x00, 0x00, 0x00, 0x00, 0x00, 0x00, 0x00, 0x00,
  0x00, 0xff, 0xff, 0x00, 0x00, 0x00, 0x00, 0x00, 0x00, 0xff, 0x00, 0xff, 0x00, 0x00, 0x00, 0x00, 0x00, 0x00, 0x00, 0x00, 0x00, 0x00, 0x00, 0x00,
  0x00, 0x00, 0x00, 0xff, 0xff, 0x00, 0x00, 0x00, 0x00, 0x00, 0x00, 0xff, 0x00, 0xff, 0x00, 0x00, 0x00, 0x00, 0x00, 0x00, 0x00, 0x00, 0x00, 0x00,
  0x00, 0x00, 0x00, 0x00, 0x00, 0xff, 0xff, 0x00, 0x00, 0x00, 0x00, 0x00, 0x00, 0xff, 0x00, 0xff, 0x00, 0x00, 0x00, 0x00, 0x00, 0x00, 0x00, 0x00,
  0x00, 0x00, 0x00, 0x00, 0x00, 0x00, 0x00, 0xff, 0xff, 0x00, 0x00, 0x00, 0x00, 0x00, 0x00, 0xff, 0x00, 0xff, 0x00, 0x00, 0x00, 0x00, 0x00, 0x00,
};
static const lv_image_dsc_t spr_cat_run_l1 = {
    .header = {.magic = LV_IMAGE_HEADER_MAGIC, .cf = LV_COLOR_FORMAT_RGB565A8, .flags = 0,
               .w = 26, .h = 16, .stride = 52, .reserved_2 = 0},
    .data_size = sizeof(spr_cat_run_l1_px),
    .data = spr_cat_run_l1_px,
    .reserved = nullptr,
};

static const uint8_t spr_cat_run_r2_px[] = {
  0x00, 0x00, 0x00, 0x00, 0x00, 0x00, 0x00, 0x00, 0x00, 0x00, 0x00, 0x00, 0x00, 0x00, 0x00, 0x00, 0x00, 0x00, 0x00, 0x00, 0x00, 0x00, 0x00, 0x00,
  0x00, 0x00, 0x00, 0x00, 0x00, 0x00, 0x00, 0x00, 0x00, 0x00, 0x00, 0x00, 0x08, 0xf5, 0x00, 0x00, 0x00, 0x00, 0x00, 0x00, 0x00, 0x00, 0x08, 0xf5,
  0x00, 0x00, 0x00, 0x00, 0x00, 0x00, 0x00, 0x00, 0x00, 0x00, 0x00, 0x00, 0x00, 0x00, 0x00, 0x00, 0x00, 0x00, 0x00, 0x00, 0x00, 0x00, 0x00, 0x00,
  0x00, 0x00, 0x00, 0x00, 0x00, 0x00, 0x00, 0x00, 0x00, 0x00, 0x00, 0x00, 0x00, 0x00, 0x00, 0x00, 0x08, 0xf5, 0x08, 0xf5, 0x00, 0x00, 0x00, 0x00,
  0x08, 0xf5, 0x08, 0xf5, 0x00, 0x00, 0x00, 0x00, 0x00, 0x00, 0x00, 0x00, 0x00, 0x00, 0x00, 0x00, 0x00, 0x00, 0x00, 0x00, 0x00, 0x00, 0x00, 0x00,
  0x00, 0x00, 0x00, 0x00, 0x00, 0x00, 0x00, 0x00, 0x00, 0x00, 0x00, 0x00, 0x00, 0x00, 0x00, 0x00, 0x00, 0x00, 0x08, 0xf5, 0x08, 0xf5, 0x08, 0xf5,
  0x08, 0xf5, 0x08, 0xf5, 0x08, 0xf5, 0x08, 0xf5, 0x00, 0x00, 0x00, 0x00, 0x08, 0xf5, 0x00, 0x00, 0x00, 0x00, 0x00, 0x00, 0x00, 0x00, 0x00, 0x00,
  0x00, 0x00, 0x00, 0x00, 0x00, 0x00, 0x00, 0x00, 0x00, 0x00, 0x00, 0x00, 0x00, 0x00, 0x00, 0x00, 0x00, 0x00, 0x00, 0x00, 0x00, 0x00, 0x08, 0xf5,
  0x08, 0xf5, 0x08, 0xf5, 0x08, 0xf5, 0x08, 0xf5, 0x08, 0xf5, 0x08, 0xf5, 0x08, 0xf5, 0x00, 0x00, 0x08, 0xf5, 0x08, 0xf5, 0x00, 0x00, 0x00, 0x00,
  0x00, 0x00, 0x00, 0x00, 0x00, 0x00, 0x00, 0x00, 0x00, 0x00, 0x00, 0x00, 0x00, 0x00, 0x00, 0x00, 0x00, 0x00, 0x00, 0x00, 0x00, 0x00, 0x00, 0x00,
  0x08, 0xf5, 0x08, 0xf5, 0x08, 0xf5, 0x08, 0xf5, 0x08, 0xf5, 0x08, 0xf5, 0x08, 0xf5, 0x08, 0xf5, 0x08, 0xf5, 0x00, 0x00, 0x00, 0x00, 0x08, 0xf5,
  0x08, 0xf5, 0x00, 0x00, 0x00, 0x00, 0x00, 0x00, 0x00, 0x00, 0x08, 0xf5, 0x08, 0xf5, 0x08, 0xf5, 0x08, 0xf5, 0x08, 0xf5, 0x08, 0xf5, 0x08, 0xf5,
  0x08, 0xf5, 0x00, 0x00, 0x08, 0xf5, 0x08, 0xf5, 0x08, 0xf5, 0x08, 0xf5, 0x08, 0xf5, 0x08, 0xf5, 0xc2, 0x18, 0x08, 0xf5, 0x08, 0xf5, 0x00, 0x00,
  0x00, 0x00, 0x00, 0x00, 0x08, 0xf5, 0x08, 0xf5, 0x00, 0x00, 0x08, 0xf5, 0x43, 0xc3, 0x08, 0xf5, 0x08, 0xf5, 0x08, 0xf5, 0x43, 0xc3, 0x08, 0xf5,
  0x08, 0xf5, 0x08, 0xf5, 0x43, 0xc3, 0x08, 0xf5, 0x08, 0xf5, 0x08, 0xf5, 0x08, 0xf5, 0x08, 0xf5, 0x08, 0xf5, 0x08, 0xf5, 0x08, 0xf5, 0x08, 0xf5,
  0x74, 0xfc, 0x00, 0x00, 0x00, 0x00, 0x00, 0x00, 0x00, 0x00, 0x08, 0xf5, 0x08, 0xf5, 0x08, 0xf5, 0x43, 0xc3, 0x08, 0xf5, 0x08, 0xf5, 0x08, 0xf5,
  0x43, 0xc3, 0x08, 0xf5, 0x08, 0xf5, 0x08, 0xf5, 0x43, 0xc3, 0x08, 0xf5, 0x08, 0xf5, 0x08, 0xf5, 0x08, 0xf5, 0x08, 0xf5, 0x08, 0xf5, 0x08, 0xf5,
  0x08, 0xf5, 0x08, 0xf5, 0x08, 0xf5, 0x00, 0x00, 0x00, 0x00, 0x00, 0x00, 0x00, 0x00, 0x08, 0xf5, 0x08, 0xf5, 0x08, 0xf5, 0x43, 0xc3, 0x08, 0xf5,
  0x08, 0xf5, 0x08, 0xf5, 0x43, 0xc3, 0x08, 0xf5, 0x08, 0xf5, 0x08, 0xf5, 0x43, 0xc3, 0x08, 0xf5, 0x08, 0xf5, 0x08, 0xf5, 0x08, 0xf5, 0x08, 0xf5,
  0x08, 0xf5, 0x08, 0xf5, 0x08, 0xf5, 0x08, 0xf5, 0x00, 0x00, 0x00, 0x00, 0x00, 0x00, 0x00, 0x00, 0x00, 0x00, 0x08, 0xf5, 0x08, 0xf5, 0x08, 0xf5,
  0x08, 0xf5, 0x08, 0xf5, 0x08, 0xf5, 0x08, 0xf5, 0x08, 0xf5, 0x08, 0xf5, 0x08, 0xf5, 0x08, 0xf5, 0x08, 0xf5, 0x08, 0xf5, 0x08, 0xf5, 0x08, 0xf5,
  0x08, 0xf5, 0x08, 0xf5, 0x08, 0xf5, 0x08, 0xf5, 0x00, 0x00, 0x00, 0x00, 0x00, 0x00, 0x00, 0x00, 0x00, 0x00, 0x00, 0x00, 0x00, 0x00, 0x00, 0x00,
  0x43, 0xc3, 0x08, 0xf5, 0x08, 0xf5, 0xb4, 0xfe, 0xb4, 0xfe, 0x43, 0xc3, 0xb4, 0xfe, 0xb4, 0xfe, 0xb4, 0xfe, 0x08, 0xf5, 0xb4, 0xfe, 0xb4, 0xfe,
  0x08, 0xf5, 0x08, 0xf5, 0x00, 0x00, 0x00, 0x00, 0x00, 0x00, 0x00, 0x00, 0x00, 0x00, 0x00, 0x00, 0x00, 0x00, 0x00, 0x00, 0x00, 0x00, 0x00, 0x00,
  0x00, 0x00, 0x00, 0x00, 0x43, 0xc3, 0x00, 0x00, 0x00, 0x00, 0x08, 0xf5, 0x08, 0xf5, 0x08, 0xf5, 0x43, 0xc3, 0x08, 0xf5, 0x08, 0xf5, 0x08, 0xf5,
  0x08, 0xf5, 0x00, 0x00, 0x00, 0x00, 0x08, 0xf5, 0x00, 0x00, 0x00, 0x00, 0x00, 0x00, 0x00, 0x00, 0x00, 0x00, 0x00, 0x00, 0x00, 0x00, 0x00, 0x00,
  0x00, 0x00, 0x00, 0x00, 0x00, 0x00, 0x00, 0x00, 0x00, 0x00, 0x43, 0xc3, 0x00, 0x00, 0x00, 0x00, 0x00, 0x00, 0x00, 0x00, 0x43, 0xc3, 0x00, 0x00,
  0x00, 0x00, 0x00, 0x00, 0x08, 0xf5, 0x00, 0x00, 0x00, 0x00, 0x00, 0x00, 0x08, 0xf5, 0x00, 0x00, 0x00, 0x00, 0x00, 0x00, 0x00, 0x00, 0x00, 0x00,
  0x00, 0x00, 0x00, 0x00, 0x00, 0x00, 0x00, 0x00, 0x00, 0x00, 0x00, 0x00, 0x00, 0x00, 0x43, 0xc3, 0x00, 0x00, 0x00, 0x00, 0x00, 0x00, 0x00, 0x00,
  0x00, 0x00, 0x43, 0xc3, 0x00, 0x00, 0x00, 0x00, 0x00, 0x00, 0x08, 0xf5, 0x00, 0x00, 0x00, 0x00, 0x08, 0xf5, 0x00, 0x00, 0x00, 0x00, 0x00, 0x00,
  0x00, 0x00, 0x00, 0x00, 0x00, 0x00, 0x00, 0x00, 0x00, 0x00, 0x00, 0x00, 0x00, 0x00, 0x00, 0x00, 0x00, 0x00, 0x43, 0xc3, 0x00, 0x00, 0x00, 0x00,
  0x00, 0x00, 0x00, 0x00, 0x00, 0x00, 0x43, 0xc3, 0x00, 0x00, 0x00, 0x00, 0x00, 0x00, 0x08, 0xf5, 0x00, 0x00, 0x00, 0x00, 0x08, 0xf5, 0x00, 0x00,
  0x00, 0x00, 0x00, 0x00, 0x00, 0x00, 0x00, 0x00, 0x00, 0x00, 0x00, 0x00, 0x00, 0x00, 0x00, 0x00, 0x00, 0x00, 0x00, 0x00, 0x00, 0x00, 0x43, 0xc3,
  0x00, 0x00, 0x00, 0x00, 0x00, 0x00, 0x00, 0x00, 0x00, 0x00, 0x43, 0xc3, 0x00, 0x00, 0x00, 0x00, 0x00, 0x00, 0x43, 0xc3, 0x00, 0x00, 0x00, 0x00,
  0x43, 0xc3, 0x00, 0x00, 0x00, 0x00, 0x00, 0x00, 0x00, 0x00, 0x00, 0x00, 0x00, 0x00, 0x00, 0x00, 0x00, 0x00, 0x00, 0x00, 0x00, 0x00, 0x00, 0x00,
  0x00, 0x00, 0x00, 0x00, 0x00, 0x00, 0x00, 0x00, 0x00, 0x00, 0xff, 0x00, 0x00, 0x00, 0x00, 0xff, 0x00, 0x00, 0x00, 0x00, 0x00, 0x00, 0x00, 0x00,
  0x00, 0x00, 0x00, 0x00, 0x00, 0x00, 0x00, 0x00, 0x00, 0x00, 0x00, 0x00, 0xff, 0xff, 0x00, 0x00, 0xff, 0xff, 0x00, 0x00, 0x00, 0x00, 0x00, 0x00,
  0x00, 0x00, 0x00, 0x00, 0x00, 0x00, 0x00, 0x00, 0x00, 0x00, 0x00, 0x00, 0x00, 0xff, 0xff, 0xff, 0xff, 0xff, 0xff, 0xff, 0x00, 0x00, 0xff, 0x00,
  0x00, 0x00, 0x00, 0x00, 0x00, 0x00, 0x00, 0x00, 0x00, 0x00, 0x00, 0x00, 0x00, 0x00, 0x00, 0xff, 0xff, 0xff, 0xff, 0xff, 0xff, 0xff, 0xff, 0x00,
  0xff, 0xff, 0x00, 0x00, 0x00, 0x00, 0x00, 0x00, 0x00, 0x00, 0x00, 0x00, 0x00, 0x00, 0x00, 0x00, 0xff, 0xff, 0xff, 0xff, 0xff, 0xff, 0xff, 0xff,
  0xff, 0x00, 0x00, 0xff, 0xff, 0x00, 0x00, 0x00, 0x00, 0xff, 0xff, 0xff, 0xff, 0xff, 0xff, 0xff, 0xff, 0x00, 0xff, 0xff, 0xff, 0xff, 0xff, 0xff,
  0xff, 0xff, 0xff, 0x00, 0x00, 0x00, 0xff, 0xff, 0x00, 0xff, 0xff, 0xff, 0xff, 0xff, 0xff, 0xff, 0xff, 0xff, 0xff, 0xff, 0xff, 0xff, 0xff, 0xff,
  0xff, 0xff, 0xff, 0xff, 0xff, 0x00, 0x00, 0x00, 0x00, 0xff, 0xff, 0xff, 0xff, 0xff, 0xff, 0xff, 0xff, 0xff, 0xff, 0xff, 0xff, 0xff, 0xff, 0xff,
  0xff, 0xff, 0xff, 0xff, 0xff, 0xff, 0xff, 0x00, 0x00, 0x00, 0x00, 0xff, 0xff, 0xff, 0xff, 0xff, 0xff, 0xff, 0xff, 0xff, 0xff, 0xff, 0xff, 0xff,
  0xff, 0xff, 0xff, 0xff, 0xff, 0xff, 0xff, 0xff, 0x00, 0x00, 0x00, 0x00, 0x00, 0xff, 0xff, 0xff, 0xff, 0xff, 0xff, 0xff, 0xff, 0xff, 0xff, 0xff,
  0xff, 0xff, 0xff, 0xff, 0xff, 0xff, 0xff, 0xff, 0x00, 0x00, 0x00, 0x00, 0x00, 0x00, 0x00, 0x00, 0xff, 0xff, 0xff, 0xff, 0xff, 0xff, 0xff, 0xff,
  0xff, 0xff, 0xff, 0xff, 0xff, 0xff, 0x00, 0x00, 0x00, 0x00, 0x00, 0x00, 0x00, 0x00, 0x00, 0x00, 0x00, 0x00, 0xff, 0x00, 0x00, 0xff, 0xff, 0xff,
  0xff, 0xff, 0xff, 0xff, 0xff, 0x00, 0x00, 0xff, 0x00, 0x00, 0x00, 0x00, 0x00, 0x00, 0x00, 0x00, 0x00, 0x00, 0x00, 0x00, 0x00, 0xff, 0x00, 0x00,
  0x00, 0x00, 0xff, 0x00, 0x00, 0x00, 0xff, 0x00, 0x00, 0x00, 0xff, 0x00, 0x00, 0x00, 0x00, 0x00, 0x00, 0x00, 0x00, 0x00, 0x00, 0x00, 0x00, 0xff,
  0x00, 0x00, 0x00, 0x00, 0x00, 0xff, 0x00, 0x00, 0x00, 0xff, 0x00, 0x00, 0xff, 0x00, 0x00, 0x00, 0x00, 0x00, 0x00, 0x00, 0x00, 0x00, 0x00, 0x00,
  0x00, 0xff, 0x00, 0x00, 0x00, 0x00, 0x00, 0xff, 0x00, 0x00, 0x00, 0xff, 0x00, 0x00, 0xff, 0x00, 0x00, 0x00, 0x00, 0x00, 0x00, 0x00, 0x00, 0x00,
  0x00, 0x00, 0x00, 0xff, 0x00, 0x00, 0x00, 0x00, 0x00, 0xff, 0x00, 0x00, 0x00, 0xff, 0x00, 0x00, 0xff, 0x00, 0x00, 0x00, 0x00, 0x00, 0x00, 0x00,
};
static const lv_image_dsc_t spr_cat_run_r2 = {
    .header = {.magic = LV_IMAGE_HEADER_MAGIC, .cf = LV_COLOR_FORMAT_RGB565A8, .flags = 0,
               .w = 26, .h = 16, .stride = 52, .reserved_2 = 0},
    .data_size = sizeof(spr_cat_run_r2_px),
    .data = spr_cat_run_r2_px,
    .reserved = nullptr,
};

static const uint8_t spr_cat_run_l2_px[] = {
  0x00, 0x00, 0x00, 0x00, 0x08, 0xf5, 0x00, 0x00, 0x00, 0x00, 0x00, 0x00, 0x00, 0x00, 0x08, 0xf5, 0x00, 0x00, 0x00, 0x00, 0x00, 0x00, 0x00, 0x00,
  0x00, 0x00, 0x00, 0x00, 0x00, 0x00, 0x00, 0x00, 0x00, 0x00, 0x00, 0x00, 0x00, 0x00, 0x00, 0x00, 0x00, 0x00, 0x00, 0x00, 0x00, 0x00, 0x00, 0x00,
  0x00, 0x00, 0x00, 0x00, 0x00, 0x00, 0x00, 0x00, 0x08, 0xf5, 0x08, 0xf5, 0x00, 0x00, 0x00, 0x00, 0x08, 0xf5, 0x08, 0xf5, 0x00, 0x00, 0x00, 0x00,
  0x00, 0x00, 0x00, 0x00, 0x00, 0x00, 0x00, 0x00, 0x00, 0x00, 0x00, 0x00, 0x00, 0x00, 0x00, 0x00, 0x00, 0x00, 0x00, 0x00, 0x00, 0x00, 0x00, 0x00,
  0x00, 0x00, 0x00, 0x00, 0x00, 0x00, 0x00, 0x00, 0x00, 0x00, 0x00, 0x00, 0x08, 0xf5, 0x08, 0xf5, 0x08, 0xf5, 0x08, 0xf5, 0x08, 0xf5, 0x08, 0xf5,
  0x08, 0xf5, 0x00, 0x00, 0x00, 0x00, 0x00, 0x00, 0x00, 0x00, 0x00, 0x00, 0x00, 0x00, 0x00, 0x00, 0x00, 0x00, 0x00, 0x00, 0x00, 0x00, 0x00, 0x00,
  0x00, 0x00, 0x00, 0x00, 0x00, 0x00, 0x00, 0x00, 0x00, 0x00, 0x00, 0x00, 0x00, 0x00, 0x08, 0xf5, 0x08, 0xf5, 0x08, 0xf5, 0x08, 0xf5, 0x08, 0xf5,
  0x08, 0xf5, 0x08, 0xf5, 0x08, 0xf5, 0x00, 0x00, 0x00, 0x00, 0x00, 0x00, 0x00, 0x00, 0x00, 0x00, 0x00, 0x00, 0x00, 0x00, 0x00, 0x00, 0x00, 0x00,
  0x00, 0x00, 0x00, 0x00, 0x00, 0x00, 0x00, 0x00, 0x00, 0x00, 0x00, 0x00, 0x00, 0x00, 0x08, 0xf5, 0x00, 0x00, 0x08, 0xf5, 0x08, 0xf5, 0x08, 0xf5,
  0x08, 0xf5, 0x08, 0xf5, 0x08, 0xf5, 0x08, 0xf5, 0x08, 0xf5, 0x08, 0xf5, 0x00, 0x00, 0x00, 0x00, 0x00, 0x00, 0x00, 0x00, 0x00, 0x00, 0x00, 0x00,
  0x00, 0x00, 0x00, 0x00, 0x00, 0x00, 0x00, 0x00, 0x00, 0x00, 0x00, 0x00, 0x00, 0x00, 0x00, 0x00, 0x08, 0xf5, 0x08, 0xf5, 0x00, 0x00, 0x08, 0xf5,
  0x08, 0xf5, 0xc2, 0x18, 0x08, 0xf5, 0x08, 0xf5, 0x08, 0xf5, 0x08, 0xf5, 0x08, 0xf5, 0x08, 0xf5, 0x00, 0x00, 0x08, 0xf5, 0x08, 0xf5, 0x08, 0xf5,
  0x08, 0xf5, 0x08, 0xf5, 0x08, 0xf5, 0x08, 0xf5, 0x08, 0xf5, 0x00, 0x00, 0x00, 0x00, 0x00, 0x00, 0x00, 0x00, 0x08, 0xf5, 0x08, 0xf5, 0x00, 0x00,
  0x00, 0x00, 0x74, 0xfc, 0x08, 0xf5, 0x08, 0xf5, 0x08, 0xf5, 0x08, 0xf5, 0x08, 0xf5, 0x08, 0xf5, 0x08, 0xf5, 0x08, 0xf5, 0x08, 0xf5, 0x43, 0xc3,
  0x08, 0xf5, 0x08, 0xf5, 0x08, 0xf5, 0x43, 0xc3, 0x08, 0xf5, 0x08, 0xf5, 0x08, 0xf5, 0x43, 0xc3, 0x08, 0xf5, 0x00, 0x00, 0x08, 0xf5, 0x08, 0xf5,
  0x00, 0x00, 0x00, 0x00, 0x00, 0x00, 0x08, 0xf5, 0x08, 0xf5, 0x08, 0xf5, 0x08, 0xf5, 0x08, 0xf5, 0x08, 0xf5, 0x08, 0xf5, 0x08, 0xf5, 0x08, 0xf5,
  0x08, 0xf5, 0x43, 0xc3, 0x08, 0xf5, 0x08, 0xf5, 0x08, 0xf5, 0x43, 0xc3, 0x08, 0xf5, 0x08, 0xf5, 0x08, 0xf5, 0x43, 0xc3, 0x08, 0xf5, 0x08, 0xf5,
  0x08, 0xf5, 0x00, 0x00, 0x00, 0x00, 0x00, 0x00, 0x00, 0x00, 0x00, 0x00, 0x08, 0xf5, 0x08, 0xf5, 0x08, 0xf5, 0x08, 0xf5, 0x08, 0xf5, 0x08, 0xf5,
  0x08, 0xf5, 0x08, 0xf5, 0x08, 0xf5, 0x43, 0xc3, 0x08, 0xf5, 0x08, 0xf5, 0x08, 0xf5, 0x43, 0xc3, 0x08, 0xf5, 0x08, 0xf5, 0x08, 0xf5, 0x43, 0xc3,
  0x08, 0xf5, 0x08, 0xf5, 0x08, 0xf5, 0x00, 0x00, 0x00, 0x00, 0x00, 0x00, 0x00, 0x00, 0x00, 0x00, 0x00, 0x00, 0x00, 0x00, 0x08, 0xf5, 0x08, 0xf5,
  0x08, 0xf5, 0x08, 0xf5, 0x08, 0xf5, 0x08, 0xf5, 0x08, 0xf5, 0x08, 0xf5, 0x08, 0xf5, 0x08, 0xf5, 0x08, 0xf5, 0x08, 0xf5, 0x08, 0xf5, 0x08, 0xf5,
  0x08, 0xf5, 0x08, 0xf5, 0x08, 0xf5, 0x08, 0xf5, 0x08, 0xf5, 0x00, 0x00, 0x00, 0x00, 0x00, 0x00, 0x00, 0x00, 0x00, 0x00, 0x00, 0x00, 0x00, 0x00,
  0x00, 0x00, 0x00, 0x00, 0x00, 0x00, 0x00, 0x00, 0x08, 0xf5, 0x08, 0xf5, 0xb4, 0xfe, 0xb4, 0xfe, 0x08, 0xf5, 0xb4, 0xfe, 0xb4, 0xfe, 0xb4, 0xfe,
  0x43, 0xc3, 0xb4, 0xfe, 0xb4, 0xfe, 0x08, 0xf5, 0x08, 0xf5, 0x43, 0xc3, 0x00, 0x00, 0x00, 0x00, 0x00, 0x00, 0x00, 0x00, 0x00, 0x00, 0x00, 0x00,
  0x00, 0x00, 0x00, 0x00, 0x00, 0x00, 0x00, 0x00, 0x00, 0x00, 0x00, 0x00, 0x08, 0xf5, 0x00, 0x00, 0x00, 0x00, 0x08, 0xf5, 0x08, 0xf5, 0x08, 0xf5,
  0x08, 0xf5, 0x43, 0xc3, 0x08, 0xf5, 0x08, 0xf5, 0x08, 0xf5, 0x00, 0x00, 0x00, 0x00, 0x43, 0xc3, 0x00, 0x00, 0x00, 0x00, 0x00, 0x00, 0x00, 0x00,
  0x00, 0x00, 0x00, 0x00, 0x00, 0x00, 0x00, 0x00, 0x00, 0x00, 0x00, 0x00, 0x00, 0x00, 0x08, 0xf5, 0x00, 0x00, 0x00, 0x00, 0x00, 0x00, 0x08, 0xf5,
  0x00, 0x00, 0x00, 0x00, 0x00, 0x00, 0x43, 0xc3, 0x00, 0x00, 0x00, 0x00, 0x00, 0x00, 0x00, 0x00, 0x43, 0xc3, 0x00, 0x00, 0x00, 0x00, 0x00, 0x00,
  0x00, 0x00, 0x00, 0x00, 0x00, 0x00, 0x00, 0x00, 0x00, 0x00, 0x00, 0x00, 0x00, 0x00, 0x00, 0x00, 0x00, 0x00, 0x08, 0xf5, 0x00, 0x00, 0x00, 0x00,
  0x08, 0xf5, 0x00, 0x00, 0x00, 0x00, 0x00, 0x00, 0x43, 0xc3, 0x00, 0x00, 0x00, 0x00, 0x00, 0x00, 0x00, 0x00, 0x00, 0x00, 0x43, 0xc3, 0x00, 0x00,
  0x00, 0x00, 0x00, 0x00, 0x00, 0x00, 0x00, 0x00, 0x00, 0x00, 0x00, 0x00, 0x00, 0x00, 0x00, 0x00, 0x00, 0x00, 0x00, 0x00, 0x00, 0x00, 0x08, 0xf5,
  0x00, 0x00, 0x00, 0x00, 0x08, 0xf5, 0x00, 0x00, 0x00, 0x00, 0x00, 0x00, 0x43, 0xc3, 0x00, 0x00, 0x00, 0x00, 0x00, 0x00, 0x00, 0x00, 0x00, 0x00,
  0x43, 0xc3, 0x00, 0x00, 0x00, 0x00, 0x00, 0x00, 0x00, 0x00, 0x00, 0x00, 0x00, 0x00, 0x00, 0x00, 0x00, 0x00, 0x00, 0x00, 0x00, 0x00, 0x00, 0x00,
  0x00, 0x00, 0x43, 0xc3, 0x00, 0x00, 0x00, 0x00, 0x43, 0xc3, 0x00, 0x00, 0x00, 0x00, 0x00, 0x00, 0x43, 0xc3, 0x00, 0x00, 0x00, 0x00, 0x00, 0x00,
  0x00, 0x00, 0x00, 0x00, 0x43, 0xc3, 0x00, 0x00, 0x00, 0x00, 0x00, 0x00, 0x00, 0x00, 0x00, 0x00, 0x00, 0x00, 0xff, 0x00, 0x00, 0x00, 0x00, 0xff,
  0x00, 0x00, 0x00, 0x00, 0x00, 0x00, 0x00, 0x00, 0x00, 0x00, 0x00, 0x00, 0x00, 0x00, 0x00, 0x00, 0x00, 0x00, 0x00, 0x00, 0xff, 0xff, 0x00, 0x00,
  0xff, 0xff, 0x00, 0x00, 0x00, 0x00, 0x00, 0x00, 0x00, 0x00, 0x00, 0x00, 0x00, 0x00, 0x00, 0x00, 0x00, 0x00, 0x00, 0x00, 0x00, 0x00, 0xff, 0xff,
  0xff, 0xff, 0xff, 0xff, 0xff, 0x00, 0x00, 0x00, 0x00, 0x00, 0x00, 0x00, 0x00, 0x00, 0x00, 0x00, 0x00, 0x00, 0x00, 0x00, 0x00, 0x00, 0x00, 0xff,
  0xff, 0xff, 0xff, 0xff, 0xff, 0xff, 0xff, 0x00, 0x00, 0x00, 0x00, 0x00, 0x00, 0x00, 0x00, 0x00, 0x00, 0x00, 0x00, 0x00, 0x00, 0x00, 0x00, 0xff,
  0x00, 0xff, 0xff, 0xff, 0xff, 0xff, 0xff, 0xff, 0xff, 0xff, 0x00, 0x00, 0x00, 0x00, 0x00, 0x00, 0x00, 0x00, 0x00, 0x00, 0x00, 0x00, 0x00, 0x00,
  0xff, 0xff, 0x00, 0xff, 0xff, 0xff, 0xff, 0xff, 0xff, 0xff, 0xff, 0xff, 0x00, 0xff, 0xff, 0xff, 0xff, 0xff, 0xff, 0xff, 0xff, 0x00, 0x00, 0x00,
  0x00, 0xff, 0xff, 0x00, 0x00, 0xff, 0xff, 0xff, 0xff, 0xff, 0xff, 0xff, 0xff, 0xff, 0xff, 0xff, 0xff, 0xff, 0xff, 0xff, 0xff, 0xff, 0xff, 0xff,
  0xff, 0x00, 0xff, 0xff, 0x00, 0x00, 0x00, 0xff, 0xff, 0xff, 0xff, 0xff, 0xff, 0xff, 0xff, 0xff, 0xff, 0xff, 0xff, 0xff, 0xff, 0xff, 0xff, 0xff,
  0xff, 0xff, 0xff, 0xff, 0xff, 0x00, 0x00, 0x00, 0x00, 0x00, 0xff, 0xff, 0xff, 0xff, 0xff, 0xff, 0xff, 0xff, 0xff, 0xff, 0xff, 0xff, 0xff, 0xff,
  0xff, 0xff, 0xff, 0xff, 0xff, 0xff, 0xff, 0x00, 0x00, 0x00, 0x00, 0x00, 0x00, 0x00, 0xff, 0xff, 0xff, 0xff, 0xff, 0xff, 0xff, 0xff, 0xff, 0xff,
  0xff, 0xff, 0xff, 0xff, 0xff, 0xff, 0xff, 0xff, 0xff, 0x00, 0x00, 0x00, 0x00, 0x00, 0x00, 0x00, 0x00, 0x00, 0x00, 0x00, 0xff, 0xff, 0xff, 0xff,
  0xff, 0xff, 0xff, 0xff, 0xff, 0xff, 0xff, 0xff, 0xff, 0xff, 0x00, 0x00, 0x00, 0x00, 0x00, 0x00, 0x00, 0x00, 0x00, 0x00, 0x00, 0x00, 0xff, 0x00,
  0x00, 0xff, 0xff, 0xff, 0xff, 0xff, 0xff, 0xff, 0xff, 0x00, 0x00, 0xff, 0x00, 0x00, 0x00, 0x00, 0x00, 0x00, 0x00, 0x00, 0x00, 0x00, 0x00, 0xff,
  0x00, 0x00, 0x00, 0xff, 0x00, 0x00, 0x00, 0xff, 0x00, 0x00, 0x00, 0x00, 0xff, 0x00, 0x00, 0x00, 0x00, 0x00, 0x00, 0x00, 0x00, 0x00, 0x00, 0x00,
  0x00, 0xff, 0x00, 0x00, 0xff, 0x00, 0x00, 0x00, 0xff, 0x00, 0x00, 0x00, 0x00, 0x00, 0xff, 0x00, 0x00, 0x00, 0x00, 0x00, 0x00, 0x00, 0x00, 0x00,
  0x00, 0x00, 0x00, 0xff, 0x00, 0x00, 0xff, 0x00, 0x00, 0x00, 0xff, 0x00, 0x00, 0x00, 0x00, 0x00, 0xff, 0x00, 0x00, 0x00, 0x00, 0x00, 0x00, 0x00,
  0x00, 0x00, 0x00, 0x00, 0x00, 0xff, 0x00, 0x00, 0xff, 0x00, 0x00, 0x00, 0xff, 0x00, 0x00, 0x00, 0x00, 0x00, 0xff, 0x00, 0x00, 0x00, 0x00, 0x00,
};
static const lv_image_dsc_t spr_cat_run_l2 = {
    .header = {.magic = LV_IMAGE_HEADER_MAGIC, .cf = LV_COLOR_FORMAT_RGB565A8, .flags = 0,
               .w = 26, .h = 16, .stride = 52, .reserved_2 = 0},
    .data_size = sizeof(spr_cat_run_l2_px),
    .data = spr_cat_run_l2_px,
    .reserved = nullptr,
};

static const uint8_t spr_cat_run_r3_px[] = {
  0x00, 0x00, 0x00, 0x00, 0x00, 0x00, 0x00, 0x00, 0x00, 0x00, 0x00, 0x00, 0x00, 0x00, 0x00, 0x00, 0x00, 0x00, 0x00, 0x00, 0x00, 0x00, 0x00, 0x00,
  0x00, 0x00, 0x00, 0x00, 0x00, 0x00, 0x00, 0x00, 0x00, 0x00, 0x00, 0x00, 0x00, 0x00, 0x00, 0x00, 0x00, 0x00, 0x00, 0x00, 0x00, 0x00, 0x00, 0x00,
  0x00, 0x00, 0x00, 0x00, 0x00, 0x00, 0x00, 0x00, 0x00, 0x00, 0x00, 0x00, 0x00, 0x00, 0x00, 0x00, 0x00, 0x00, 0x00, 0x00, 0x00, 0x00, 0x00, 0x00,
  0x00, 0x00, 0x00, 0x00, 0x00, 0x00, 0x00, 0x00, 0x00, 0x00, 0x00, 0x00, 0x00, 0x00, 0x00, 0x00, 0x08, 0xf5, 0x00, 0x00, 0x00, 0x00, 0x00, 0x00,
  0x00, 0x00, 0x08, 0xf5, 0x00, 0x00, 0x00, 0x00, 0x00, 0x00, 0x00, 0x00, 0x00, 0x00, 0x00, 0x00, 0x00, 0x00, 0x00, 0x00, 0x00, 0x00, 0x00, 0x00,
  0x00, 0x00, 0x00, 0x00, 0x00, 0x00, 0x00, 0x00, 0x00, 0x00, 0x00, 0x00, 0x00, 0x00, 0x00, 0x00, 0x00, 0x00, 0x00, 0x00, 0x08, 0xf5, 0x08, 0xf5,
  0x00, 0x00, 0x00, 0x00, 0x08, 0xf5, 0x08, 0xf5, 0x00, 0x00, 0x00, 0x00, 0x00, 0x00, 0x00, 0x00, 0x00, 0x00, 0x00, 0x00, 0x00, 0x00, 0x00, 0x00,
  0x00, 0x00, 0x00, 0x00, 0x00, 0x00, 0x00, 0x00, 0x00, 0x00, 0x00, 0x00, 0x00, 0x00, 0x00, 0x00, 0x00, 0x00, 0x00, 0x00, 0x00, 0x00, 0x08, 0xf5,
  0x08, 0xf5, 0x08, 0xf5, 0x08, 0xf5, 0x08, 0xf5, 0x08, 0xf5, 0x08, 0xf5, 0x00, 0x00, 0x00, 0x00, 0x00, 0x00, 0x00, 0x00, 0x00, 0x00, 0x00, 0x00,
  0x00, 0x00, 0x00, 0x00, 0x00, 0x00, 0x00, 0x00, 0x00, 0x00, 0x00, 0x00, 0x00, 0x00, 0x00, 0x00, 0x00, 0x00, 0x00, 0x00, 0x00, 0x00, 0x00, 0x00,
  0x00, 0x00, 0x08, 0xf5, 0x08, 0xf5, 0x08, 0xf5, 0x08, 0xf5, 0x08, 0xf5, 0x08, 0xf5, 0x08, 0xf5, 0x08, 0xf5, 0x00, 0x00, 0x00, 0x00, 0x00, 0x00,
  0x00, 0x00, 0x00, 0x00, 0x00, 0x00, 0x00, 0x00, 0x00, 0x00, 0x00, 0x00, 0x00, 0x00, 0x00, 0x00, 0x00, 0x00, 0x00, 0x00, 0x00, 0x00, 0x00, 0x00,
  0x00, 0x00, 0x00, 0x00, 0x08, 0xf5, 0x08, 0xf5, 0x08, 0xf5, 0x08, 0xf5, 0x08, 0xf5, 0x08, 0xf5, 0x08, 0xf5, 0x08, 0xf5, 0x08, 0xf5, 0x00, 0x00,
  0x00, 0x00, 0x00, 0x00, 0x00, 0x00, 0x00, 0x00, 0x00, 0x00, 0x00, 0x00, 0x00, 0x00, 0x08, 0xf5, 0x08, 0xf5, 0x08, 0xf5, 0x08, 0xf5, 0x08, 0xf5,
  0x08, 0xf5, 0x08, 0xf5, 0x08, 0xf5, 0x00, 0x00, 0x08, 0xf5, 0x08, 0xf5, 0x08, 0xf5, 0x08, 0xf5, 0x08, 0xf5, 0x08, 0xf5, 0xc2, 0x18, 0x08, 0xf5,
  0x08, 0xf5, 0x00, 0x00, 0x08, 0xf5, 0x08, 0xf5, 0x00, 0x00, 0x00, 0x00, 0x00, 0x00, 0x08, 0xf5, 0x43, 0xc3, 0x08, 0xf5, 0x08, 0xf5, 0x08, 0xf5,
  0x43, 0xc3, 0x08, 0xf5, 0x08, 0xf5, 0x08, 0xf5, 0x43, 0xc3, 0x08, 0xf5, 0x08, 0xf5, 0x08, 0xf5, 0x08, 0xf5, 0x08, 0xf5, 0x08, 0xf5, 0x08, 0xf5,
  0x08, 0xf5, 0x08, 0xf5, 0x74, 0xfc, 0x00, 0x00, 0x08, 0xf5, 0x08, 0xf5, 0x08, 0xf5, 0x08, 0xf5, 0x08, 0xf5, 0x08, 0xf5, 0x43, 0xc3, 0x08, 0xf5,
  0x08, 0xf5, 0x08, 0xf5, 0x43, 0xc3, 0x08, 0xf5, 0x08, 0xf5, 0x08, 0xf5, 0x43, 0xc3, 0x08, 0xf5, 0x08, 0xf5, 0x08, 0xf5, 0x08, 0xf5, 0x08, 0xf5,
  0x08, 0xf5, 0x08, 0xf5, 0x08, 0xf5, 0x08, 0xf5, 0x08, 0xf5, 0x00, 0x00, 0x00, 0x00, 0x00, 0x00, 0x08, 0xf5, 0x08, 0xf5, 0x08, 0xf5, 0x08, 0xf5,
  0x43, 0xc3, 0x08, 0xf5, 0x08, 0xf5, 0x08, 0xf5, 0x43, 0xc3, 0x08, 0xf5, 0x08, 0xf5, 0x08, 0xf5, 0x43, 0xc3, 0x08, 0xf5, 0x08, 0xf5, 0x08, 0xf5,
  0x08, 0xf5, 0x08, 0xf5, 0x08, 0xf5, 0x08, 0xf5, 0x08, 0xf5, 0x08, 0xf5, 0x00, 0x00, 0x00, 0x00, 0x00, 0x00, 0x00, 0x00, 0x00, 0x00, 0x08, 0xf5,
  0x08, 0xf5, 0x08, 0xf5, 0x08, 0xf5, 0x08, 0xf5, 0x08, 0xf5, 0x08, 0xf5, 0x08, 0xf5, 0x08, 0xf5, 0x08, 0xf5, 0x08, 0xf5, 0x08, 0xf5, 0x08, 0xf5,
  0x08, 0xf5, 0x08, 0xf5, 0x08, 0xf5, 0x08, 0xf5, 0x08, 0xf5, 0x08, 0xf5, 0x00, 0x00, 0x00, 0x00, 0x00, 0x00, 0x00, 0x00, 0x00, 0x00, 0x00, 0x00,
  0x00, 0x00, 0x00, 0x00, 0x00, 0x00, 0x08, 0xf5, 0x43, 0xc3, 0x43, 0xc3, 0xb4, 0xfe, 0xb4, 0xfe, 0xb4, 0xfe, 0xb4, 0xfe, 0xb4, 0xfe, 0xb4, 0xfe,
  0xb4, 0xfe, 0x08, 0xf5, 0x08, 0xf5, 0x00, 0x00, 0x00, 0x00, 0x00, 0x00, 0x00, 0x00, 0x00, 0x00, 0x00, 0x00, 0x00, 0x00, 0x00, 0x00, 0x00, 0x00,
  0x00, 0x00, 0x00, 0x00, 0x00, 0x00, 0x00, 0x00, 0x00, 0x00, 0x00, 0x00, 0x43, 0xc3, 0x43, 0xc3, 0x08, 0xf5, 0x08, 0xf5, 0x08, 0xf5, 0x08, 0xf5,
  0x08, 0xf5, 0x08, 0xf5, 0x08, 0xf5, 0x08, 0xf5, 0x08, 0xf5, 0x00, 0x00, 0x00, 0x00, 0x00, 0x00, 0x00, 0x00, 0x00, 0x00, 0x00, 0x00, 0x00, 0x00,
  0x00, 0x00, 0x00, 0x00, 0x00, 0x00, 0x00, 0x00, 0x00, 0x00, 0x00, 0x00, 0x00, 0x00, 0x00, 0x00, 0x43, 0xc3, 0x43, 0xc3, 0x00, 0x00, 0x00, 0x00,
  0x00, 0x00, 0x00, 0x00, 0x00, 0x00, 0x00, 0x00, 0x00, 0x00, 0x08, 0xf5, 0x08, 0xf5, 0x00, 0x00, 0x00, 0x00, 0x00, 0x00, 0x00, 0x00, 0x00, 0x00,
  0x00, 0x00, 0x00, 0x00, 0x00, 0x00, 0x00, 0x00, 0x00, 0x00, 0x00, 0x00, 0x00, 0x00, 0x00, 0x00, 0x00, 0x00, 0x00, 0x00, 0x43, 0xc3, 0x43, 0xc3,
  0x00, 0x00, 0x00, 0x00, 0x00, 0x00, 0x00, 0x00, 0x00, 0x00, 0x00, 0x00, 0x00, 0x00, 0x08, 0xf5, 0x08, 0xf5, 0x00, 0x00, 0x00, 0x00, 0x00, 0x00,
  0x00, 0x00, 0x00, 0x00, 0x00, 0x00, 0x00, 0x00, 0x00, 0x00, 0x00, 0x00, 0x00, 0x00, 0x00, 0x00, 0x00, 0x00, 0x00, 0x00, 0x00, 0x00, 0x00, 0x00,
  0x43, 0xc3, 0x43, 0xc3, 0x00, 0x00, 0x00, 0x00, 0x00, 0x00, 0x00, 0x00, 0x00, 0x00, 0x00, 0x00, 0x00, 0x00, 0x43, 0xc3, 0x43, 0xc3, 0x00, 0x00,
  0x00, 0x00, 0x00, 0x00, 0x00, 0x00, 0x00, 0x00, 0x00, 0x00, 0x00, 0x00, 0x00, 0x00, 0x00, 0x00, 0x00, 0x00, 0x00, 0x00, 0x00, 0x00, 0x00, 0x00,
  0x00, 0x00, 0x00, 0x00, 0x00, 0x00, 0x00, 0x00, 0x00, 0x00, 0x00, 0x00, 0x00, 0x00, 0x00, 0x00, 0x00, 0x00, 0x00, 0x00, 0x00, 0x00, 0x00, 0x00,
  0x00, 0x00, 0x00, 0x00, 0x00, 0x00, 0x00, 0x00, 0x00, 0x00, 0x00, 0x00, 0xff, 0x00, 0x00, 0x00, 0x00, 0xff, 0x00, 0x00, 0x00, 0x00, 0x00, 0x00,
  0x00, 0x00, 0x00, 0x00, 0x00, 0x00, 0x00, 0x00, 0x00, 0x00, 0x00, 0x00, 0x00, 0x00, 0xff, 0xff, 0x00, 0x00, 0xff, 0xff, 0x00, 0x00, 0x00, 0x00,
  0x00, 0x00, 0x00, 0x00, 0x00, 0x00, 0x00, 0x00, 0x00, 0x00, 0x00, 0x00, 0x00, 0x00, 0x00, 0xff, 0xff, 0xff, 0xff, 0xff, 0xff, 0xff, 0x00, 0x00,
  0x00, 0x00, 0x00, 0x00, 0x00, 0x00, 0x00, 0x00, 0x00, 0x00, 0x00, 0x00, 0x00, 0x00, 0x00, 0x00, 0x00, 0xff, 0xff, 0xff, 0xff, 0xff, 0xff, 0xff,
  0xff, 0x00, 0x00, 0x00, 0x00, 0x00, 0x00, 0x00, 0x00, 0x00, 0x00, 0x00, 0x00, 0x00, 0x00, 0x00, 0x00, 0x00, 0xff, 0xff, 0xff, 0xff, 0xff, 0xff,
  0xff, 0xff, 0xff, 0x00, 0x00, 0x00, 0x00, 0x00, 0x00, 0x00, 0x00, 0xff, 0xff, 0xff, 0xff, 0xff, 0xff, 0xff, 0xff, 0x00, 0xff, 0xff, 0xff, 0xff,
  0xff, 0xff, 0xff, 0xff, 0xff, 0x00, 0xff, 0xff, 0x00, 0x00, 0x00, 0xff, 0xff, 0xff, 0xff, 0xff, 0xff, 0xff, 0xff, 0xff, 0xff, 0xff, 0xff, 0xff,
  0xff, 0xff, 0xff, 0xff, 0xff, 0xff, 0xff, 0x00, 0xff, 0xff, 0xff, 0xff, 0xff, 0xff, 0xff, 0xff, 0xff, 0xff, 0xff, 0xff, 0xff, 0xff, 0xff, 0xff,
  0xff, 0xff, 0xff, 0xff, 0xff, 0xff, 0xff, 0xff, 0xff, 0x00, 0x00, 0x00, 0xff, 0xff, 0xff, 0xff, 0xff, 0xff, 0xff, 0xff, 0xff, 0xff, 0xff, 0xff,
  0xff, 0xff, 0xff, 0xff, 0xff, 0xff, 0xff, 0xff, 0xff, 0xff, 0x00, 0x00, 0x00, 0x00, 0x00, 0xff, 0xff, 0xff, 0xff, 0xff, 0xff, 0xff, 0xff, 0xff,
  0xff, 0xff, 0xff, 0xff, 0xff, 0xff, 0xff, 0xff, 0xff, 0xff, 0x00, 0x00, 0x00, 0x00, 0x00, 0x00, 0x00, 0x00, 0x00, 0xff, 0xff, 0xff, 0xff, 0xff,
  0xff, 0xff, 0xff, 0xff, 0xff, 0xff, 0xff, 0x00, 0x00, 0x00, 0x00, 0x00, 0x00, 0x00, 0x00, 0x00, 0x00, 0x00, 0x00, 0x00, 0x00, 0x00, 0xff, 0xff,
  0xff, 0xff, 0xff, 0xff, 0xff, 0xff, 0xff, 0xff, 0xff, 0x00, 0x00, 0x00, 0x00, 0x00, 0x00, 0x00, 0x00, 0x00, 0x00, 0x00, 0x00, 0x00, 0x00, 0x00,
  0xff, 0xff, 0x00, 0x00, 0x00, 0x00, 0x00, 0x00, 0x00, 0xff, 0xff, 0x00, 0x00, 0x00, 0x00, 0x00, 0x00, 0x00, 0x00, 0x00, 0x00, 0x00, 0x00, 0x00,
  0x00, 0x00, 0xff, 0xff, 0x00, 0x00, 0x00, 0x00, 0x00, 0x00, 0x00, 0xff, 0xff, 0x00, 0x00, 0x00, 0x00, 0x00, 0x00, 0x00, 0x00, 0x00, 0x00, 0x00,
  0x00, 0x00, 0x00, 0x00, 0xff, 0xff, 0x00, 0x00, 0x00, 0x00, 0x00, 0x00, 0x00, 0xff, 0xff, 0x00, 0x00, 0x00, 0x00, 0x00, 0x00, 0x00, 0x00, 0x00,
};
static const lv_image_dsc_t spr_cat_run_r3 = {
    .header = {.magic = LV_IMAGE_HEADER_MAGIC, .cf = LV_COLOR_FORMAT_RGB565A8, .flags = 0,
               .w = 26, .h = 16, .stride = 52, .reserved_2 = 0},
    .data_size = sizeof(spr_cat_run_r3_px),
    .data = spr_cat_run_r3_px,
    .reserved = nullptr,
};

static const uint8_t spr_cat_run_l3_px[] = {
  0x00, 0x00, 0x00, 0x00, 0x00, 0x00, 0x00, 0x00, 0x00, 0x00, 0x00, 0x00, 0x00, 0x00, 0x00, 0x00, 0x00, 0x00, 0x00, 0x00, 0x00, 0x00, 0x00, 0x00,
  0x00, 0x00, 0x00, 0x00, 0x00, 0x00, 0x00, 0x00, 0x00, 0x00, 0x00, 0x00, 0x00, 0x00, 0x00, 0x00, 0x00, 0x00, 0x00, 0x00, 0x00, 0x00, 0x00, 0x00,
  0x00, 0x00, 0x00, 0x00, 0x00, 0x00, 0x00, 0x00, 0x08, 0xf5, 0x00, 0x00, 0x00, 0x00, 0x00, 0x00, 0x00, 0x00, 0x08, 0xf5, 0x00, 0x00, 0x00, 0x00,
  0x00, 0x00, 0x00, 0x00, 0x00, 0x00, 0x00, 0x00, 0x00, 0x00, 0x00, 0x00, 0x00, 0x00, 0x00, 0x00, 0x00, 0x00, 0x00, 0x00, 0x00, 0x00, 0x00, 0x00,
  0x00, 0x00, 0x00, 0x00, 0x00, 0x00, 0x00, 0x00, 0x00, 0x00, 0x00, 0x00, 0x08, 0xf5, 0x08, 0xf5, 0x00, 0x00, 0x00, 0x00, 0x08, 0xf5, 0x08, 0xf5,
  0x00, 0x00, 0x00, 0x00, 0x00, 0x00, 0x00, 0x00, 0x00, 0x00, 0x00, 0x00, 0x00, 0x00, 0x00, 0x00, 0x00, 0x00, 0x00, 0x00, 0x00, 0x00, 0x00, 0x00,
  0x00, 0x00, 0x00, 0x00, 0x00, 0x00, 0x00, 0x00, 0x00, 0x00, 0x00, 0x00, 0x00, 0x00, 0x00, 0x00, 0x08, 0xf5, 0x08, 0xf5, 0x08, 0xf5, 0x08, 0xf5,
  0x08, 0xf5, 0x08, 0xf5, 0x08, 0xf5, 0x00, 0x00, 0x00, 0x00, 0x00, 0x00, 0x00, 0x00, 0x00, 0x00, 0x00, 0x00, 0x00, 0x00, 0x00, 0x00, 0x00, 0x00,
  0x00, 0x00, 0x00, 0x00, 0x00, 0x00, 0x00, 0x00, 0x00, 0x00, 0x00, 0x00, 0x00, 0x00, 0x00, 0x00, 0x00, 0x00, 0x08, 0xf5, 0x08, 0xf5, 0x08, 0xf5,
  0x08, 0xf5, 0x08, 0xf5, 0x08, 0xf5, 0x08, 0xf5, 0x08, 0xf5, 0x00, 0x00, 0x00, 0x00, 0x00, 0x00, 0x00, 0x00, 0x00, 0x00, 0x00, 0x00, 0x00, 0x00,
  0x00, 0x00, 0x00, 0x00, 0x00, 0x00, 0x00, 0x00, 0x00, 0x00, 0x00, 0x00, 0x00, 0x00, 0x00, 0x00, 0x00, 0x00, 0x00, 0x00, 0x00, 0x00, 0x08, 0xf5,
  0x08, 0xf5, 0x08, 0xf5, 0x08, 0xf5, 0x08, 0xf5, 0x08, 0xf5, 0x08, 0xf5, 0x08, 0xf5, 0x08, 0xf5, 0x00, 0x00, 0x00, 0x00, 0x00, 0x00, 0x00, 0x00,
  0x00, 0x00, 0x00, 0x00, 0x00, 0x00, 0x00, 0x00, 0x00, 0x00, 0x00, 0x00, 0x00, 0x00, 0x00, 0x00, 0x00, 0x00, 0x00, 0x00, 0x00, 0x00, 0x00, 0x00,
  0x00, 0x00, 0x08, 0xf5, 0x08, 0xf5, 0xc2, 0x18, 0x08, 0xf5, 0x08, 0xf5, 0x08, 0xf5, 0x08, 0xf5, 0x08, 0xf5, 0x08, 0xf5, 0x00, 0x00, 0x08, 0xf5,
  0x08, 0xf5, 0x08, 0xf5, 0x08, 0xf5, 0x08, 0xf5, 0x08, 0xf5, 0x08, 0xf5, 0x08, 0xf5, 0x00, 0x00, 0x00, 0x00, 0x00, 0x00, 0x00, 0x00, 0x00, 0x00,
  0x00, 0x00, 0x00, 0x00, 0x00, 0x00, 0x74, 0xfc, 0x08, 0xf5, 0x08, 0xf5, 0x08, 0xf5, 0x08, 0xf5, 0x08, 0xf5, 0x08, 0xf5, 0x08, 0xf5, 0x08, 0xf5,
  0x08, 0xf5, 0x43, 0xc3, 0x08, 0xf5, 0x08, 0xf5, 0x08, 0xf5, 0x43, 0xc3, 0x08, 0xf5, 0x08, 0xf5, 0x08, 0xf5, 0x43, 0xc3, 0x08, 0xf5, 0x00, 0x00,
  0x00, 0x00, 0x00, 0x00, 0x08, 0xf5, 0x08, 0xf5, 0x00, 0x00, 0x08, 0xf5, 0x08, 0xf5, 0x08, 0xf5, 0x08, 0xf5, 0x08, 0xf5, 0x08, 0xf5, 0x08, 0xf5,
  0x08, 0xf5, 0x08, 0xf5, 0x08, 0xf5, 0x43, 0xc3, 0x08, 0xf5, 0x08, 0xf5, 0x08, 0xf5, 0x43, 0xc3, 0x08, 0xf5, 0x08, 0xf5, 0x08, 0xf5, 0x43, 0xc3,
  0x08, 0xf5, 0x08, 0xf5, 0x08, 0xf5, 0x08, 0xf5, 0x08, 0xf5, 0x08, 0xf5, 0x00, 0x00, 0x00, 0x00, 0x08, 0xf5, 0x08, 0xf5, 0x08, 0xf5, 0x08, 0xf5,
  0x08, 0xf5, 0x08, 0xf5, 0x08, 0xf5, 0x08, 0xf5, 0x08, 0xf5, 0x43, 0xc3, 0x08, 0xf5, 0x08, 0xf5, 0x08, 0xf5, 0x43, 0xc3, 0x08, 0xf5, 0x08, 0xf5,
  0x08, 0xf5, 0x43, 0xc3, 0x08, 0xf5, 0x08, 0xf5, 0x08, 0xf5, 0x08, 0xf5, 0x00, 0x00, 0x00, 0x00, 0x00, 0x00, 0x00, 0x00, 0x00, 0x00, 0x00, 0x00,
  0x08, 0xf5, 0x08, 0xf5, 0x08, 0xf5, 0x08, 0xf5, 0x08, 0xf5, 0x08, 0xf5, 0x08, 0xf5, 0x08, 0xf5, 0x08, 0xf5, 0x08, 0xf5, 0x08, 0xf5, 0x08, 0xf5,
  0x08, 0xf5, 0x08, 0xf5, 0x08, 0xf5, 0x08, 0xf5, 0x08, 0xf5, 0x08, 0xf5, 0x08, 0xf5, 0x00, 0x00, 0x00, 0x00, 0x00, 0x00, 0x00, 0x00, 0x00, 0x00,
  0x00, 0x00, 0x00, 0x00, 0x00, 0x00, 0x00, 0x00, 0x00, 0x00, 0x00, 0x00, 0x00, 0x00, 0x08, 0xf5, 0x08, 0xf5, 0xb4, 0xfe, 0xb4, 0xfe, 0xb4, 0xfe,
  0xb4, 0xfe, 0xb4, 0xfe, 0xb4, 0xfe, 0xb4, 0xfe, 0x43, 0xc3, 0x43, 0xc3, 0x08, 0xf5, 0x00, 0x00, 0x00, 0x00, 0x00, 0x00, 0x00, 0x00, 0x00, 0x00,
  0x00, 0x00, 0x00, 0x00, 0x00, 0x00, 0x00, 0x00, 0x00, 0x00, 0x00, 0x00, 0x00, 0x00, 0x00, 0x00, 0x00, 0x00, 0x08, 0xf5, 0x08, 0xf5, 0x08, 0xf5,
  0x08, 0xf5, 0x08, 0xf5, 0x08, 0xf5, 0x08, 0xf5, 0x08, 0xf5, 0x08, 0xf5, 0x43, 0xc3, 0x43, 0xc3, 0x00, 0x00, 0x00, 0x00, 0x00, 0x00, 0x00, 0x00,
  0x00, 0x00, 0x00, 0x00, 0x00, 0x00, 0x00, 0x00, 0x00, 0x00, 0x00, 0x00, 0x00, 0x00, 0x00, 0x00, 0x00, 0x00, 0x00, 0x00, 0x00, 0x00, 0x08, 0xf5,
  0x08, 0xf5, 0x00, 0x00, 0x00, 0x00, 0x00, 0x00, 0x00, 0x00, 0x00, 0x00, 0x00, 0x00, 0x00, 0x00, 0x43, 0xc3, 0x43, 0xc3, 0x00, 0x00, 0x00, 0x00,
  0x00, 0x00, 0x00, 0x00, 0x00, 0x00, 0x00, 0x00, 0x00, 0x00, 0x00, 0x00, 0x00, 0x00, 0x00, 0x00, 0x00, 0x00, 0x00, 0x00, 0x00, 0x00, 0x00, 0x00,
  0x00, 0x00, 0x08, 0xf5, 0x08, 0xf5, 0x00, 0x00, 0x00, 0x00, 0x00, 0x00, 0x00, 0x00, 0x00, 0x00, 0x00, 0x00, 0x00, 0x00, 0x43, 0xc3, 0x43, 0xc3,
  0x00, 0x00, 0x00, 0x00, 0x00, 0x00, 0x00, 0x00, 0x00, 0x00, 0x00, 0x00, 0x00, 0x00, 0x00, 0x00, 0x00, 0x00, 0x00, 0x00, 0x00, 0x00, 0x00, 0x00,
  0x00, 0x00, 0x00, 0x00, 0x00, 0x00, 0x43, 0xc3, 0x43, 0xc3, 0x00, 0x00, 0x00, 0x00, 0x00, 0x00, 0x00, 0x00, 0x00, 0x00, 0x00, 0x00, 0x00, 0x00,
  0x43, 0xc3, 0x43, 0xc3, 0x00, 0x00, 0x00, 0x00, 0x00, 0x00, 0x00, 0x00, 0x00, 0x00, 0x00, 0x00, 0x00, 0x00, 0x00, 0x00, 0x00, 0x00, 0x00, 0x00,
  0x00, 0x00, 0x00, 0x00, 0x00, 0x00, 0x00, 0x00, 0x00, 0x00, 0x00, 0x00, 0x00, 0x00, 0x00, 0x00, 0x00, 0x00, 0x00, 0x00, 0xff, 0x00, 0x00, 0x00,
  0x00, 0xff, 0x00, 0x00, 0x00, 0x00, 0x00, 0x00, 0x00, 0x00, 0x00, 0x00, 0x00, 0x00, 0x00, 0x00, 0x00, 0x00, 0x00, 0x00, 0x00, 0x00, 0xff, 0xff,
  0x00, 0x00, 0xff, 0xff, 0x00, 0x00, 0x00, 0x00, 0x00, 0x00, 0x00, 0x00, 0x00, 0x00, 0x00, 0x00, 0x00, 0x00, 0x00, 0x00, 0x00, 0x00, 0x00, 0x00,
  0xff, 0xff, 0xff, 0xff, 0xff, 0xff, 0xff, 0x00, 0x00, 0x00, 0x00, 0x00, 0x00, 0x00, 0x00, 0x00, 0x00, 0x00, 0x00, 0x00, 0x00, 0x00, 0x00, 0x00,
  0x00, 0xff, 0xff, 0xff, 0xff, 0xff, 0xff, 0xff, 0xff, 0x00, 0x00, 0x00, 0x00, 0x00, 0x00, 0x00, 0x00, 0x00, 0x00, 0x00, 0x00, 0x00, 0x00, 0x00,
  0x00, 0x00, 0x00, 0xff, 0xff, 0xff, 0xff, 0xff, 0xff, 0xff, 0xff, 0xff, 0x00, 0x00, 0x00, 0x00, 0x00, 0x00, 0x00, 0x00, 0x00, 0x00, 0x00, 0x00,
  0x00, 0x00, 0x00, 0x00, 0x00, 0xff, 0xff, 0xff, 0xff, 0xff, 0xff, 0xff, 0xff, 0xff, 0x00, 0xff, 0xff, 0xff, 0xff, 0xff, 0xff, 0xff, 0xff, 0x00,
  0x00, 0x00, 0x00, 0x00, 0x00, 0x00, 0x00, 0xff, 0xff, 0xff, 0xff, 0xff, 0xff, 0xff, 0xff, 0xff, 0xff, 0xff, 0xff, 0xff, 0xff, 0xff, 0xff, 0xff,
  0xff, 0xff, 0xff, 0x00, 0x00, 0x00, 0xff, 0xff, 0x00, 0xff, 0xff, 0xff, 0xff, 0xff, 0xff, 0xff, 0xff, 0xff, 0xff, 0xff, 0xff, 0xff, 0xff, 0xff,
  0xff, 0xff, 0xff, 0xff, 0xff, 0xff, 0xff, 0xff, 0xff, 0xff, 0x00, 0x00, 0xff, 0xff, 0xff, 0xff, 0xff, 0xff, 0xff, 0xff, 0xff, 0xff, 0xff, 0xff,
  0xff, 0xff, 0xff, 0xff, 0xff, 0xff, 0xff, 0xff, 0xff, 0xff, 0x00, 0x00, 0x00, 0x00, 0x00, 0x00, 0xff, 0xff, 0xff, 0xff, 0xff, 0xff, 0xff, 0xff,
  0xff, 0xff, 0xff, 0xff, 0xff, 0xff, 0xff, 0xff, 0xff, 0xff, 0xff, 0x00, 0x00, 0x00, 0x00, 0x00, 0x00, 0x00, 0x00, 0x00, 0x00, 0x00, 0x00, 0xff,
  0xff, 0xff, 0xff, 0xff, 0xff, 0xff, 0xff, 0xff, 0xff, 0xff, 0xff, 0x00, 0x00, 0x00, 0x00, 0x00, 0x00, 0x00, 0x00, 0x00, 0x00, 0x00, 0x00, 0x00,
  0x00, 0xff, 0xff, 0xff, 0xff, 0xff, 0xff, 0xff, 0xff, 0xff, 0xff, 0xff, 0x00, 0x00, 0x00, 0x00, 0x00, 0x00, 0x00, 0x00, 0x00, 0x00, 0x00, 0x00,
  0x00, 0x00, 0x00, 0xff, 0xff, 0x00, 0x00, 0x00, 0x00, 0x00, 0x00, 0x00, 0xff, 0xff, 0x00, 0x00, 0x00, 0x00, 0x00, 0x00, 0x00, 0x00, 0x00, 0x00,
  0x00, 0x00, 0x00, 0x00, 0x00, 0xff, 0xff, 0x00, 0x00, 0x00, 0x00, 0x00, 0x00, 0x00, 0xff, 0xff, 0x00, 0x00, 0x00, 0x00, 0x00, 0x00, 0x00, 0x00,
  0x00, 0x00, 0x00, 0x00, 0x00, 0x00, 0x00, 0xff, 0xff, 0x00, 0x00, 0x00, 0x00, 0x00, 0x00, 0x00, 0xff, 0xff, 0x00, 0x00, 0x00, 0x00, 0x00, 0x00,
};
static const lv_image_dsc_t spr_cat_run_l3 = {
    .header = {.magic = LV_IMAGE_HEADER_MAGIC, .cf = LV_COLOR_FORMAT_RGB565A8, .flags = 0,
               .w = 26, .h = 16, .stride = 52, .reserved_2 = 0},
    .data_size = sizeof(spr_cat_run_l3_px),
    .data = spr_cat_run_l3_px,
    .reserved = nullptr,
};

static const uint8_t spr_cat_sit_r_px[] = {
  0x00, 0x00, 0x00, 0x00, 0x00, 0x00, 0x00, 0x00, 0x00, 0x00, 0x00, 0x00, 0x00, 0x00, 0x00, 0x00, 0x00, 0x00, 0x00, 0x00, 0x00, 0x00, 0x00, 0x00,
  0x08, 0xf5, 0x00, 0x00, 0x00, 0x00, 0x00, 0x00, 0x00, 0x00, 0x00, 0x00, 0x00, 0x00, 0x08, 0xf5, 0x00, 0x00, 0x00, 0x00, 0x00, 0x00, 0x00, 0x00,
  0x00, 0x00, 0x00, 0x00, 0x00, 0x00, 0x00, 0x00, 0x00, 0x00, 0x00, 0x00, 0x00, 0x00, 0x00, 0x00, 0x00, 0x00, 0x00, 0x00, 0x00, 0x00, 0x00, 0x00,
  0x00, 0x00, 0x00, 0x00, 0x08, 0xf5, 0x08, 0xf5, 0x08, 0xf5, 0x08, 0xf5, 0x08, 0xf5, 0x08, 0xf5, 0x08, 0xf5, 0x08, 0xf5, 0x00, 0x00, 0x00, 0x00,
  0x00, 0x00, 0x00, 0x00, 0x00, 0x00, 0x00, 0x00, 0x00, 0x00, 0x00, 0x00, 0x00, 0x00, 0x00, 0x00, 0x00, 0x00, 0x00, 0x00, 0x00, 0x00, 0x00, 0x00,
  0x00, 0x00, 0x00, 0x00, 0x00, 0x00, 0x08, 0xf5, 0x08, 0xf5, 0x08, 0xf5, 0x08, 0xf5, 0x08, 0xf5, 0x08, 0xf5, 0x08, 0xf5, 0x08, 0xf5, 0x08, 0xf5,
  0x08, 0xf5, 0x00, 0x00, 0x00, 0x00, 0x00, 0x00, 0x00, 0x00, 0x00, 0x00, 0x00, 0x00, 0x00, 0x00, 0x00, 0x00, 0x00, 0x00, 0x00, 0x00, 0x00, 0x00,
  0x00, 0x00, 0x00, 0x00, 0x00, 0x00, 0x00, 0x00, 0x00, 0x00, 0x08, 0xf5, 0x08, 0xf5, 0x08, 0xf5, 0x08, 0xf5, 0x08, 0xf5, 0x08, 0xf5, 0x08, 0xf5,
  0x08, 0xf5, 0x08, 0xf5, 0x08, 0xf5, 0x00, 0x00, 0x00, 0x00, 0x00, 0x00, 0x00, 0x00, 0x00, 0x00, 0x00, 0x00, 0x00, 0x00, 0x00, 0x00, 0x00, 0x00,
  0x00, 0x00, 0x00, 0x00, 0x00, 0x00, 0x00, 0x00, 0x00, 0x00, 0x00, 0x00, 0x00, 0x00, 0x08, 0xf5, 0x08, 0xf5, 0x08, 0xf5, 0xc2, 0x18, 0x08, 0xf5,
  0x08, 0xf5, 0xc2, 0x18, 0x08, 0xf5, 0x08, 0xf5, 0x08, 0xf5, 0x00, 0x00, 0x00, 0x00, 0x00, 0x00, 0x00, 0x00, 0x00, 0x00, 0x00, 0x00, 0x00, 0x00,
  0x00, 0x00, 0x00, 0x00, 0x00, 0x00, 0x00, 0x00, 0x00, 0x00, 0x00, 0x00, 0x00, 0x00, 0x00, 0x00, 0x00, 0x00, 0x08, 0xf5, 0x08, 0xf5, 0x08, 0xf5,
  0x08, 0xf5, 0x08, 0xf5, 0x08, 0xf5, 0x08, 0xf5, 0x08, 0xf5, 0x08, 0xf5, 0x08, 0xf5, 0x00, 0x00, 0x00, 0x00, 0x00, 0x00, 0x00, 0x00, 0x00, 0x00,
  0x00, 0x00, 0x00, 0x00, 0x00, 0x00, 0x00, 0x00, 0x00, 0x00, 0x00, 0x00, 0x00, 0x00, 0x00, 0x00, 0x00, 0x00, 0x00, 0x00, 0x08, 0xf5, 0x08, 0xf5,
  0x08, 0xf5, 0x08, 0xf5, 0x08, 0xf5, 0x74, 0xfc, 0x74, 0xfc, 0x08, 0xf5, 0x08, 0xf5, 0x08, 0xf5, 0x08, 0xf5, 0x00, 0x00, 0x00, 0x00, 0x00, 0x00,
  0x00, 0x00, 0x00, 0x00, 0x00, 0x00, 0x00, 0x00, 0x00, 0x00, 0x00, 0x00, 0x00, 0x00, 0x00, 0x00, 0x00, 0x00, 0x00, 0x00, 0x08, 0xf5, 0x08, 0xf5,
  0x08, 0xf5, 0x08, 0xf5, 0x08, 0xf5, 0x08, 0xf5, 0x08, 0xf5, 0x08, 0xf5, 0x08, 0xf5, 0x08, 0xf5, 0x08, 0xf5, 0x08, 0xf5, 0x00, 0x00, 0x00, 0x00,
  0x00, 0x00, 0x00, 0x00, 0x00, 0x00, 0x00, 0x00, 0x00, 0x00, 0x00, 0x00, 0x00, 0x00, 0x00, 0x00, 0x00, 0x00, 0x00, 0x00, 0x00, 0x00, 0x08, 0xf5,
  0x08, 0xf5, 0x43, 0xc3, 0x08, 0xf5, 0x08, 0xf5, 0x08, 0xf5, 0x08, 0xf5, 0x08, 0xf5, 0x08, 0xf5, 0x08, 0xf5, 0x08, 0xf5, 0x00, 0x00, 0x00, 0x00,
  0x00, 0x00, 0x00, 0x00, 0x00, 0x00, 0x00, 0x00, 0x00, 0x00, 0x00, 0x00, 0x00, 0x00, 0x00, 0x00, 0x00, 0x00, 0x00, 0x00, 0x00, 0x00, 0x00, 0x00,
  0x08, 0xf5, 0x08, 0xf5, 0x08, 0xf5, 0x43, 0xc3, 0x08, 0xf5, 0x08, 0xf5, 0x43, 0xc3, 0x08, 0xf5, 0x08, 0xf5, 0x08, 0xf5, 0x08, 0xf5, 0x08, 0xf5,
  0x00, 0x00, 0x00, 0x00, 0x00, 0x00, 0x00, 0x00, 0x00, 0x00, 0x00, 0x00, 0x00, 0x00, 0x00, 0x00, 0x00, 0x00, 0x00, 0x00, 0x00, 0x00, 0x00, 0x00,
  0x00, 0x00, 0x00, 0x00, 0x08, 0xf5, 0x08, 0xf5, 0x08, 0xf5, 0x43, 0xc3, 0x08, 0xf5, 0x08, 0xf5, 0x43, 0xc3, 0xb4, 0xfe, 0xb4, 0xfe, 0xb4, 0xfe,
  0x08, 0xf5, 0x08, 0xf5, 0x00, 0x00, 0x00, 0x00, 0x00, 0x00, 0x00, 0x00, 0x00, 0x00, 0x00, 0x00, 0x00, 0x00, 0x00, 0x00, 0x00, 0x00, 0x00, 0x00,
  0x00, 0x00, 0x00, 0x00, 0x00, 0x00, 0x00, 0x00, 0x08, 0xf5, 0x08, 0xf5, 0x08, 0xf5, 0x43, 0xc3, 0x08, 0xf5, 0x08, 0xf5, 0xb4, 0xfe, 0xb4, 0xfe,
  0xb4, 0xfe, 0xb4, 0xfe, 0xb4, 0xfe, 0x08, 0xf5, 0x00, 0x00, 0x00, 0x00, 0x00, 0x00, 0x00, 0x00, 0x00, 0x00, 0x00, 0x00, 0x00, 0x00, 0x00, 0x00,
  0x00, 0x00, 0x00, 0x00, 0x43, 0xc3, 0x00, 0x00, 0x00, 0x00, 0x00, 0x00, 0x08, 0xf5, 0x08, 0xf5, 0x08, 0xf5, 0x08, 0xf5, 0x08, 0xf5, 0x08, 0xf5,
  0xb4, 0xfe, 0xb4, 0xfe, 0xb4, 0xfe, 0xb4, 0xfe, 0xb4, 0xfe, 0x08, 0xf5, 0x00, 0x00, 0x00, 0x00, 0x00, 0x00, 0x00, 0x00, 0x00, 0x00, 0x00, 0x00,
  0x00, 0x00, 0x00, 0x00, 0x00, 0x00, 0x00, 0x00, 0x43, 0xc3, 0x00, 0x00, 0x00, 0x00, 0x00, 0x00, 0x00, 0x00, 0x08, 0xf5, 0x08, 0xf5, 0x08, 0xf5,
  0x08, 0xf5, 0x08, 0xf5, 0xb4, 0xfe, 0x08, 0xf5, 0xb4, 0xfe, 0xb4, 0xfe, 0x08, 0xf5, 0x00, 0x00, 0x00, 0x00, 0x00, 0x00, 0x00, 0x00, 0x00, 0x00,
  0x00, 0x00, 0x00, 0x00, 0x00, 0x00, 0x00, 0x00, 0x00, 0x00, 0x00, 0x00, 0x43, 0xc3, 0x00, 0x00, 0x00, 0x00, 0x00, 0x00, 0x00, 0x00, 0x00, 0x00,
  0x08, 0xf5, 0x08, 0xf5, 0x08, 0xf5, 0x08, 0xf5, 0xb4, 0xfe, 0x08, 0xf5, 0xb4, 0xfe, 0xb4, 0xfe, 0x08, 0xf5, 0x00, 0x00, 0x00, 0x00, 0x00, 0x00,
  0x00, 0x00, 0x00, 0x00, 0x00, 0x00, 0x00, 0x00, 0x00, 0x00, 0x00, 0x00, 0x00, 0x00, 0x00, 0x00, 0x00, 0x00, 0x43, 0xc3, 0x43, 0xc3, 0x43, 0xc3,
  0x43, 0xc3, 0x43, 0xc3, 0x43, 0xc3, 0x43, 0xc3, 0x08, 0xf5, 0x08, 0xf5, 0x08, 0xf5, 0x08, 0xf5, 0xb4, 0xfe, 0xb4, 0xfe, 0x08, 0xf5, 0x00, 0x00,
  0x00, 0x00, 0x00, 0x00, 0x00, 0x00, 0x00, 0x00, 0x00, 0x00, 0x00, 0x00, 0x00, 0x00, 0x00, 0x00, 0x00, 0x00, 0x00, 0x00, 0x00, 0x00, 0x00, 0x00,
  0x00, 0x00, 0x00, 0x00, 0xff, 0x00, 0x00, 0x00, 0x00, 0x00, 0x00, 0xff, 0x00, 0x00, 0x00, 0x00, 0x00, 0x00, 0x00, 0x00, 0x00, 0x00, 0x00, 0x00,
  0x00, 0x00, 0x00, 0x00, 0x00, 0x00, 0xff, 0xff, 0xff, 0xff, 0xff, 0xff, 0xff, 0xff, 0x00, 0x00, 0x00, 0x00, 0x00, 0x00, 0x00, 0x00, 0x00, 0x00,
  0x00, 0x00, 0x00, 0x00, 0x00, 0x00, 0x00, 0xff, 0xff, 0xff, 0xff, 0xff, 0xff, 0xff, 0xff, 0xff, 0xff, 0x00, 0x00, 0x00, 0x00, 0x00, 0x00, 0x00,
  0x00, 0x00, 0x00, 0x00, 0x00, 0x00, 0x00, 0x00, 0x00, 0xff, 0xff, 0xff, 0xff, 0xff, 0xff, 0xff, 0xff, 0xff, 0xff, 0x00, 0x00, 0x00, 0x00, 0x00,
  0x00, 0x00, 0x00, 0x00, 0x00, 0x00, 0x00, 0x00, 0x00, 0x00, 0x00, 0xff, 0xff, 0xff, 0xff, 0xff, 0xff, 0xff, 0xff, 0xff, 0xff, 0x00, 0x00, 0x00,
  0x00, 0x00, 0x00, 0x00, 0x00, 0x00, 0x00, 0x00, 0x00, 0x00, 0x00, 0x00, 0x00, 0xff, 0xff, 0xff, 0xff, 0xff, 0xff, 0xff, 0xff, 0xff, 0xff, 0x00,
  0x00, 0x00, 0x00, 0x00, 0x00, 0x00, 0x00, 0x00, 0x00, 0x00, 0x00, 0x00, 0x00, 0x00, 0xff, 0xff, 0xff, 0xff, 0xff, 0xff, 0xff, 0xff, 0xff, 0xff,
  0xff, 0x00, 0x00, 0x00, 0x00, 0x00, 0x00, 0x00, 0x00, 0x00, 0x00, 0x00, 0x00, 0x00, 0xff, 0xff, 0xff, 0xff, 0xff, 0xff, 0xff, 0xff, 0xff, 0xff,
  0xff, 0xff, 0x00, 0x00, 0x00, 0x00, 0x00, 0x00, 0x00, 0x00, 0x00, 0x00, 0x00, 0x00, 0x00, 0xff, 0xff, 0xff, 0xff, 0xff, 0xff, 0xff, 0xff, 0xff,
  0xff, 0xff, 0x00, 0x00, 0x00, 0x00, 0x00, 0x00, 0x00, 0x00, 0x00, 0x00, 0x00, 0x00, 0x00, 0x00, 0xff, 0xff, 0xff, 0xff, 0xff, 0xff, 0xff, 0xff,
  0xff, 0xff, 0xff, 0xff, 0x00, 0x00, 0x00, 0x00, 0x00, 0x00, 0x00, 0x00, 0x00, 0x00, 0x00, 0x00, 0x00, 0x00, 0xff, 0xff, 0xff, 0xff, 0xff, 0xff,
  0xff, 0xff, 0xff, 0xff, 0xff, 0xff, 0x00, 0x00, 0x00, 0x00, 0x00, 0x00, 0x00, 0x00, 0x00, 0x00, 0x00, 0x00, 0x00, 0x00, 0xff, 0xff, 0xff, 0xff,
  0xff, 0xff, 0xff, 0xff, 0xff, 0xff, 0xff, 0xff, 0x00, 0x00, 0x00, 0x00, 0x00, 0x00, 0x00, 0x00, 0x00, 0x00, 0xff, 0x00, 0x00, 0x00, 0xff, 0xff,
  0xff, 0xff, 0xff, 0xff, 0xff, 0xff, 0xff, 0xff, 0xff, 0xff, 0x00, 0x00, 0x00, 0x00, 0x00, 0x00, 0x00, 0x00, 0x00, 0x00, 0xff, 0x00, 0x00, 0x00,
  0x00, 0xff, 0xff, 0xff, 0xff, 0xff, 0xff, 0xff, 0xff, 0xff, 0xff, 0x00, 0x00, 0x00, 0x00, 0x00, 0x00, 0x00, 0x00, 0x00, 0x00, 0x00, 0xff, 0x00,
  0x00, 0x00, 0x00, 0x00, 0xff, 0xff, 0xff, 0xff, 0xff, 0xff, 0xff, 0xff, 0xff, 0x00, 0x00, 0x00, 0x00, 0x00, 0x00, 0x00, 0x00, 0x00, 0x00, 0x00,
  0x00, 0xff, 0xff, 0xff, 0xff, 0xff, 0xff, 0xff, 0xff, 0xff, 0xff, 0xff, 0xff, 0xff, 0xff, 0x00, 0x00, 0x00, 0x00, 0x00, 0x00, 0x00, 0x00, 0x00,
};
static const lv_image_dsc_t spr_cat_sit_r = {
    .header = {.magic = LV_IMAGE_HEADER_MAGIC, .cf = LV_COLOR_FORMAT_RGB565A8, .flags = 0,
               .w = 26, .h = 16, .stride = 52, .reserved_2 = 0},
    .data_size = sizeof(spr_cat_sit_r_px),
    .data = spr_cat_sit_r_px,
    .reserved = nullptr,
};

static const uint8_t spr_cat_blink_r_px[] = {
  0x00, 0x00, 0x00, 0x00, 0x00, 0x00, 0x00, 0x00, 0x00, 0x00, 0x00, 0x00, 0x00, 0x00, 0x00, 0x00, 0x00, 0x00, 0x00, 0x00, 0x00, 0x00, 0x00, 0x00,
  0x08, 0xf5, 0x00, 0x00, 0x00, 0x00, 0x00, 0x00, 0x00, 0x00, 0x00, 0x00, 0x00, 0x00, 0x08, 0xf5, 0x00, 0x00, 0x00, 0x00, 0x00, 0x00, 0x00, 0x00,
  0x00, 0x00, 0x00, 0x00, 0x00, 0x00, 0x00, 0x00, 0x00, 0x00, 0x00, 0x00, 0x00, 0x00, 0x00, 0x00, 0x00, 0x00, 0x00, 0x00, 0x00, 0x00, 0x00, 0x00,
  0x00, 0x00, 0x00, 0x00, 0x08, 0xf5, 0x08, 0xf5, 0x08, 0xf5, 0x08, 0xf5, 0x08, 0xf5, 0x08, 0xf5, 0x08, 0xf5, 0x08, 0xf5, 0x00, 0x00, 0x00, 0x00,
  0x00, 0x00, 0x00, 0x00, 0x00, 0x00, 0x00, 0x00, 0x00, 0x00, 0x00, 0x00, 0x00, 0x00, 0x00, 0x00, 0x00, 0x00, 0x00, 0x00, 0x00, 0x00, 0x00, 0x00,
  0x00, 0x00, 0x00, 0x00, 0x00, 0x00, 0x08, 0xf5, 0x08, 0xf5, 0x08, 0xf5, 0x08, 0xf5, 0x08, 0xf5, 0x08, 0xf5, 0x08, 0xf5, 0x08, 0xf5, 0x08, 0xf5,
  0x08, 0xf5, 0x00, 0x00, 0x00, 0x00, 0x00, 0x00, 0x00, 0x00, 0x00, 0x00, 0x00, 0x00, 0x00, 0x00, 0x00, 0x00, 0x00, 0x00, 0x00, 0x00, 0x00, 0x00,
  0x00, 0x00, 0x00, 0x00, 0x00, 0x00, 0x00, 0x00, 0x00, 0x00, 0x08, 0xf5, 0x08, 0xf5, 0x08, 0xf5, 0x08, 0xf5, 0x08, 0xf5, 0x08, 0xf5, 0x08, 0xf5,
  0x08, 0xf5, 0x08, 0xf5, 0x08, 0xf5, 0x00, 0x00, 0x00, 0x00, 0x00, 0x00, 0x00, 0x00, 0x00, 0x00, 0x00, 0x00, 0x00, 0x00, 0x00, 0x00, 0x00, 0x00,
  0x00, 0x00, 0x00, 0x00, 0x00, 0x00, 0x00, 0x00, 0x00, 0x00, 0x00, 0x00, 0x00, 0x00, 0x08, 0xf5, 0x08, 0xf5, 0xc2, 0x18, 0xc2, 0x18, 0x08, 0xf5,
  0x08, 0xf5, 0xc2, 0x18, 0xc2, 0x18, 0x08, 0xf5, 0x08, 0xf5, 0x00, 0x00, 0x00, 0x00, 0x00, 0x00, 0x00, 0x00, 0x00, 0x00, 0x00, 0x00, 0x00, 0x00,
  0x00, 0x00, 0x00, 0x00, 0x00, 0x00, 0x00, 0x00, 0x00, 0x00, 0x00, 0x00, 0x00, 0x00, 0x00, 0x00, 0x00, 0x00, 0x08, 0xf5, 0x08, 0xf5, 0x08, 0xf5,
  0x08, 0xf5, 0x08, 0xf5, 0x08, 0xf5, 0x08, 0xf5, 0x08, 0xf5, 0x08, 0xf5, 0x08, 0xf5, 0x00, 0x00, 0x00, 0x00, 0x00, 0x00, 0x00, 0x00, 0x00, 0x00,
  0x00, 0x00, 0x00, 0x00, 0x00, 0x00, 0x00, 0x00, 0x00, 0x00, 0x00, 0x00, 0x00, 0x00, 0x00, 0x00, 0x00, 0x00, 0x00, 0x00, 0x08, 0xf5, 0x08, 0xf5,
  0x08, 0xf5, 0x08, 0xf5, 0x08, 0xf5, 0x74, 0xfc, 0x74, 0xfc, 0x08, 0xf5, 0x08, 0xf5, 0x08, 0xf5, 0x08, 0xf5, 0x00, 0x00, 0x00, 0x00, 0x00, 0x00,
  0x00, 0x00, 0x00, 0x00, 0x00, 0x00, 0x00, 0x00, 0x00, 0x00, 0x00, 0x00, 0x00, 0x00, 0x00, 0x00, 0x00, 0x00, 0x00, 0x00, 0x08, 0xf5, 0x08, 0xf5,
  0x08, 0xf5, 0x08, 0xf5, 0x08, 0xf5, 0x08, 0xf5, 0x08, 0xf5, 0x08, 0xf5, 0x08, 0xf5, 0x08, 0xf5, 0x08, 0xf5, 0x08, 0xf5, 0x00, 0x00, 0x00, 0x00,
  0x00, 0x00, 0x00, 0x00, 0x00, 0x00, 0x00, 0x00, 0x00, 0x00, 0x00, 0x00, 0x00, 0x00, 0x00, 0x00, 0x00, 0x00, 0x00, 0x00, 0x00, 0x00, 0x08, 0xf5,
  0x08, 0xf5, 0x43, 0xc3, 0x08, 0xf5, 0x08, 0xf5, 0x08, 0xf5, 0x08, 0xf5, 0x08, 0xf5, 0x08, 0xf5, 0x08, 0xf5, 0x08, 0xf5, 0x00, 0x00, 0x00, 0x00,
  0x00, 0x00, 0x00, 0x00, 0x00, 0x00, 0x00, 0x00, 0x00, 0x00, 0x00, 0x00, 0x00, 0x00, 0x00, 0x00, 0x00, 0x00, 0x00, 0x00, 0x00, 0x00, 0x00, 0x00,
  0x08, 0xf5, 0x08, 0xf5, 0x08, 0xf5, 0x43, 0xc3, 0x08, 0xf5, 0x08, 0xf5, 0x43, 0xc3, 0x08, 0xf5, 0x08, 0xf5, 0x08, 0xf5, 0x08, 0xf5, 0x08, 0xf5,
  0x00, 0x00, 0x00, 0x00, 0x00, 0x00, 0x00, 0x00, 0x00, 0x00, 0x00, 0x00, 0x00, 0x00, 0x00, 0x00, 0x00, 0x00, 0x00, 0x00, 0x00, 0x00, 0x00, 0x00,
  0x00, 0x00, 0x00, 0x00, 0x08, 0xf5, 0x08, 0xf5, 0x08, 0xf5, 0x43, 0xc3, 0x08, 0xf5, 0x08, 0xf5, 0x43, 0xc3, 0xb4, 0xfe, 0xb4, 0xfe, 0xb4, 0xfe,
  0x08, 0xf5, 0x08, 0xf5, 0x00, 0x00, 0x00, 0x00, 0x00, 0x00, 0x00, 0x00, 0x00, 0x00, 0x00, 0x00, 0x00, 0x00, 0x00, 0x00, 0x00, 0x00, 0x00, 0x00,
  0x00, 0x00, 0x00, 0x00, 0x00, 0x00, 0x00, 0x00, 0x08, 0xf5, 0x08, 0xf5, 0x08, 0xf5, 0x43, 0xc3, 0x08, 0xf5, 0x08, 0xf5, 0xb4, 0xfe, 0xb4, 0xfe,
  0xb4, 0xfe, 0xb4, 0xfe, 0xb4, 0xfe, 0x08, 0xf5, 0x00, 0x00, 0x00, 0x00, 0x00, 0x00, 0x00, 0x00, 0x00, 0x00, 0x00, 0x00, 0x00, 0x00, 0x00, 0x00,
  0x00, 0x00, 0x00, 0x00, 0x43, 0xc3, 0x00, 0x00, 0x00, 0x00, 0x00, 0x00, 0x08, 0xf5, 0x08, 0xf5, 0x08, 0xf5, 0x08, 0xf5, 0x08, 0xf5, 0x08, 0xf5,
  0xb4, 0xfe, 0xb4, 0xfe, 0xb4, 0xfe, 0xb4, 0xfe, 0xb4, 0xfe, 0x08, 0xf5, 0x00, 0x00, 0x00, 0x00, 0x00, 0x00, 0x00, 0x00, 0x00, 0x00, 0x00, 0x00,
  0x00, 0x00, 0x00, 0x00, 0x00, 0x00, 0x00, 0x00, 0x43, 0xc3, 0x00, 0x00, 0x00, 0x00, 0x00, 0x00, 0x00, 0x00, 0x08, 0xf5, 0x08, 0xf5, 0x08, 0xf5,
  0x08, 0xf5, 0x08, 0xf5, 0xb4, 0xfe, 0x08, 0xf5, 0xb4, 0xfe, 0xb4, 0xfe, 0x08, 0xf5, 0x00, 0x00, 0x00, 0x00, 0x00, 0x00, 0x00, 0x00, 0x00, 0x00,
  0x00, 0x00, 0x00, 0x00, 0x00, 0x00, 0x00, 0x00, 0x00, 0x00, 0x00, 0x00, 0x43, 0xc3, 0x00, 0x00, 0x00, 0x00, 0x00, 0x00, 0x00, 0x00, 0x00, 0x00,
  0x08, 0xf5, 0x08, 0xf5, 0x08, 0xf5, 0x08, 0xf5, 0xb4, 0xfe, 0x08, 0xf5, 0xb4, 0xfe, 0xb4, 0xfe, 0x08, 0xf5, 0x00, 0x00, 0x00, 0x00, 0x00, 0x00,
  0x00, 0x00, 0x00, 0x00, 0x00, 0x00, 0x00, 0x00, 0x00, 0x00, 0x00, 0x00, 0x00, 0x00, 0x00, 0x00, 0x00, 0x00, 0x43, 0xc3, 0x43, 0xc3, 0x43, 0xc3,
  0x43, 0xc3, 0x43, 0xc3, 0x43, 0xc3, 0x43, 0xc3, 0x08, 0xf5, 0x08, 0xf5, 0x08, 0xf5, 0x08, 0xf5, 0xb4, 0xfe, 0xb4, 0xfe, 0x08, 0xf5, 0x00, 0x00,
  0x00, 0x00, 0x00, 0x00, 0x00, 0x00, 0x00, 0x00, 0x00, 0x00, 0x00, 0x00, 0x00, 0x00, 0x00, 0x00, 0x00, 0x00, 0x00, 0x00, 0x00, 0x00, 0x00, 0x00,
  0x00, 0x00, 0x00, 0x00, 0xff, 0x00, 0x00, 0x00, 0x00, 0x00, 0x00, 0xff, 0x00, 0x00, 0x00, 0x00, 0x00, 0x00, 0x00, 0x00, 0x00, 0x00, 0x00, 0x00,
  0x00, 0x00, 0x00, 0x00, 0x00, 0x00, 0xff, 0xff, 0xff, 0xff, 0xff, 0xff, 0xff, 0xff, 0x00, 0x00, 0x00, 0x00, 0x00, 0x00, 0x00, 0x00, 0x00, 0x00,
  0x00, 0x00, 0x00, 0x00, 0x00, 0x00, 0x00, 0xff, 0xff, 0xff, 0xff, 0xff, 0xff, 0xff, 0xff, 0xff, 0xff, 0x00, 0x00, 0x00, 0x00, 0x00, 0x00, 0x00,
  0x00, 0x00, 0x00, 0x00, 0x00, 0x00, 0x00, 0x00, 0x00, 0xff, 0xff, 0xff, 0xff, 0xff, 0xff, 0xff, 0xff, 0xff, 0xff, 0x00, 0x00, 0x00, 0x00, 0x00,
  0x00, 0x00, 0x00, 0x00, 0x00, 0x00, 0x00, 0x00, 0x00, 0x00, 0x00, 0xff, 0xff, 0xff, 0xff, 0xff, 0xff, 0xff, 0xff, 0xff, 0xff, 0x00, 0x00, 0x00,
  0x00, 0x00, 0x00, 0x00, 0x00, 0x00, 0x00, 0x00, 0x00, 0x00, 0x00, 0x00, 0x00, 0xff, 0xff, 0xff, 0xff, 0xff, 0xff, 0xff, 0xff, 0xff, 0xff, 0x00,
  0x00, 0x00, 0x00, 0x00, 0x00, 0x00, 0x00, 0x00, 0x00, 0x00, 0x00, 0x00, 0x00, 0x00, 0xff, 0xff, 0xff, 0xff, 0xff, 0xff, 0xff, 0xff, 0xff, 0xff,
  0xff, 0x00, 0x00, 0x00, 0x00, 0x00, 0x00, 0x00, 0x00, 0x00, 0x00, 0x00, 0x00, 0x00, 0xff, 0xff, 0xff, 0xff, 0xff, 0xff, 0xff, 0xff, 0xff, 0xff,
  0xff, 0xff, 0x00, 0x00, 0x00, 0x00, 0x00, 0x00, 0x00, 0x00, 0x00, 0x00, 0x00, 0x00, 0x00, 0xff, 0xff, 0xff, 0xff, 0xff, 0xff, 0xff, 0xff, 0xff,
  0xff, 0xff, 0x00, 0x00, 0x00, 0x00, 0x00, 0x00, 0x00, 0x00, 0x00, 0x00, 0x00, 0x00, 0x00, 0x00, 0xff, 0xff, 0xff, 0xff, 0xff, 0xff, 0xff, 0xff,
  0xff, 0xff, 0xff, 0xff, 0x00, 0x00, 0x00, 0x00, 0x00, 0x00, 0x00, 0x00, 0x00, 0x00, 0x00, 0x00, 0x00, 0x00, 0xff, 0xff, 0xff, 0xff, 0xff, 0xff,
  0xff, 0xff, 0xff, 0xff, 0xff, 0xff, 0x00, 0x00, 0x00, 0x00, 0x00, 0x00, 0x00, 0x00, 0x00, 0x00, 0x00, 0x00, 0x00, 0x00, 0xff, 0xff, 0xff, 0xff,
  0xff, 0xff, 0xff, 0xff, 0xff, 0xff, 0xff, 0xff, 0x00, 0x00, 0x00, 0x00, 0x00, 0x00, 0x00, 0x00, 0x00, 0x00, 0xff, 0x00, 0x00, 0x00, 0xff, 0xff,
  0xff, 0xff, 0xff, 0xff, 0xff, 0xff, 0xff, 0xff, 0xff, 0xff, 0x00, 0x00, 0x00, 0x00, 0x00, 0x00, 0x00, 0x00, 0x00, 0x00, 0xff, 0x00, 0x00, 0x00,
  0x00, 0xff, 0xff, 0xff, 0xff, 0xff, 0xff, 0xff, 0xff, 0xff, 0xff, 0x00, 0x00, 0x00, 0x00, 0x00, 0x00, 0x00, 0x00, 0x00, 0x00, 0x00, 0xff, 0x00,
  0x00, 0x00, 0x00, 0x00, 0xff, 0xff, 0xff, 0xff, 0xff, 0xff, 0xff, 0xff, 0xff, 0x00, 0x00, 0x00, 0x00, 0x00, 0x00, 0x00, 0x00, 0x00, 0x00, 0x00,
  0x00, 0xff, 0xff, 0xff, 0xff, 0xff, 0xff, 0xff, 0xff, 0xff, 0xff, 0xff, 0xff, 0xff, 0xff, 0x00, 0x00, 0x00, 0x00, 0x00, 0x00, 0x00, 0x00, 0x00,
};
static const lv_image_dsc_t spr_cat_blink_r = {
    .header = {.magic = LV_IMAGE_HEADER_MAGIC, .cf = LV_COLOR_FORMAT_RGB565A8, .flags = 0,
               .w = 26, .h = 16, .stride = 52, .reserved_2 = 0},
    .data_size = sizeof(spr_cat_blink_r_px),
    .data = spr_cat_blink_r_px,
    .reserved = nullptr,
};

static const uint8_t spr_cat_sit_l_px[] = {
  0x00, 0x00, 0x00, 0x00, 0x00, 0x00, 0x00, 0x00, 0x00, 0x00, 0x00, 0x00, 0x08, 0xf5, 0x00, 0x00, 0x00, 0x00, 0x00, 0x00, 0x00, 0x00, 0x00, 0x00,
  0x00, 0x00, 0x08, 0xf5, 0x00, 0x00, 0x00, 0x00, 0x00, 0x00, 0x00, 0x00, 0x00, 0x00, 0x00, 0x00, 0x00, 0x00, 0x00, 0x00, 0x00, 0x00, 0x00, 0x00,
  0x00, 0x00, 0x00, 0x00, 0x00, 0x00, 0x00, 0x00, 0x00, 0x00, 0x00, 0x00, 0x00, 0x00, 0x00, 0x00, 0x08, 0xf5, 0x08, 0xf5, 0x08, 0xf5, 0x08, 0xf5,
  0x08, 0xf5, 0x08, 0xf5, 0x08, 0xf5, 0x08, 0xf5, 0x00, 0x00, 0x00, 0x00, 0x00, 0x00, 0x00, 0x00, 0x00, 0x00, 0x00, 0x00, 0x00, 0x00, 0x00, 0x00,
  0x00, 0x00, 0x00, 0x00, 0x00, 0x00, 0x00, 0x00, 0x00, 0x00, 0x00, 0x00, 0x00, 0x00, 0x00, 0x00, 0x00, 0x00, 0x08, 0xf5, 0x08, 0xf5, 0x08, 0xf5,
  0x08, 0xf5, 0x08, 0xf5, 0x08, 0xf5, 0x08, 0xf5, 0x08, 0xf5, 0x08, 0xf5, 0x08, 0xf5, 0x00, 0x00, 0x00, 0x00, 0x00, 0x00, 0x00, 0x00, 0x00, 0x00,
  0x00, 0x00, 0x00, 0x00, 0x00, 0x00, 0x00, 0x00, 0x00, 0x00, 0x00, 0x00, 0x00, 0x00, 0x00, 0x00, 0x00, 0x00, 0x00, 0x00, 0x00, 0x00, 0x08, 0xf5,
  0x08, 0xf5, 0x08, 0xf5, 0x08, 0xf5, 0x08, 0xf5, 0x08, 0xf5, 0x08, 0xf5, 0x08, 0xf5, 0x08, 0xf5, 0x08, 0xf5, 0x00, 0x00, 0x00, 0x00, 0x00, 0x00,
  0x00, 0x00, 0x00, 0x00, 0x00, 0x00, 0x00, 0x00, 0x00, 0x00, 0x00, 0x00, 0x00, 0x00, 0x00, 0x00, 0x00, 0x00, 0x00, 0x00, 0x00, 0x00, 0x00, 0x00,
  0x00, 0x00, 0x08, 0xf5, 0x08, 0xf5, 0x08, 0xf5, 0xc2, 0x18, 0x08, 0xf5, 0x08, 0xf5, 0xc2, 0x18, 0x08, 0xf5, 0x08, 0xf5, 0x08, 0xf5, 0x00, 0x00,
  0x00, 0x00, 0x00, 0x00, 0x00, 0x00, 0x00, 0x00, 0x00, 0x00, 0x00, 0x00, 0x00, 0x00, 0x00, 0x00, 0x00, 0x00, 0x00, 0x00, 0x00, 0x00, 0x00, 0x00,
  0x00, 0x00, 0x00, 0x00, 0x00, 0x00, 0x08, 0xf5, 0x08, 0xf5, 0x08, 0xf5, 0x08, 0xf5, 0x08, 0xf5, 0x08, 0xf5, 0x08, 0xf5, 0x08, 0xf5, 0x08, 0xf5,
  0x08, 0xf5, 0x00, 0x00, 0x00, 0x00, 0x00, 0x00, 0x00, 0x00, 0x00, 0x00, 0x00, 0x00, 0x00, 0x00, 0x00, 0x00, 0x00, 0x00, 0x00, 0x00, 0x00, 0x00,
  0x00, 0x00, 0x00, 0x00, 0x00, 0x00, 0x00, 0x00, 0x00, 0x00, 0x08, 0xf5, 0x08, 0xf5, 0x08, 0xf5, 0x08, 0xf5, 0x74, 0xfc, 0x74, 0xfc, 0x08, 0xf5,
  0x08, 0xf5, 0x08, 0xf5, 0x08, 0xf5, 0x08, 0xf5, 0x00, 0x00, 0x00, 0x00, 0x00, 0x00, 0x00, 0x00, 0x00, 0x00, 0x00, 0x00, 0x00, 0x00, 0x00, 0x00,
  0x00, 0x00, 0x00, 0x00, 0x00, 0x00, 0x00, 0x00, 0x00, 0x00, 0x00, 0x00, 0x00, 0x00, 0x00, 0x00, 0x08, 0xf5, 0x08, 0xf5, 0x08, 0xf5, 0x08, 0xf5,
  0x08, 0xf5, 0x08, 0xf5, 0x08, 0xf5, 0x08, 0xf5, 0x08, 0xf5, 0x08, 0xf5, 0x08, 0xf5, 0x08, 0xf5, 0x00, 0x00, 0x00, 0x00, 0x00, 0x00, 0x00, 0x00,
  0x00, 0x00, 0x00, 0x00, 0x00, 0x00, 0x00, 0x00, 0x00, 0x00, 0x00, 0x00, 0x00, 0x00, 0x00, 0x00, 0x00, 0x00, 0x00, 0x00, 0x00, 0x00, 0x00, 0x00,
  0x08, 0xf5, 0x08, 0xf5, 0x08, 0xf5, 0x08, 0xf5, 0x08, 0xf5, 0x08, 0xf5, 0x08, 0xf5, 0x08, 0xf5, 0x43, 0xc3, 0x08, 0xf5, 0x08, 0xf5, 0x00, 0x00,
  0x00, 0x00, 0x00, 0x00, 0x00, 0x00, 0x00, 0x00, 0x00, 0x00, 0x00, 0x00, 0x00, 0x00, 0x00, 0x00, 0x00, 0x00, 0x00, 0x00, 0x00, 0x00, 0x00, 0x00,
  0x00, 0x00, 0x00, 0x00, 0x08, 0xf5, 0x08, 0xf5, 0x08, 0xf5, 0x08, 0xf5, 0x08, 0xf5, 0x43, 0xc3, 0x08, 0xf5, 0x08, 0xf5, 0x43, 0xc3, 0x08, 0xf5,
  0x08, 0xf5, 0x08, 0xf5, 0x00, 0x00, 0x00, 0x00, 0x00, 0x00, 0x00, 0x00, 0x00, 0x00, 0x00, 0x00, 0x00, 0x00, 0x00, 0x00, 0x00, 0x00, 0x00, 0x00,
  0x00, 0x00, 0x00, 0x00, 0x00, 0x00, 0x00, 0x00, 0x08, 0xf5, 0x08, 0xf5, 0xb4, 0xfe, 0xb4, 0xfe, 0xb4, 0xfe, 0x43, 0xc3, 0x08, 0xf5, 0x08, 0xf5,
  0x43, 0xc3, 0x08, 0xf5, 0x08, 0xf5, 0x08, 0xf5, 0x00, 0x00, 0x00, 0x00, 0x00, 0x00, 0x00, 0x00, 0x00, 0x00, 0x00, 0x00, 0x00, 0x00, 0x00, 0x00,
  0x00, 0x00, 0x00, 0x00, 0x00, 0x00, 0x00, 0x00, 0x00, 0x00, 0x00, 0x00, 0x08, 0xf5, 0xb4, 0xfe, 0xb4, 0xfe, 0xb4, 0xfe, 0xb4, 0xfe, 0xb4, 0xfe,
  0x08, 0xf5, 0x08, 0xf5, 0x43, 0xc3, 0x08, 0xf5, 0x08, 0xf5, 0x08, 0xf5, 0x00, 0x00, 0x00, 0x00, 0x00, 0x00, 0x00, 0x00, 0x00, 0x00, 0x00, 0x00,
  0x00, 0x00, 0x00, 0x00, 0x00, 0x00, 0x00, 0x00, 0x00, 0x00, 0x00, 0x00, 0x00, 0x00, 0x00, 0x00, 0x08, 0xf5, 0xb4, 0xfe, 0xb4, 0xfe, 0xb4, 0xfe,
  0xb4, 0xfe, 0xb4, 0xfe, 0x08, 0xf5, 0x08, 0xf5, 0x08, 0xf5, 0x08, 0xf5, 0x08, 0xf5, 0x08, 0xf5, 0x00, 0x00, 0x00, 0x00, 0x00, 0x00, 0x43, 0xc3,
  0x00, 0x00, 0x00, 0x00, 0x00, 0x00, 0x00, 0x00, 0x00, 0x00, 0x00, 0x00, 0x00, 0x00, 0x00, 0x00, 0x00, 0x00, 0x00, 0x00, 0x00, 0x00, 0x08, 0xf5,
  0xb4, 0xfe, 0xb4, 0xfe, 0x08, 0xf5, 0xb4, 0xfe, 0x08, 0xf5, 0x08, 0xf5, 0x08, 0xf5, 0x08, 0xf5, 0x08, 0xf5, 0x00, 0x00, 0x00, 0x00, 0x00, 0x00,
  0x00, 0x00, 0x43, 0xc3, 0x00, 0x00, 0x00, 0x00, 0x00, 0x00, 0x00, 0x00, 0x00, 0x00, 0x00, 0x00, 0x00, 0x00, 0x00, 0x00, 0x00, 0x00, 0x00, 0x00,
  0x00, 0x00, 0x08, 0xf5, 0xb4, 0xfe, 0xb4, 0xfe, 0x08, 0xf5, 0xb4, 0xfe, 0x08, 0xf5, 0x08, 0xf5, 0x08, 0xf5, 0x08, 0xf5, 0x00, 0x00, 0x00, 0x00,
  0x00, 0x00, 0x00, 0x00, 0x00, 0x00, 0x43, 0xc3, 0x00, 0x00, 0x00, 0x00, 0x00, 0x00, 0x00, 0x00, 0x00, 0x00, 0x00, 0x00, 0x00, 0x00, 0x00, 0x00,
  0x00, 0x00, 0x00, 0x00, 0x00, 0x00, 0x08, 0xf5, 0xb4, 0xfe, 0xb4, 0xfe, 0x08, 0xf5, 0x08, 0xf5, 0x08, 0xf5, 0x08, 0xf5, 0x43, 0xc3, 0x43, 0xc3,
  0x43, 0xc3, 0x43, 0xc3, 0x43, 0xc3, 0x43, 0xc3, 0x43, 0xc3, 0x00, 0x00, 0x00, 0x00, 0x00, 0x00, 0x00, 0x00, 0x00, 0x00, 0x00, 0x00, 0xff, 0x00,
  0x00, 0x00, 0x00, 0x00, 0x00, 0xff, 0x00, 0x00, 0x00, 0x00, 0x00, 0x00, 0x00, 0x00, 0x00, 0x00, 0x00, 0x00, 0x00, 0x00, 0x00, 0x00, 0x00, 0x00,
  0xff, 0xff, 0xff, 0xff, 0xff, 0xff, 0xff, 0xff, 0x00, 0x00, 0x00, 0x00, 0x00, 0x00, 0x00, 0x00, 0x00, 0x00, 0x00, 0x00, 0x00, 0x00, 0x00, 0x00,
  0x00, 0xff, 0xff, 0xff, 0xff, 0xff, 0xff, 0xff, 0xff, 0xff, 0xff, 0x00, 0x00, 0x00, 0x00, 0x00, 0x00, 0x00, 0x00, 0x00, 0x00, 0x00, 0x00, 0x00,
  0x00, 0x00, 0x00, 0xff, 0xff, 0xff, 0xff, 0xff, 0xff, 0xff, 0xff, 0xff, 0xff, 0x00, 0x00, 0x00, 0x00, 0x00, 0x00, 0x00, 0x00, 0x00, 0x00, 0x00,
  0x00, 0x00, 0x00, 0x00, 0x00, 0xff, 0xff, 0xff, 0xff, 0xff, 0xff, 0xff, 0xff, 0xff, 0xff, 0x00, 0x00, 0x00, 0x00, 0x00, 0x00, 0x00, 0x00, 0x00,
  0x00, 0x00, 0x00, 0x00, 0x00, 0x00, 0x00, 0xff, 0xff, 0xff, 0xff, 0xff, 0xff, 0xff, 0xff, 0xff, 0xff, 0x00, 0x00, 0x00, 0x00, 0x00, 0x00, 0x00,
  0x00, 0x00, 0x00, 0x00, 0x00, 0x00, 0x00, 0x00, 0x00, 0xff, 0xff, 0xff, 0xff, 0xff, 0xff, 0xff, 0xff, 0xff, 0xff, 0xff, 0x00, 0x00, 0x00, 0x00,
  0x00, 0x00, 0x00, 0x00, 0x00, 0x00, 0x00, 0x00, 0x00, 0x00, 0x00, 0x00, 0xff, 0xff, 0xff, 0xff, 0xff, 0xff, 0xff, 0xff, 0xff, 0xff, 0xff, 0xff,
  0x00, 0x00, 0x00, 0x00, 0x00, 0x00, 0x00, 0x00, 0x00, 0x00, 0x00, 0x00, 0x00, 0x00, 0x00, 0x00, 0xff, 0xff, 0xff, 0xff, 0xff, 0xff, 0xff, 0xff,
  0xff, 0xff, 0xff, 0x00, 0x00, 0x00, 0x00, 0x00, 0x00, 0x00, 0x00, 0x00, 0x00, 0x00, 0x00, 0x00, 0x00, 0x00, 0xff, 0xff, 0xff, 0xff, 0xff, 0xff,
  0xff, 0xff, 0xff, 0xff, 0xff, 0xff, 0x00, 0x00, 0x00, 0x00, 0x00, 0x00, 0x00, 0x00, 0x00, 0x00, 0x00, 0x00, 0x00, 0x00, 0xff, 0xff, 0xff, 0xff,
  0xff, 0xff, 0xff, 0xff, 0xff, 0xff, 0xff, 0xff, 0x00, 0x00, 0x00, 0x00, 0x00, 0x00, 0x00, 0x00, 0x00, 0x00, 0x00, 0x00, 0x00, 0x00, 0xff, 0xff,
  0xff, 0xff, 0xff, 0xff, 0xff, 0xff, 0xff, 0xff, 0xff, 0xff, 0x00, 0x00, 0x00, 0x00, 0x00, 0x00, 0x00, 0x00, 0x00, 0x00, 0x00, 0x00, 0x00, 0x00,
  0xff, 0xff, 0xff, 0xff, 0xff, 0xff, 0xff, 0xff, 0xff, 0xff, 0xff, 0xff, 0x00, 0x00, 0x00, 0xff, 0x00, 0x00, 0x00, 0x00, 0x00, 0x00, 0x00, 0x00,
  0x00, 0x00, 0x00, 0xff, 0xff, 0xff, 0xff, 0xff, 0xff, 0xff, 0xff, 0xff, 0xff, 0x00, 0x00, 0x00, 0x00, 0xff, 0x00, 0x00, 0x00, 0x00, 0x00, 0x00,
  0x00, 0x00, 0x00, 0x00, 0x00, 0xff, 0xff, 0xff, 0xff, 0xff, 0xff, 0xff, 0xff, 0xff, 0x00, 0x00, 0x00, 0x00, 0x00, 0xff, 0x00, 0x00, 0x00, 0x00,
  0x00, 0x00, 0x00, 0x00, 0x00, 0x00, 0x00, 0xff, 0xff, 0xff, 0xff, 0xff, 0xff, 0xff, 0xff, 0xff, 0xff, 0xff, 0xff, 0xff, 0xff, 0x00, 0x00, 0x00,
};
static const lv_image_dsc_t spr_cat_sit_l = {
    .header = {.magic = LV_IMAGE_HEADER_MAGIC, .cf = LV_COLOR_FORMAT_RGB565A8, .flags = 0,
               .w = 26, .h = 16, .stride = 52, .reserved_2 = 0},
    .data_size = sizeof(spr_cat_sit_l_px),
    .data = spr_cat_sit_l_px,
    .reserved = nullptr,
};

static const uint8_t spr_cat_blink_l_px[] = {
  0x00, 0x00, 0x00, 0x00, 0x00, 0x00, 0x00, 0x00, 0x00, 0x00, 0x00, 0x00, 0x08, 0xf5, 0x00, 0x00, 0x00, 0x00, 0x00, 0x00, 0x00, 0x00, 0x00, 0x00,
  0x00, 0x00, 0x08, 0xf5, 0x00, 0x00, 0x00, 0x00, 0x00, 0x00, 0x00, 0x00, 0x00, 0x00, 0x00, 0x00, 0x00, 0x00, 0x00, 0x00, 0x00, 0x00, 0x00, 0x00,
  0x00, 0x00, 0x00, 0x00, 0x00, 0x00, 0x00, 0x00, 0x00, 0x00, 0x00, 0x00, 0x00, 0x00, 0x00, 0x00, 0x08, 0xf5, 0x08, 0xf5, 0x08, 0xf5, 0x08, 0xf5,
  0x08, 0xf5, 0x08, 0xf5, 0x08, 0xf5, 0x08, 0xf5, 0x00, 0x00, 0x00, 0x00, 0x00, 0x00, 0x00, 0x00, 0x00, 0x00, 0x00, 0x00, 0x00, 0x00, 0x00, 0x00,
  0x00, 0x00, 0x00, 0x00, 0x00, 0x00, 0x00, 0x00, 0x00, 0x00, 0x00, 0x00, 0x00, 0x00, 0x00, 0x00, 0x00, 0x00, 0x08, 0xf5, 0x08, 0xf5, 0x08, 0xf5,
  0x08, 0xf5, 0x08, 0xf5, 0x08, 0xf5, 0x08, 0xf5, 0x08, 0xf5, 0x08, 0xf5, 0x08, 0xf5, 0x00, 0x00, 0x00, 0x00, 0x00, 0x00, 0x00, 0x00, 0x00, 0x00,
  0x00, 0x00, 0x00, 0x00, 0x00, 0x00, 0x00, 0x00, 0x00, 0x00, 0x00, 0x00, 0x00, 0x00, 0x00, 0x00, 0x00, 0x00, 0x00, 0x00, 0x00, 0x00, 0x08, 0xf5,
  0x08, 0xf5, 0x08, 0xf5, 0x08, 0xf5, 0x08, 0xf5, 0x08, 0xf5, 0x08, 0xf5, 0x08, 0xf5, 0x08, 0xf5, 0x08, 0xf5, 0x00, 0x00, 0x00, 0x00, 0x00, 0x00,
  0x00, 0x00, 0x00, 0x00, 0x00, 0x00, 0x00, 0x00, 0x00, 0x00, 0x00, 0x00, 0x00, 0x00, 0x00, 0x00, 0x00, 0x00, 0x00, 0x00, 0x00, 0x00, 0x00, 0x00,
  0x00, 0x00, 0x08, 0xf5, 0x08, 0xf5, 0xc2, 0x18, 0xc2, 0x18, 0x08, 0xf5, 0x08, 0xf5, 0xc2, 0x18, 0xc2, 0x18, 0x08, 0xf5, 0x08, 0xf5, 0x00, 0x00,
  0x00, 0x00, 0x00, 0x00, 0x00, 0x00, 0x00, 0x00, 0x00, 0x00, 0x00, 0x00, 0x00, 0x00, 0x00, 0x00, 0x00, 0x00, 0x00, 0x00, 0x00, 0x00, 0x00, 0x00,
  0x00, 0x00, 0x00, 0x00, 0x00, 0x00, 0x08, 0xf5, 0x08, 0xf5, 0x08, 0xf5, 0x08, 0xf5, 0x08, 0xf5, 0x08, 0xf5, 0x08, 0xf5, 0x08, 0xf5, 0x08, 0xf5,
  0x08, 0xf5, 0x00, 0x00, 0x00, 0x00, 0x00, 0x00, 0x00, 0x00, 0x00, 0x00, 0x00, 0x00, 0x00, 0x00, 0x00, 0x00, 0x00, 0x00, 0x00, 0x00, 0x00, 0x00,
  0x00, 0x00, 0x00, 0x00, 0x00, 0x00, 0x00, 0x00, 0x00, 0x00, 0x08, 0xf5, 0x08, 0xf5, 0x08, 0xf5, 0x08, 0xf5, 0x74, 0xfc, 0x74, 0xfc, 0x08, 0xf5,
  0x08, 0xf5, 0x08, 0xf5, 0x08, 0xf5, 0x08, 0xf5, 0x00, 0x00, 0x00, 0x00, 0x00, 0x00, 0x00, 0x00, 0x00, 0x00, 0x00, 0x00, 0x00, 0x00, 0x00, 0x00,
  0x00, 0x00, 0x00, 0x00, 0x00, 0x00, 0x00, 0x00, 0x00, 0x00, 0x00, 0x00, 0x00, 0x00, 0x00, 0x00, 0x08, 0xf5, 0x08, 0xf5, 0x08, 0xf5, 0x08, 0xf5,
  0x08, 0xf5, 0x08, 0xf5, 0x08, 0xf5, 0x08, 0xf5, 0x08, 0xf5, 0x08, 0xf5, 0x08, 0xf5, 0x08, 0xf5, 0x00, 0x00, 0x00, 0x00, 0x00, 0x00, 0x00, 0x00,
  0x00, 0x00, 0x00, 0x00, 0x00, 0x00, 0x00, 0x00, 0x00, 0x00, 0x00, 0x00, 0x00, 0x00, 0x00, 0x00, 0x00, 0x00, 0x00, 0x00, 0x00, 0x00, 0x00, 0x00,
  0x08, 0xf5, 0x08, 0xf5, 0x08, 0xf5, 0x08, 0xf5, 0x08, 0xf5, 0x08, 0xf5, 0x08, 0xf5, 0x08, 0xf5, 0x43, 0xc3, 0x08, 0xf5, 0x08, 0xf5, 0x00, 0x00,
  0x00, 0x00, 0x00, 0x00, 0x00, 0x00, 0x00, 0x00, 0x00, 0x00, 0x00, 0x00, 0x00, 0x00, 0x00, 0x00, 0x00, 0x00, 0x00, 0x00, 0x00, 0x00, 0x00, 0x00,
  0x00, 0x00, 0x00, 0x00, 0x08, 0xf5, 0x08, 0xf5, 0x08, 0xf5, 0x08, 0xf5, 0x08, 0xf5, 0x43, 0xc3, 0x08, 0xf5, 0x08, 0xf5, 0x43, 0xc3, 0x08, 0xf5,
  0x08, 0xf5, 0x08, 0xf5, 0x00, 0x00, 0x00, 0x00, 0x00, 0x00, 0x00, 0x00, 0x00, 0x00, 0x00, 0x00, 0x00, 0x00, 0x00, 0x00, 0x00, 0x00, 0x00, 0x00,
  0x00, 0x00, 0x00, 0x00, 0x00, 0x00, 0x00, 0x00, 0x08, 0xf5, 0x08, 0xf5, 0xb4, 0xfe, 0xb4, 0xfe, 0xb4, 0xfe, 0x43, 0xc3, 0x08, 0xf5, 0x08, 0xf5,
  0x43, 0xc3, 0x08, 0xf5, 0x08, 0xf5, 0x08, 0xf5, 0x00, 0x00, 0x00, 0x00, 0x00, 0x00, 0x00, 0x00, 0x00, 0x00, 0x00, 0x00, 0x00, 0x00, 0x00, 0x00,
  0x00, 0x00, 0x00, 0x00, 0x00, 0x00, 0x00, 0x00, 0x00, 0x00, 0x00, 0x00, 0x08, 0xf5, 0xb4, 0xfe, 0xb4, 0xfe, 0xb4, 0xfe, 0xb4, 0xfe, 0xb4, 0xfe,
  0x08, 0xf5, 0x08, 0xf5, 0x43, 0xc3, 0x08, 0xf5, 0x08, 0xf5, 0x08, 0xf5, 0x00, 0x00, 0x00, 0x00, 0x00, 0x00, 0x00, 0x00, 0x00, 0x00, 0x00, 0x00,
  0x00, 0x00, 0x00, 0x00, 0x00, 0x00, 0x00, 0x00, 0x00, 0x00, 0x00, 0x00, 0x00, 0x00, 0x00, 0x00, 0x08, 0xf5, 0xb4, 0xfe, 0xb4, 0xfe, 0xb4, 0xfe,
  0xb4, 0xfe, 0xb4, 0xfe, 0x08, 0xf5, 0x08, 0xf5, 0x08, 0xf5, 0x08, 0xf5, 0x08, 0xf5, 0x08, 0xf5, 0x00, 0x00, 0x00, 0x00, 0x00, 0x00, 0x43, 0xc3,
  0x00, 0x00, 0x00, 0x00, 0x00, 0x00, 0x00, 0x00, 0x00, 0x00, 0x00, 0x00, 0x00, 0x00, 0x00, 0x00, 0x00, 0x00, 0x00, 0x00, 0x00, 0x00, 0x08, 0xf5,
  0xb4, 0xfe, 0xb4, 0xfe, 0x08, 0xf5, 0xb4, 0xfe, 0x08, 0xf5, 0x08, 0xf5, 0x08, 0xf5, 0x08, 0xf5, 0x08, 0xf5, 0x00, 0x00, 0x00, 0x00, 0x00, 0x00,
  0x00, 0x00, 0x43, 0xc3, 0x00, 0x00, 0x00, 0x00, 0x00, 0x00, 0x00, 0x00, 0x00, 0x00, 0x00, 0x00, 0x00, 0x00, 0x00, 0x00, 0x00, 0x00, 0x00, 0x00,
  0x00, 0x00, 0x08, 0xf5, 0xb4, 0xfe, 0xb4, 0xfe, 0x08, 0xf5, 0xb4, 0xfe, 0x08, 0xf5, 0x08, 0xf5, 0x08, 0xf5, 0x08, 0xf5, 0x00, 0x00, 0x00, 0x00,
  0x00, 0x00, 0x00, 0x00, 0x00, 0x00, 0x43, 0xc3, 0x00, 0x00, 0x00, 0x00, 0x00, 0x00, 0x00, 0x00, 0x00, 0x00, 0x00, 0x00, 0x00, 0x00, 0x00, 0x00,
  0x00, 0x00, 0x00, 0x00, 0x00, 0x00, 0x08, 0xf5, 0xb4, 0xfe, 0xb4, 0xfe, 0x08, 0xf5, 0x08, 0xf5, 0x08, 0xf5, 0x08, 0xf5, 0x43, 0xc3, 0x43, 0xc3,
  0x43, 0xc3, 0x43, 0xc3, 0x43, 0xc3, 0x43, 0xc3, 0x43, 0xc3, 0x00, 0x00, 0x00, 0x00, 0x00, 0x00, 0x00, 0x00, 0x00, 0x00, 0x00, 0x00, 0xff, 0x00,
  0x00, 0x00, 0x00, 0x00, 0x00, 0xff, 0x00, 0x00, 0x00, 0x00, 0x00, 0x00, 0x00, 0x00, 0x00, 0x00, 0x00, 0x00, 0x00, 0x00, 0x00, 0x00, 0x00, 0x00,
  0xff, 0xff, 0xff, 0xff, 0xff, 0xff, 0xff, 0xff, 0x00, 0x00, 0x00, 0x00, 0x00, 0x00, 0x00, 0x00, 0x00, 0x00, 0x00, 0x00, 0x00, 0x00, 0x00, 0x00,
  0x00, 0xff, 0xff, 0xff, 0xff, 0xff, 0xff, 0xff, 0xff, 0xff, 0xff, 0x00, 0x00, 0x00, 0x00, 0x00, 0x00, 0x00, 0x00, 0x00, 0x00, 0x00, 0x00, 0x00,
  0x00, 0x00, 0x00, 0xff, 0xff, 0xff, 0xff, 0xff, 0xff, 0xff, 0xff, 0xff, 0xff, 0x00, 0x00, 0x00, 0x00, 0x00, 0x00, 0x00, 0x00, 0x00, 0x00, 0x00,
  0x00, 0x00, 0x00, 0x00, 0x00, 0xff, 0xff, 0xff, 0xff, 0xff, 0xff, 0xff, 0xff, 0xff, 0xff, 0x00, 0x00, 0x00, 0x00, 0x00, 0x00, 0x00, 0x00, 0x00,
  0x00, 0x00, 0x00, 0x00, 0x00, 0x00, 0x00, 0xff, 0xff, 0xff, 0xff, 0xff, 0xff, 0xff, 0xff, 0xff, 0xff, 0x00, 0x00, 0x00, 0x00, 0x00, 0x00, 0x00,
  0x00, 0x00, 0x00, 0x00, 0x00, 0x00, 0x00, 0x00, 0x00, 0xff, 0xff, 0xff, 0xff, 0xff, 0xff, 0xff, 0xff, 0xff, 0xff, 0xff, 0x00, 0x00, 0x00, 0x00,
  0x00, 0x00, 0x00, 0x00, 0x00, 0x00, 0x00, 0x00, 0x00, 0x00, 0x00, 0x00, 0xff, 0xff, 0xff, 0xff, 0xff, 0xff, 0xff, 0xff, 0xff, 0xff, 0xff, 0xff,
  0x00, 0x00, 0x00, 0x00, 0x00, 0x00, 0x00, 0x00, 0x00, 0x00, 0x00, 0x00, 0x00, 0x00, 0x00, 0x00, 0xff, 0xff, 0xff, 0xff, 0xff, 0xff, 0xff, 0xff,
  0xff, 0xff, 0xff, 0x00, 0x00, 0x00, 0x00, 0x00, 0x00, 0x00, 0x00, 0x00, 0x00, 0x00, 0x00, 0x00, 0x00, 0x00, 0xff, 0xff, 0xff, 0xff, 0xff, 0xff,
  0xff, 0xff, 0xff, 0xff, 0xff, 0xff, 0x00, 0x00, 0x00, 0x00, 0x00, 0x00, 0x00, 0x00, 0x00, 0x00, 0x00, 0x00, 0x00, 0x00, 0xff, 0xff, 0xff, 0xff,
  0xff, 0xff, 0xff, 0xff, 0xff, 0xff, 0xff, 0xff, 0x00, 0x00, 0x00, 0x00, 0x00, 0x00, 0x00, 0x00, 0x00, 0x00, 0x00, 0x00, 0x00, 0x00, 0xff, 0xff,
  0xff, 0xff, 0xff, 0xff, 0xff, 0xff, 0xff, 0xff, 0xff, 0xff, 0x00, 0x00, 0x00, 0x00, 0x00, 0x00, 0x00, 0x00, 0x00, 0x00, 0x00, 0x00, 0x00, 0x00,
  0xff, 0xff, 0xff, 0xff, 0xff, 0xff, 0xff, 0xff, 0xff, 0xff, 0xff, 0xff, 0x00, 0x00, 0x00, 0xff, 0x00, 0x00, 0x00, 0x00, 0x00, 0x00, 0x00, 0x00,
  0x00, 0x00, 0x00, 0xff, 0xff, 0xff, 0xff, 0xff, 0xff, 0xff, 0xff, 0xff, 0xff, 0x00, 0x00, 0x00, 0x00, 0xff, 0x00, 0x00, 0x00, 0x00, 0x00, 0x00,
  0x00, 0x00, 0x00, 0x00, 0x00, 0xff, 0xff, 0xff, 0xff, 0xff, 0xff, 0xff, 0xff, 0xff, 0x00, 0x00, 0x00, 0x00, 0x00, 0xff, 0x00, 0x00, 0x00, 0x00,
  0x00, 0x00, 0x00, 0x00, 0x00, 0x00, 0x00, 0xff, 0xff, 0xff, 0xff, 0xff, 0xff, 0xff, 0xff, 0xff, 0xff, 0xff, 0xff, 0xff, 0xff, 0x00, 0x00, 0x00,
};
static const lv_image_dsc_t spr_cat_blink_l = {
    .header = {.magic = LV_IMAGE_HEADER_MAGIC, .cf = LV_COLOR_FORMAT_RGB565A8, .flags = 0,
               .w = 26, .h = 16, .stride = 52, .reserved_2 = 0},
    .data_size = sizeof(spr_cat_blink_l_px),
    .data = spr_cat_blink_l_px,
    .reserved = nullptr,
};

static const uint8_t spr_cat_look_r_px[] = {
  0x00, 0x00, 0x00, 0x00, 0x00, 0x00, 0x00, 0x00, 0x00, 0x00, 0x00, 0x00, 0x00, 0x00, 0x00, 0x00, 0x00, 0x00, 0x00, 0x00, 0x00, 0x00, 0x00, 0x00,
  0x08, 0xf5, 0x00, 0x00, 0x00, 0x00, 0x00, 0x00, 0x00, 0x00, 0x00, 0x00, 0x00, 0x00, 0x08, 0xf5, 0x00, 0x00, 0x00, 0x00, 0x00, 0x00, 0x00, 0x00,
  0x00, 0x00, 0x00, 0x00, 0x00, 0x00, 0x00, 0x00, 0x00, 0x00, 0x00, 0x00, 0x00, 0x00, 0x00, 0x00, 0x00, 0x00, 0x00, 0x00, 0x00, 0x00, 0x00, 0x00,
  0x00, 0x00, 0x00, 0x00, 0x08, 0xf5, 0x08, 0xf5, 0x08, 0xf5, 0x08, 0xf5, 0x08, 0xf5, 0x08, 0xf5, 0x08, 0xf5, 0x08, 0xf5, 0x00, 0x00, 0x00, 0x00,
  0x00, 0x00, 0x00, 0x00, 0x00, 0x00, 0x00, 0x00, 0x00, 0x00, 0x00, 0x00, 0x00, 0x00, 0x00, 0x00, 0x00, 0x00, 0x00, 0x00, 0x00, 0x00, 0x00, 0x00,
  0x00, 0x00, 0x00, 0x00, 0x00, 0x00, 0x08, 0xf5, 0x08, 0xf5, 0x08, 0xf5, 0x08, 0xf5, 0x08, 0xf5, 0x08, 0xf5, 0x08, 0xf5, 0x08, 0xf5, 0x08, 0xf5,
  0x08, 0xf5, 0x00, 0x00, 0x00, 0x00, 0x00, 0x00, 0x00, 0x00, 0x00, 0x00, 0x00, 0x00, 0x00, 0x00, 0x00, 0x00, 0x00, 0x00, 0x00, 0x00, 0x00, 0x00,
  0x00, 0x00, 0x00, 0x00, 0x00, 0x00, 0x00, 0x00, 0x00, 0x00, 0x08, 0xf5, 0x08, 0xf5, 0x08, 0xf5, 0xc2, 0x18, 0x08, 0xf5, 0x08, 0xf5, 0xc2, 0x18,
  0x08, 0xf5, 0x08, 0xf5, 0x08, 0xf5, 0x00, 0x00, 0x00, 0x00, 0x00, 0x00, 0x00, 0x00, 0x00, 0x00, 0x00, 0x00, 0x00, 0x00, 0x00, 0x00, 0x00, 0x00,
  0x00, 0x00, 0x00, 0x00, 0x00, 0x00, 0x00, 0x00, 0x00, 0x00, 0x00, 0x00, 0x00, 0x00, 0x08, 0xf5, 0x08, 0xf5, 0x08, 0xf5, 0x08, 0xf5, 0x08, 0xf5,
  0x08, 0xf5, 0x08, 0xf5, 0x08, 0xf5, 0x08, 0xf5, 0x08, 0xf5, 0x00, 0x00, 0x00, 0x00, 0x00, 0x00, 0x00, 0x00, 0x00, 0x00, 0x00, 0x00, 0x00, 0x00,
  0x00, 0x00, 0x00, 0x00, 0x00, 0x00, 0x00, 0x00, 0x00, 0x00, 0x00, 0x00, 0x00, 0x00, 0x00, 0x00, 0x00, 0x00, 0x08, 0xf5, 0x08, 0xf5, 0x08, 0xf5,
  0x08, 0xf5, 0x08, 0xf5, 0x08, 0xf5, 0x08, 0xf5, 0x08, 0xf5, 0x08, 0xf5, 0x08, 0xf5, 0x00, 0x00, 0x00, 0x00, 0x00, 0x00, 0x00, 0x00, 0x00, 0x00,
  0x00, 0x00, 0x00, 0x00, 0x00, 0x00, 0x00, 0x00, 0x00, 0x00, 0x00, 0x00, 0x00, 0x00, 0x00, 0x00, 0x00, 0x00, 0x00, 0x00, 0x08, 0xf5, 0x08, 0xf5,
  0x08, 0xf5, 0x08, 0xf5, 0x08, 0xf5, 0x74, 0xfc, 0x74, 0xfc, 0x08, 0xf5, 0x08, 0xf5, 0x08, 0xf5, 0x08, 0xf5, 0x00, 0x00, 0x00, 0x00, 0x00, 0x00,
  0x00, 0x00, 0x00, 0x00, 0x00, 0x00, 0x00, 0x00, 0x00, 0x00, 0x00, 0x00, 0x00, 0x00, 0x00, 0x00, 0x00, 0x00, 0x00, 0x00, 0x08, 0xf5, 0x08, 0xf5,
  0x08, 0xf5, 0x08, 0xf5, 0x08, 0xf5, 0x08, 0xf5, 0x08, 0xf5, 0x08, 0xf5, 0x08, 0xf5, 0x08, 0xf5, 0x08, 0xf5, 0x08, 0xf5, 0x00, 0x00, 0x00, 0x00,
  0x00, 0x00, 0x00, 0x00, 0x00, 0x00, 0x00, 0x00, 0x00, 0x00, 0x00, 0x00, 0x00, 0x00, 0x00, 0x00, 0x00, 0x00, 0x00, 0x00, 0x00, 0x00, 0x08, 0xf5,
  0x08, 0xf5, 0x43, 0xc3, 0x08, 0xf5, 0x08, 0xf5, 0x08, 0xf5, 0x08, 0xf5, 0x08, 0xf5, 0x08, 0xf5, 0x08, 0xf5, 0x08, 0xf5, 0x00, 0x00, 0x00, 0x00,
  0x00, 0x00, 0x00, 0x00, 0x00, 0x00, 0x00, 0x00, 0x00, 0x00, 0x00, 0x00, 0x00, 0x00, 0x00, 0x00, 0x00, 0x00, 0x00, 0x00, 0x00, 0x00, 0x00, 0x00,
  0x08, 0xf5, 0x08, 0xf5, 0x08, 0xf5, 0x43, 0xc3, 0x08, 0xf5, 0x08, 0xf5, 0x43, 0xc3, 0x08, 0xf5, 0x08, 0xf5, 0x08, 0xf5, 0x08, 0xf5, 0x08, 0xf5,
  0x00, 0x00, 0x00, 0x00, 0x00, 0x00, 0x00, 0x00, 0x00, 0x00, 0x00, 0x00, 0x00, 0x00, 0x00, 0x00, 0x00, 0x00, 0x00, 0x00, 0x00, 0x00, 0x00, 0x00,
  0x00, 0x00, 0x00, 0x00, 0x08, 0xf5, 0x08, 0xf5, 0x08, 0xf5, 0x43, 0xc3, 0x08, 0xf5, 0x08, 0xf5, 0x43, 0xc3, 0xb4, 0xfe, 0xb4, 0xfe, 0xb4, 0xfe,
  0x08, 0xf5, 0x08, 0xf5, 0x00, 0x00, 0x00, 0x00, 0x00, 0x00, 0x00, 0x00, 0x00, 0x00, 0x00, 0x00, 0x00, 0x00, 0x00, 0x00, 0x00, 0x00, 0x00, 0x00,
  0x00, 0x00, 0x00, 0x00, 0x00, 0x00, 0x00, 0x00, 0x08, 0xf5, 0x08, 0xf5, 0x08, 0xf5, 0x43, 0xc3, 0x08, 0xf5, 0x08, 0xf5, 0xb4, 0xfe, 0xb4, 0xfe,
  0xb4, 0xfe, 0xb4, 0xfe, 0xb4, 0xfe, 0x08, 0xf5, 0x00, 0x00, 0x00, 0x00, 0x00, 0x00, 0x00, 0x00, 0x00, 0x00, 0x00, 0x00, 0x00, 0x00, 0x00, 0x00,
  0x00, 0x00, 0x00, 0x00, 0x43, 0xc3, 0x00, 0x00, 0x00, 0x00, 0x00, 0x00, 0x08, 0xf5, 0x08, 0xf5, 0x08, 0xf5, 0x08, 0xf5, 0x08, 0xf5, 0x08, 0xf5,
  0xb4, 0xfe, 0xb4, 0xfe, 0xb4, 0xfe, 0xb4, 0xfe, 0xb4, 0xfe, 0x08, 0xf5, 0x00, 0x00, 0x00, 0x00, 0x00, 0x00, 0x00, 0x00, 0x00, 0x00, 0x00, 0x00,
  0x00, 0x00, 0x00, 0x00, 0x00, 0x00, 0x00, 0x00, 0x43, 0xc3, 0x00, 0x00, 0x00, 0x00, 0x00, 0x00, 0x00, 0x00, 0x08, 0xf5, 0x08, 0xf5, 0x08, 0xf5,
  0x08, 0xf5, 0x08, 0xf5, 0xb4, 0xfe, 0x08, 0xf5, 0xb4, 0xfe, 0xb4, 0xfe, 0x08, 0xf5, 0x00, 0x00, 0x00, 0x00, 0x00, 0x00, 0x00, 0x00, 0x00, 0x00,
  0x00, 0x00, 0x00, 0x00, 0x00, 0x00, 0x00, 0x00, 0x00, 0x00, 0x00, 0x00, 0x43, 0xc3, 0x00, 0x00, 0x00, 0x00, 0x00, 0x00, 0x00, 0x00, 0x00, 0x00,
  0x08, 0xf5, 0x08, 0xf5, 0x08, 0xf5, 0x08, 0xf5, 0xb4, 0xfe, 0x08, 0xf5, 0xb4, 0xfe, 0xb4, 0xfe, 0x08, 0xf5, 0x00, 0x00, 0x00, 0x00, 0x00, 0x00,
  0x00, 0x00, 0x00, 0x00, 0x00, 0x00, 0x00, 0x00, 0x00, 0x00, 0x00, 0x00, 0x00, 0x00, 0x00, 0x00, 0x00, 0x00, 0x43, 0xc3, 0x43, 0xc3, 0x43, 0xc3,
  0x43, 0xc3, 0x43, 0xc3, 0x43, 0xc3, 0x43, 0xc3, 0x08, 0xf5, 0x08, 0xf5, 0x08, 0xf5, 0x08, 0xf5, 0xb4, 0xfe, 0xb4, 0xfe, 0x08, 0xf5, 0x00, 0x00,
  0x00, 0x00, 0x00, 0x00, 0x00, 0x00, 0x00, 0x00, 0x00, 0x00, 0x00, 0x00, 0x00, 0x00, 0x00, 0x00, 0x00, 0x00, 0x00, 0x00, 0x00, 0x00, 0x00, 0x00,
  0x00, 0x00, 0x00, 0x00, 0xff, 0x00, 0x00, 0x00, 0x00, 0x00, 0x00, 0xff, 0x00, 0x00, 0x00, 0x00, 0x00, 0x00, 0x00, 0x00, 0x00, 0x00, 0x00, 0x00,
  0x00, 0x00, 0x00, 0x00, 0x00, 0x00, 0xff, 0xff, 0xff, 0xff, 0xff, 0xff, 0xff, 0xff, 0x00, 0x00, 0x00, 0x00, 0x00, 0x00, 0x00, 0x00, 0x00, 0x00,
  0x00, 0x00, 0x00, 0x00, 0x00, 0x00, 0x00, 0xff, 0xff, 0xff, 0xff, 0xff, 0xff, 0xff, 0xff, 0xff, 0xff, 0x00, 0x00, 0x00, 0x00, 0x00, 0x00, 0x00,
  0x00, 0x00, 0x00, 0x00, 0x00, 0x00, 0x00, 0x00, 0x00, 0xff, 0xff, 0xff, 0xff, 0xff, 0xff, 0xff, 0xff, 0xff, 0xff, 0x00, 0x00, 0x00, 0x00, 0x00,
  0x00, 0x00, 0x00, 0x00, 0x00, 0x00, 0x00, 0x00, 0x00, 0x00, 0x00, 0xff, 0xff, 0xff, 0xff, 0xff, 0xff, 0xff, 0xff, 0xff, 0xff, 0x00, 0x00, 0x00,
  0x00, 0x00, 0x00, 0x00, 0x00, 0x00, 0x00, 0x00, 0x00, 0x00, 0x00, 0x00, 0x00, 0xff, 0xff, 0xff, 0xff, 0xff, 0xff, 0xff, 0xff, 0xff, 0xff, 0x00,
  0x00, 0x00, 0x00, 0x00, 0x00, 0x00, 0x00, 0x00, 0x00, 0x00, 0x00, 0x00, 0x00, 0x00, 0xff, 0xff, 0xff, 0xff, 0xff, 0xff, 0xff, 0xff, 0xff, 0xff,
  0xff, 0x00, 0x00, 0x00, 0x00, 0x00, 0x00, 0x00, 0x00, 0x00, 0x00, 0x00, 0x00, 0x00, 0xff, 0xff, 0xff, 0xff, 0xff, 0xff, 0xff, 0xff, 0xff, 0xff,
  0xff, 0xff, 0x00, 0x00, 0x00, 0x00, 0x00, 0x00, 0x00, 0x00, 0x00, 0x00, 0x00, 0x00, 0x00, 0xff, 0xff, 0xff, 0xff, 0xff, 0xff, 0xff, 0xff, 0xff,
  0xff, 0xff, 0x00, 0x00, 0x00, 0x00, 0x00, 0x00, 0x00, 0x00, 0x00, 0x00, 0x00, 0x00, 0x00, 0x00, 0xff, 0xff, 0xff, 0xff, 0xff, 0xff, 0xff, 0xff,
  0xff, 0xff, 0xff, 0xff, 0x00, 0x00, 0x00, 0x00, 0x00, 0x00, 0x00, 0x00, 0x00, 0x00, 0x00, 0x00, 0x00, 0x00, 0xff, 0xff, 0xff, 0xff, 0xff, 0xff,
  0xff, 0xff, 0xff, 0xff, 0xff, 0xff, 0x00, 0x00, 0x00, 0x00, 0x00, 0x00, 0x00, 0x00, 0x00, 0x00, 0x00, 0x00, 0x00, 0x00, 0xff, 0xff, 0xff, 0xff,
  0xff, 0xff, 0xff, 0xff, 0xff, 0xff, 0xff, 0xff, 0x00, 0x00, 0x00, 0x00, 0x00, 0x00, 0x00, 0x00, 0x00, 0x00, 0xff, 0x00, 0x00, 0x00, 0xff, 0xff,
  0xff, 0xff, 0xff, 0xff, 0xff, 0xff, 0xff, 0xff, 0xff, 0xff, 0x00, 0x00, 0x00, 0x00, 0x00, 0x00, 0x00, 0x00, 0x00, 0x00, 0xff, 0x00, 0x00, 0x00,
  0x00, 0xff, 0xff, 0xff, 0xff, 0xff, 0xff, 0xff, 0xff, 0xff, 0xff, 0x00, 0x00, 0x00, 0x00, 0x00, 0x00, 0x00, 0x00, 0x00, 0x00, 0x00, 0xff, 0x00,
  0x00, 0x00, 0x00, 0x00, 0xff, 0xff, 0xff, 0xff, 0xff, 0xff, 0xff, 0xff, 0xff, 0x00, 0x00, 0x00, 0x00, 0x00, 0x00, 0x00, 0x00, 0x00, 0x00, 0x00,
  0x00, 0xff, 0xff, 0xff, 0xff, 0xff, 0xff, 0xff, 0xff, 0xff, 0xff, 0xff, 0xff, 0xff, 0xff, 0x00, 0x00, 0x00, 0x00, 0x00, 0x00, 0x00, 0x00, 0x00,
};
static const lv_image_dsc_t spr_cat_look_r = {
    .header = {.magic = LV_IMAGE_HEADER_MAGIC, .cf = LV_COLOR_FORMAT_RGB565A8, .flags = 0,
               .w = 26, .h = 16, .stride = 52, .reserved_2 = 0},
    .data_size = sizeof(spr_cat_look_r_px),
    .data = spr_cat_look_r_px,
    .reserved = nullptr,
};

static const uint8_t spr_cat_look_l_px[] = {
  0x00, 0x00, 0x00, 0x00, 0x00, 0x00, 0x00, 0x00, 0x00, 0x00, 0x00, 0x00, 0x08, 0xf5, 0x00, 0x00, 0x00, 0x00, 0x00, 0x00, 0x00, 0x00, 0x00, 0x00,
  0x00, 0x00, 0x08, 0xf5, 0x00, 0x00, 0x00, 0x00, 0x00, 0x00, 0x00, 0x00, 0x00, 0x00, 0x00, 0x00, 0x00, 0x00, 0x00, 0x00, 0x00, 0x00, 0x00, 0x00,
  0x00, 0x00, 0x00, 0x00, 0x00, 0x00, 0x00, 0x00, 0x00, 0x00, 0x00, 0x00, 0x00, 0x00, 0x00, 0x00, 0x08, 0xf5, 0x08, 0xf5, 0x08, 0xf5, 0x08, 0xf5,
  0x08, 0xf5, 0x08, 0xf5, 0x08, 0xf5, 0x08, 0xf5, 0x00, 0x00, 0x00, 0x00, 0x00, 0x00, 0x00, 0x00, 0x00, 0x00, 0x00, 0x00, 0x00, 0x00, 0x00, 0x00,
  0x00, 0x00, 0x00, 0x00, 0x00, 0x00, 0x00, 0x00, 0x00, 0x00, 0x00, 0x00, 0x00, 0x00, 0x00, 0x00, 0x00, 0x00, 0x08, 0xf5, 0x08, 0xf5, 0x08, 0xf5,
  0x08, 0xf5, 0x08, 0xf5, 0x08, 0xf5, 0x08, 0xf5, 0x08, 0xf5, 0x08, 0xf5, 0x08, 0xf5, 0x00, 0x00, 0x00, 0x00, 0x00, 0x00, 0x00, 0x00, 0x00, 0x00,
  0x00, 0x00, 0x00, 0x00, 0x00, 0x00, 0x00, 0x00, 0x00, 0x00, 0x00, 0x00, 0x00, 0x00, 0x00, 0x00, 0x00, 0x00, 0x00, 0x00, 0x00, 0x00, 0x08, 0xf5,
  0x08, 0xf5, 0x08, 0xf5, 0xc2, 0x18, 0x08, 0xf5, 0x08, 0xf5, 0xc2, 0x18, 0x08, 0xf5, 0x08, 0xf5, 0x08, 0xf5, 0x00, 0x00, 0x00, 0x00, 0x00, 0x00,
  0x00, 0x00, 0x00, 0x00, 0x00, 0x00, 0x00, 0x00, 0x00, 0x00, 0x00, 0x00, 0x00, 0x00, 0x00, 0x00, 0x00, 0x00, 0x00, 0x00, 0x00, 0x00, 0x00, 0x00,
  0x00, 0x00, 0x08, 0xf5, 0x08, 0xf5, 0x08, 0xf5, 0x08, 0xf5, 0x08, 0xf5, 0x08, 0xf5, 0x08, 0xf5, 0x08, 0xf5, 0x08, 0xf5, 0x08, 0xf5, 0x00, 0x00,
  0x00, 0x00, 0x00, 0x00, 0x00, 0x00, 0x00, 0x00, 0x00, 0x00, 0x00, 0x00, 0x00, 0x00, 0x00, 0x00, 0x00, 0x00, 0x00, 0x00, 0x00, 0x00, 0x00, 0x00,
  0x00, 0x00, 0x00, 0x00, 0x00, 0x00, 0x08, 0xf5, 0x08, 0xf5, 0x08, 0xf5, 0x08, 0xf5, 0x08, 0xf5, 0x08, 0xf5, 0x08, 0xf5, 0x08, 0xf5, 0x08, 0xf5,
  0x08, 0xf5, 0x00, 0x00, 0x00, 0x00, 0x00, 0x00, 0x00, 0x00, 0x00, 0x00, 0x00, 0x00, 0x00, 0x00, 0x00, 0x00, 0x00, 0x00, 0x00, 0x00, 0x00, 0x00,
  0x00, 0x00, 0x00, 0x00, 0x00, 0x00, 0x00, 0x00, 0x00, 0x00, 0x08, 0xf5, 0x08, 0xf5, 0x08, 0xf5, 0x08, 0xf5, 0x74, 0xfc, 0x74, 0xfc, 0x08, 0xf5,
  0x08, 0xf5, 0x08, 0xf5, 0x08, 0xf5, 0x08, 0xf5, 0x00, 0x00, 0x00, 0x00, 0x00, 0x00, 0x00, 0x00, 0x00, 0x00, 0x00, 0x00, 0x00, 0x00, 0x00, 0x00,
  0x00, 0x00, 0x00, 0x00, 0x00, 0x00, 0x00, 0x00, 0x00, 0x00, 0x00, 0x00, 0x00, 0x00, 0x00, 0x00, 0x08, 0xf5, 0x08, 0xf5, 0x08, 0xf5, 0x08, 0xf5,
  0x08, 0xf5, 0x08, 0xf5, 0x08, 0xf5, 0x08, 0xf5, 0x08, 0xf5, 0x08, 0xf5, 0x08, 0xf5, 0x08, 0xf5, 0x00, 0x00, 0x00, 0x00, 0x00, 0x00, 0x00, 0x00,
  0x00, 0x00, 0x00, 0x00, 0x00, 0x00, 0x00, 0x00, 0x00, 0x00, 0x00, 0x00, 0x00, 0x00, 0x00, 0x00, 0x00, 0x00, 0x00, 0x00, 0x00, 0x00, 0x00, 0x00,
  0x08, 0xf5, 0x08, 0xf5, 0x08, 0xf5, 0x08, 0xf5, 0x08, 0xf5, 0x08, 0xf5, 0x08, 0xf5, 0x08, 0xf5, 0x43, 0xc3, 0x08, 0xf5, 0x08, 0xf5, 0x00, 0x00,
  0x00, 0x00, 0x00, 0x00, 0x00, 0x00, 0x00, 0x00, 0x00, 0x00, 0x00, 0x00, 0x00, 0x00, 0x00, 0x00, 0x00, 0x00, 0x00, 0x00, 0x00, 0x00, 0x00, 0x00,
  0x00, 0x00, 0x00, 0x00, 0x08, 0xf5, 0x08, 0xf5, 0x08, 0xf5, 0x08, 0xf5, 0x08, 0xf5, 0x43, 0xc3, 0x08, 0xf5, 0x08, 0xf5, 0x43, 0xc3, 0x08, 0xf5,
  0x08, 0xf5, 0x08, 0xf5, 0x00, 0x00, 0x00, 0x00, 0x00, 0x00, 0x00, 0x00, 0x00, 0x00, 0x00, 0x00, 0x00, 0x00, 0x00, 0x00, 0x00, 0x00, 0x00, 0x00,
  0x00, 0x00, 0x00, 0x00, 0x00, 0x00, 0x00, 0x00, 0x08, 0xf5, 0x08, 0xf5, 0xb4, 0xfe, 0xb4, 0xfe, 0xb4, 0xfe, 0x43, 0xc3, 0x08, 0xf5, 0x08, 0xf5,
  0x43, 0xc3, 0x08, 0xf5, 0x08, 0xf5, 0x08, 0xf5, 0x00, 0x00, 0x00, 0x00, 0x00, 0x00, 0x00, 0x00, 0x00, 0x00, 0x00, 0x00, 0x00, 0x00, 0x00, 0x00,
  0x00, 0x00, 0x00, 0x00, 0x00, 0x00, 0x00, 0x00, 0x00, 0x00, 0x00, 0x00, 0x08, 0xf5, 0xb4, 0xfe, 0xb4, 0xfe, 0xb4, 0xfe, 0xb4, 0xfe, 0xb4, 0xfe,
  0x08, 0xf5, 0x08, 0xf5, 0x43, 0xc3, 0x08, 0xf5, 0x08, 0xf5, 0x08, 0xf5, 0x00, 0x00, 0x00, 0x00, 0x00, 0x00, 0x00, 0x00, 0x00, 0x00, 0x00, 0x00,
  0x00, 0x00, 0x00, 0x00, 0x00, 0x00, 0x00, 0x00, 0x00, 0x00, 0x00, 0x00, 0x00, 0x00, 0x00, 0x00, 0x08, 0xf5, 0xb4, 0xfe, 0xb4, 0xfe, 0xb4, 0xfe,
  0xb4, 0xfe, 0xb4, 0xfe, 0x08, 0xf5, 0x08, 0xf5, 0x08, 0xf5, 0x08, 0xf5, 0x08, 0xf5, 0x08, 0xf5, 0x00, 0x00, 0x00, 0x00, 0x00, 0x00, 0x43, 0xc3,
  0x00, 0x00, 0x00, 0x00, 0x00, 0x00, 0x00, 0x00, 0x00, 0x00, 0x00, 0x00, 0x00, 0x00, 0x00, 0x00, 0x00, 0x00, 0x00, 0x00, 0x00, 0x00, 0x08, 0xf5,
  0xb4, 0xfe, 0xb4, 0xfe, 0x08, 0xf5, 0xb4, 0xfe, 0x08, 0xf5, 0x08, 0xf5, 0x08, 0xf5, 0x08, 0xf5, 0x08, 0xf5, 0x00, 0x00, 0x00, 0x00, 0x00, 0x00,
  0x00, 0x00, 0x43, 0xc3, 0x00, 0x00, 0x00, 0x00, 0x00, 0x00, 0x00, 0x00, 0x00, 0x00, 0x00, 0x00, 0x00, 0x00, 0x00, 0x00, 0x00, 0x00, 0x00, 0x00,
  0x00, 0x00, 0x08, 0xf5, 0xb4, 0xfe, 0xb4, 0xfe, 0x08, 0xf5, 0xb4, 0xfe, 0x08, 0xf5, 0x08, 0xf5, 0x08, 0xf5, 0x08, 0xf5, 0x00, 0x00, 0x00, 0x00,
  0x00, 0x00, 0x00, 0x00, 0x00, 0x00, 0x43, 0xc3, 0x00, 0x00, 0x00, 0x00, 0x00, 0x00, 0x00, 0x00, 0x00, 0x00, 0x00, 0x00, 0x00, 0x00, 0x00, 0x00,
  0x00, 0x00, 0x00, 0x00, 0x00, 0x00, 0x08, 0xf5, 0xb4, 0xfe, 0xb4, 0xfe, 0x08, 0xf5, 0x08, 0xf5, 0x08, 0xf5, 0x08, 0xf5, 0x43, 0xc3, 0x43, 0xc3,
  0x43, 0xc3, 0x43, 0xc3, 0x43, 0xc3, 0x43, 0xc3, 0x43, 0xc3, 0x00, 0x00, 0x00, 0x00, 0x00, 0x00, 0x00, 0x00, 0x00, 0x00, 0x00, 0x00, 0xff, 0x00,
  0x00, 0x00, 0x00, 0x00, 0x00, 0xff, 0x00, 0x00, 0x00, 0x00, 0x00, 0x00, 0x00, 0x00, 0x00, 0x00, 0x00, 0x00, 0x00, 0x00, 0x00, 0x00, 0x00, 0x00,
  0xff, 0xff, 0xff, 0xff, 0xff, 0xff, 0xff, 0xff, 0x00, 0x00, 0x00, 0x00, 0x00, 0x00, 0x00, 0x00, 0x00, 0x00, 0x00, 0x00, 0x00, 0x00, 0x00, 0x00,
  0x00, 0xff, 0xff, 0xff, 0xff, 0xff, 0xff, 0xff, 0xff, 0xff, 0xff, 0x00, 0x00, 0x00, 0x00, 0x00, 0x00, 0x00, 0x00, 0x00, 0x00, 0x00, 0x00, 0x00,
  0x00, 0x00, 0x00, 0xff, 0xff, 0xff, 0xff, 0xff, 0xff, 0xff, 0xff, 0xff, 0xff, 0x00, 0x00, 0x00, 0x00, 0x00, 0x00, 0x00, 0x00, 0x00, 0x00, 0x00,
  0x00, 0x00, 0x00, 0x00, 0x00, 0xff, 0xff, 0xff, 0xff, 0xff, 0xff, 0xff, 0xff, 0xff, 0xff, 0x00, 0x00, 0x00, 0x00, 0x00, 0x00, 0x00, 0x00, 0x00,
  0x00, 0x00, 0x00, 0x00, 0x00, 0x00, 0x00, 0xff, 0xff, 0xff, 0xff, 0xff, 0xff, 0xff, 0xff, 0xff, 0xff, 0x00, 0x00, 0x00, 0x00, 0x00, 0x00, 0x00,
  0x00, 0x00, 0x00, 0x00, 0x00, 0x00, 0x00, 0x00, 0x00, 0xff, 0xff, 0xff, 0xff, 0xff, 0xff, 0xff, 0xff, 0xff, 0xff, 0xff, 0x00, 0x00, 0x00, 0x00,
  0x00, 0x00, 0x00, 0x00, 0x00, 0x00, 0x00, 0x00, 0x00, 0x00, 0x00, 0x00, 0xff, 0xff, 0xff, 0xff, 0xff, 0xff, 0xff, 0xff, 0xff, 0xff, 0xff, 0xff,
  0x00, 0x00, 0x00, 0x00, 0x00, 0x00, 0x00, 0x00, 0x00, 0x00, 0x00, 0x00, 0x00, 0x00, 0x00, 0x00, 0xff, 0xff, 0xff, 0xff, 0xff, 0xff, 0xff, 0xff,
  0xff, 0xff, 0xff, 0x00, 0x00, 0x00, 0x00, 0x00, 0x00, 0x00, 0x00, 0x00, 0x00, 0x00, 0x00, 0x00, 0x00, 0x00, 0xff, 0xff, 0xff, 0xff, 0xff, 0xff,
  0xff, 0xff, 0xff, 0xff, 0xff, 0xff, 0x00, 0x00, 0x00, 0x00, 0x00, 0x00, 0x00, 0x00, 0x00, 0x00, 0x00, 0x00, 0x00, 0x00, 0xff, 0xff, 0xff, 0xff,
  0xff, 0xff, 0xff, 0xff, 0xff, 0xff, 0xff, 0xff, 0x00, 0x00, 0x00, 0x00, 0x00, 0x00, 0x00, 0x00, 0x00, 0x00, 0x00, 0x00, 0x00, 0x00, 0xff, 0xff,
  0xff, 0xff, 0xff, 0xff, 0xff, 0xff, 0xff, 0xff, 0xff, 0xff, 0x00, 0x00, 0x00, 0x00, 0x00, 0x00, 0x00, 0x00, 0x00, 0x00, 0x00, 0x00, 0x00, 0x00,
  0xff, 0xff, 0xff, 0xff, 0xff, 0xff, 0xff, 0xff, 0xff, 0xff, 0xff, 0xff, 0x00, 0x00, 0x00, 0xff, 0x00, 0x00, 0x00, 0x00, 0x00, 0x00, 0x00, 0x00,
  0x00, 0x00, 0x00, 0xff, 0xff, 0xff, 0xff, 0xff, 0xff, 0xff, 0xff, 0xff, 0xff, 0x00, 0x00, 0x00, 0x00, 0xff, 0x00, 0x00, 0x00, 0x00, 0x00, 0x00,
  0x00, 0x00, 0x00, 0x00, 0x00, 0xff, 0xff, 0xff, 0xff, 0xff, 0xff, 0xff, 0xff, 0xff, 0x00, 0x00, 0x00, 0x00, 0x00, 0xff, 0x00, 0x00, 0x00, 0x00,
  0x00, 0x00, 0x00, 0x00, 0x00, 0x00, 0x00, 0xff, 0xff, 0xff, 0xff, 0xff, 0xff, 0xff, 0xff, 0xff, 0xff, 0xff, 0xff, 0xff, 0xff, 0x00, 0x00, 0x00,
};
static const lv_image_dsc_t spr_cat_look_l = {
    .header = {.magic = LV_IMAGE_HEADER_MAGIC, .cf = LV_COLOR_FORMAT_RGB565A8, .flags = 0,
               .w = 26, .h = 16, .stride = 52, .reserved_2 = 0},
    .data_size = sizeof(spr_cat_look_l_px),
    .data = spr_cat_look_l_px,
    .reserved = nullptr,
};

static const uint8_t spr_cat_paw_r_px[] = {
  0x00, 0x00, 0x00, 0x00, 0x00, 0x00, 0x00, 0x00, 0x00, 0x00, 0x00, 0x00, 0x00, 0x00, 0x00, 0x00, 0x00, 0x00, 0x00, 0x00, 0x00, 0x00, 0x00, 0x00,
  0x08, 0xf5, 0x00, 0x00, 0x00, 0x00, 0x00, 0x00, 0x00, 0x00, 0x00, 0x00, 0x00, 0x00, 0x08, 0xf5, 0x00, 0x00, 0x00, 0x00, 0x00, 0x00, 0x00, 0x00,
  0x00, 0x00, 0x00, 0x00, 0x00, 0x00, 0x00, 0x00, 0x00, 0x00, 0x00, 0x00, 0x00, 0x00, 0x00, 0x00, 0x00, 0x00, 0x00, 0x00, 0x00, 0x00, 0x00, 0x00,
  0x00, 0x00, 0x00, 0x00, 0x08, 0xf5, 0x08, 0xf5, 0x08, 0xf5, 0x08, 0xf5, 0x08, 0xf5, 0x08, 0xf5, 0x08, 0xf5, 0x08, 0xf5, 0x00, 0x00, 0x00, 0x00,
  0x00, 0x00, 0x00, 0x00, 0x00, 0x00, 0x00, 0x00, 0x00, 0x00, 0x00, 0x00, 0x00, 0x00, 0x00, 0x00, 0x00, 0x00, 0x00, 0x00, 0x00, 0x00, 0x00, 0x00,
  0x00, 0x00, 0x00, 0x00, 0x00, 0x00, 0x08, 0xf5, 0x08, 0xf5, 0x08, 0xf5, 0x08, 0xf5, 0x08, 0xf5, 0x08, 0xf5, 0x08, 0xf5, 0x08, 0xf5, 0x08, 0xf5,
  0x08, 0xf5, 0x00, 0x00, 0x00, 0x00, 0x00, 0x00, 0x00, 0x00, 0x00, 0x00, 0x00, 0x00, 0x00, 0x00, 0x00, 0x00, 0x00, 0x00, 0x00, 0x00, 0x00, 0x00,
  0x00, 0x00, 0x00, 0x00, 0x00, 0x00, 0x00, 0x00, 0x00, 0x00, 0x08, 0xf5, 0x08, 0xf5, 0x08, 0xf5, 0x08, 0xf5, 0x08, 0xf5, 0x08, 0xf5, 0x08, 0xf5,
  0x08, 0xf5, 0x08, 0xf5, 0x08, 0xf5, 0x00, 0x00, 0x00, 0x00, 0x00, 0x00, 0x00, 0x00, 0x00, 0x00, 0x00, 0x00, 0x00, 0x00, 0x00, 0x00, 0x00, 0x00,
  0x00, 0x00, 0x00, 0x00, 0x00, 0x00, 0x00, 0x00, 0x00, 0x00, 0x00, 0x00, 0x00, 0x00, 0x08, 0xf5, 0x08, 0xf5, 0x08, 0xf5, 0xc2, 0x18, 0x08, 0xf5,
  0x08, 0xf5, 0xc2, 0x18, 0x08, 0xf5, 0x08, 0xf5, 0x08, 0xf5, 0x00, 0x00, 0x00, 0x00, 0x00, 0x00, 0x00, 0x00, 0x00, 0x00, 0x00, 0x00, 0x00, 0x00,
  0x00, 0x00, 0x00, 0x00, 0x00, 0x00, 0x00, 0x00, 0x00, 0x00, 0x00, 0x00, 0x00, 0x00, 0x00, 0x00, 0x00, 0x00, 0x08, 0xf5, 0x08, 0xf5, 0x08, 0xf5,
  0x08, 0xf5, 0x08, 0xf5, 0x08, 0xf5, 0x08, 0xf5, 0x08, 0xf5, 0x08, 0xf5, 0x08, 0xf5, 0x00, 0x00, 0x00, 0x00, 0x00, 0x00, 0x00, 0x00, 0x00, 0x00,
  0x00, 0x00, 0x00, 0x00, 0x00, 0x00, 0x00, 0x00, 0x00, 0x00, 0x00, 0x00, 0x00, 0x00, 0x00, 0x00, 0x00, 0x00, 0x00, 0x00, 0x08, 0xf5, 0x08, 0xf5,
  0x08, 0xf5, 0x08, 0xf5, 0x08, 0xf5, 0x74, 0xfc, 0x74, 0xfc, 0x08, 0xf5, 0x08, 0xf5, 0x08, 0xf5, 0x08, 0xf5, 0x74, 0xfc, 0x08, 0xf5, 0x00, 0x00,
  0x00, 0x00, 0x00, 0x00, 0x00, 0x00, 0x00, 0x00, 0x00, 0x00, 0x00, 0x00, 0x00, 0x00, 0x00, 0x00, 0x00, 0x00, 0x00, 0x00, 0x08, 0xf5, 0x08, 0xf5,
  0x08, 0xf5, 0x08, 0xf5, 0x08, 0xf5, 0x08, 0xf5, 0x08, 0xf5, 0x08, 0xf5, 0x08, 0xf5, 0x08, 0xf5, 0x08, 0xf5, 0x08, 0xf5, 0x08, 0xf5, 0x08, 0xf5,
  0x08, 0xf5, 0x00, 0x00, 0x00, 0x00, 0x00, 0x00, 0x00, 0x00, 0x00, 0x00, 0x00, 0x00, 0x00, 0x00, 0x00, 0x00, 0x00, 0x00, 0x00, 0x00, 0x08, 0xf5,
  0x08, 0xf5, 0x43, 0xc3, 0x08, 0xf5, 0x08, 0xf5, 0x08, 0xf5, 0x08, 0xf5, 0x08, 0xf5, 0x08, 0xf5, 0x08, 0xf5, 0x08, 0xf5, 0x00, 0x00, 0x00, 0x00,
  0x08, 0xf5, 0x08, 0xf5, 0x08, 0xf5, 0x00, 0x00, 0x00, 0x00, 0x00, 0x00, 0x00, 0x00, 0x00, 0x00, 0x00, 0x00, 0x00, 0x00, 0x00, 0x00, 0x00, 0x00,
  0x08, 0xf5, 0x08, 0xf5, 0x08, 0xf5, 0x43, 0xc3, 0x08, 0xf5, 0x08, 0xf5, 0x43, 0xc3, 0x08, 0xf5, 0x08, 0xf5, 0x08, 0xf5, 0x08, 0xf5, 0x08, 0xf5,
  0x00, 0x00, 0x08, 0xf5, 0x08, 0xf5, 0x00, 0x00, 0x00, 0x00, 0x00, 0x00, 0x00, 0x00, 0x00, 0x00, 0x00, 0x00, 0x00, 0x00, 0x00, 0x00, 0x00, 0x00,
  0x00, 0x00, 0x00, 0x00, 0x08, 0xf5, 0x08, 0xf5, 0x08, 0xf5, 0x43, 0xc3, 0x08, 0xf5, 0x08, 0xf5, 0x43, 0xc3, 0xb4, 0xfe, 0xb4, 0xfe, 0xb4, 0xfe,
  0x08, 0xf5, 0x08, 0xf5, 0x00, 0x00, 0x08, 0xf5, 0x08, 0xf5, 0x00, 0x00, 0x00, 0x00, 0x00, 0x00, 0x00, 0x00, 0x00, 0x00, 0x00, 0x00, 0x00, 0x00,
  0x00, 0x00, 0x00, 0x00, 0x00, 0x00, 0x00, 0x00, 0x08, 0xf5, 0x08, 0xf5, 0x08, 0xf5, 0x43, 0xc3, 0x08, 0xf5, 0x08, 0xf5, 0xb4, 0xfe, 0xb4, 0xfe,
  0xb4, 0xfe, 0xb4, 0xfe, 0xb4, 0xfe, 0x08, 0xf5, 0x08, 0xf5, 0x08, 0xf5, 0x00, 0x00, 0x00, 0x00, 0x00, 0x00, 0x00, 0x00, 0x00, 0x00, 0x00, 0x00,
  0x00, 0x00, 0x00, 0x00, 0x43, 0xc3, 0x00, 0x00, 0x00, 0x00, 0x00, 0x00, 0x08, 0xf5, 0x08, 0xf5, 0x08, 0xf5, 0x08, 0xf5, 0x08, 0xf5, 0x08, 0xf5,
  0xb4, 0xfe, 0xb4, 0xfe, 0xb4, 0xfe, 0xb4, 0xfe, 0xb4, 0xfe, 0x08, 0xf5, 0x08, 0xf5, 0x00, 0x00, 0x00, 0x00, 0x00, 0x00, 0x00, 0x00, 0x00, 0x00,
  0x00, 0x00, 0x00, 0x00, 0x00, 0x00, 0x00, 0x00, 0x43, 0xc3, 0x00, 0x00, 0x00, 0x00, 0x00, 0x00, 0x00, 0x00, 0x08, 0xf5, 0x08, 0xf5, 0x08, 0xf5,
  0x08, 0xf5, 0x08, 0xf5, 0xb4, 0xfe, 0x08, 0xf5, 0xb4, 0xfe, 0xb4, 0xfe, 0xb4, 0xfe, 0x00, 0x00, 0x00, 0x00, 0x00, 0x00, 0x00, 0x00, 0x00, 0x00,
  0x00, 0x00, 0x00, 0x00, 0x00, 0x00, 0x00, 0x00, 0x00, 0x00, 0x00, 0x00, 0x43, 0xc3, 0x00, 0x00, 0x00, 0x00, 0x00, 0x00, 0x00, 0x00, 0x00, 0x00,
  0x08, 0xf5, 0x08, 0xf5, 0x08, 0xf5, 0x08, 0xf5, 0xb4, 0xfe, 0x08, 0xf5, 0xb4, 0xfe, 0xb4, 0xfe, 0xb4, 0xfe, 0x00, 0x00, 0x00, 0x00, 0x00, 0x00,
  0x00, 0x00, 0x00, 0x00, 0x00, 0x00, 0x00, 0x00, 0x00, 0x00, 0x00, 0x00, 0x00, 0x00, 0x00, 0x00, 0x00, 0x00, 0x43, 0xc3, 0x43, 0xc3, 0x43, 0xc3,
  0x43, 0xc3, 0x43, 0xc3, 0x43, 0xc3, 0x43, 0xc3, 0x08, 0xf5, 0x08, 0xf5, 0x08, 0xf5, 0x08, 0xf5, 0xb4, 0xfe, 0xb4, 0xfe, 0x00, 0x00, 0x00, 0x00,
  0x00, 0x00, 0x00, 0x00, 0x00, 0x00, 0x00, 0x00, 0x00, 0x00, 0x00, 0x00, 0x00, 0x00, 0x00, 0x00, 0x00, 0x00, 0x00, 0x00, 0x00, 0x00, 0x00, 0x00,
  0x00, 0x00, 0x00, 0x00, 0xff, 0x00, 0x00, 0x00, 0x00, 0x00, 0x00, 0xff, 0x00, 0x00, 0x00, 0x00, 0x00, 0x00, 0x00, 0x00, 0x00, 0x00, 0x00, 0x00,
  0x00, 0x00, 0x00, 0x00, 0x00, 0x00, 0xff, 0xff, 0xff, 0xff, 0xff, 0xff, 0xff, 0xff, 0x00, 0x00, 0x00, 0x00, 0x00, 0x00, 0x00, 0x00, 0x00, 0x00,
  0x00, 0x00, 0x00, 0x00, 0x00, 0x00, 0x00, 0xff, 0xff, 0xff, 0xff, 0xff, 0xff, 0xff, 0xff, 0xff, 0xff, 0x00, 0x00, 0x00, 0x00, 0x00, 0x00, 0x00,
  0x00, 0x00, 0x00, 0x00, 0x00, 0x00, 0x00, 0x00, 0x00, 0xff, 0xff, 0xff, 0xff, 0xff, 0xff, 0xff, 0xff, 0xff, 0xff, 0x00, 0x00, 0x00, 0x00, 0x00,
  0x00, 0x00, 0x00, 0x00, 0x00, 0x00, 0x00, 0x00, 0x00, 0x00, 0x00, 0xff, 0xff, 0xff, 0xff, 0xff, 0xff, 0xff, 0xff, 0xff, 0xff, 0x00, 0x00, 0x00,
  0x00, 0x00, 0x00, 0x00, 0x00, 0x00, 0x00, 0x00, 0x00, 0x00, 0x00, 0x00, 0x00, 0xff, 0xff, 0xff, 0xff, 0xff, 0xff, 0xff, 0xff, 0xff, 0xff, 0x00,
  0x00, 0x00, 0x00, 0x00, 0x00, 0x00, 0x00, 0x00, 0x00, 0x00, 0x00, 0x00, 0x00, 0x00, 0xff, 0xff, 0xff, 0xff, 0xff, 0xff, 0xff, 0xff, 0xff, 0xff,
  0xff, 0xff, 0xff, 0x00, 0x00, 0x00, 0x00, 0x00, 0x00, 0x00, 0x00, 0x00, 0x00, 0x00, 0xff, 0xff, 0xff, 0xff, 0xff, 0xff, 0xff, 0xff, 0xff, 0xff,
  0xff, 0xff, 0xff, 0xff, 0xff, 0x00, 0x00, 0x00, 0x00, 0x00, 0x00, 0x00, 0x00, 0x00, 0x00, 0xff, 0xff, 0xff, 0xff, 0xff, 0xff, 0xff, 0xff, 0xff,
  0xff, 0xff, 0x00, 0x00, 0xff, 0xff, 0xff, 0x00, 0x00, 0x00, 0x00, 0x00, 0x00, 0x00, 0x00, 0x00, 0xff, 0xff, 0xff, 0xff, 0xff, 0xff, 0xff, 0xff,
  0xff, 0xff, 0xff, 0xff, 0x00, 0xff, 0xff, 0x00, 0x00, 0x00, 0x00, 0x00, 0x00, 0x00, 0x00, 0x00, 0x00, 0x00, 0xff, 0xff, 0xff, 0xff, 0xff, 0xff,
  0xff, 0xff, 0xff, 0xff, 0xff, 0xff, 0x00, 0xff, 0xff, 0x00, 0x00, 0x00, 0x00, 0x00, 0x00, 0x00, 0x00, 0x00, 0x00, 0x00, 0xff, 0xff, 0xff, 0xff,
  0xff, 0xff, 0xff, 0xff, 0xff, 0xff, 0xff, 0xff, 0xff, 0xff, 0x00, 0x00, 0x00, 0x00, 0x00, 0x00, 0x00, 0x00, 0xff, 0x00, 0x00, 0x00, 0xff, 0xff,
  0xff, 0xff, 0xff, 0xff, 0xff, 0xff, 0xff, 0xff, 0xff, 0xff, 0xff, 0x00, 0x00, 0x00, 0x00, 0x00, 0x00, 0x00, 0x00, 0x00, 0xff, 0x00, 0x00, 0x00,
  0x00, 0xff, 0xff, 0xff, 0xff, 0xff, 0xff, 0xff, 0xff, 0xff, 0xff, 0x00, 0x00, 0x00, 0x00, 0x00, 0x00, 0x00, 0x00, 0x00, 0x00, 0x00, 0xff, 0x00,
  0x00, 0x00, 0x00, 0x00, 0xff, 0xff, 0xff, 0xff, 0xff, 0xff, 0xff, 0xff, 0xff, 0x00, 0x00, 0x00, 0x00, 0x00, 0x00, 0x00, 0x00, 0x00, 0x00, 0x00,
  0x00, 0xff, 0xff, 0xff, 0xff, 0xff, 0xff, 0xff, 0xff, 0xff, 0xff, 0xff, 0xff, 0xff, 0x00, 0x00, 0x00, 0x00, 0x00, 0x00, 0x00, 0x00, 0x00, 0x00,
};
static const lv_image_dsc_t spr_cat_paw_r = {
    .header = {.magic = LV_IMAGE_HEADER_MAGIC, .cf = LV_COLOR_FORMAT_RGB565A8, .flags = 0,
               .w = 26, .h = 16, .stride = 52, .reserved_2 = 0},
    .data_size = sizeof(spr_cat_paw_r_px),
    .data = spr_cat_paw_r_px,
    .reserved = nullptr,
};

static const uint8_t spr_cat_paw_l_px[] = {
  0x00, 0x00, 0x00, 0x00, 0x00, 0x00, 0x00, 0x00, 0x00, 0x00, 0x00, 0x00, 0x08, 0xf5, 0x00, 0x00, 0x00, 0x00, 0x00, 0x00, 0x00, 0x00, 0x00, 0x00,
  0x00, 0x00, 0x08, 0xf5, 0x00, 0x00, 0x00, 0x00, 0x00, 0x00, 0x00, 0x00, 0x00, 0x00, 0x00, 0x00, 0x00, 0x00, 0x00, 0x00, 0x00, 0x00, 0x00, 0x00,
  0x00, 0x00, 0x00, 0x00, 0x00, 0x00, 0x00, 0x00, 0x00, 0x00, 0x00, 0x00, 0x00, 0x00, 0x00, 0x00, 0x08, 0xf5, 0x08, 0xf5, 0x08, 0xf5, 0x08, 0xf5,
  0x08, 0xf5, 0x08, 0xf5, 0x08, 0xf5, 0x08, 0xf5, 0x00, 0x00, 0x00, 0x00, 0x00, 0x00, 0x00, 0x00, 0x00, 0x00, 0x00, 0x00, 0x00, 0x00, 0x00, 0x00,
  0x00, 0x00, 0x00, 0x00, 0x00, 0x00, 0x00, 0x00, 0x00, 0x00, 0x00, 0x00, 0x00, 0x00, 0x00, 0x00, 0x00, 0x00, 0x08, 0xf5, 0x08, 0xf5, 0x08, 0xf5,
  0x08, 0xf5, 0x08, 0xf5, 0x08, 0xf5, 0x08, 0xf5, 0x08, 0xf5, 0x08, 0xf5, 0x08, 0xf5, 0x00, 0x00, 0x00, 0x00, 0x00, 0x00, 0x00, 0x00, 0x00, 0x00,
  0x00, 0x00, 0x00, 0x00, 0x00, 0x00, 0x00, 0x00, 0x00, 0x00, 0x00, 0x00, 0x00, 0x00, 0x00, 0x00, 0x00, 0x00, 0x00, 0x00, 0x00, 0x00, 0x08, 0xf5,
  0x08, 0xf5, 0x08, 0xf5, 0x08, 0xf5, 0x08, 0xf5, 0x08, 0xf5, 0x08, 0xf5, 0x08, 0xf5, 0x08, 0xf5, 0x08, 0xf5, 0x00, 0x00, 0x00, 0x00, 0x00, 0x00,
  0x00, 0x00, 0x00, 0x00, 0x00, 0x00, 0x00, 0x00, 0x00, 0x00, 0x00, 0x00, 0x00, 0x00, 0x00, 0x00, 0x00, 0x00, 0x00, 0x00, 0x00, 0x00, 0x00, 0x00,
  0x00, 0x00, 0x08, 0xf5, 0x08, 0xf5, 0x08, 0xf5, 0xc2, 0x18, 0x08, 0xf5, 0x08, 0xf5, 0xc2, 0x18, 0x08, 0xf5, 0x08, 0xf5, 0x08, 0xf5, 0x00, 0x00,
  0x00, 0x00, 0x00, 0x00, 0x00, 0x00, 0x00, 0x00, 0x00, 0x00, 0x00, 0x00, 0x00, 0x00, 0x00, 0x00, 0x00, 0x00, 0x00, 0x00, 0x00, 0x00, 0x00, 0x00,
  0x00, 0x00, 0x00, 0x00, 0x00, 0x00, 0x08, 0xf5, 0x08, 0xf5, 0x08, 0xf5, 0x08, 0xf5, 0x08, 0xf5, 0x08, 0xf5, 0x08, 0xf5, 0x08, 0xf5, 0x08, 0xf5,
  0x08, 0xf5, 0x00, 0x00, 0x00, 0x00, 0x00, 0x00, 0x00, 0x00, 0x00, 0x00, 0x00, 0x00, 0x00, 0x00, 0x00, 0x00, 0x00, 0x00, 0x00, 0x00, 0x00, 0x00,
  0x00, 0x00, 0x00, 0x00, 0x00, 0x00, 0x08, 0xf5, 0x74, 0xfc, 0x08, 0xf5, 0x08, 0xf5, 0x08, 0xf5, 0x08, 0xf5, 0x74, 0xfc, 0x74, 0xfc, 0x08, 0xf5,
  0x08, 0xf5, 0x08, 0xf5, 0x08, 0xf5, 0x08, 0xf5, 0x00, 0x00, 0x00, 0x00, 0x00, 0x00, 0x00, 0x00, 0x00, 0x00, 0x00, 0x00, 0x00, 0x00, 0x00, 0x00,
  0x00, 0x00, 0x00, 0x00, 0x00, 0x00, 0x00, 0x00, 0x00, 0x00, 0x08, 0xf5, 0x08, 0xf5, 0x08, 0xf5, 0x08, 0xf5, 0x08, 0xf5, 0x08, 0xf5, 0x08, 0xf5,
  0x08, 0xf5, 0x08, 0xf5, 0x08, 0xf5, 0x08, 0xf5, 0x08, 0xf5, 0x08, 0xf5, 0x08, 0xf5, 0x08, 0xf5, 0x00, 0x00, 0x00, 0x00, 0x00, 0x00, 0x00, 0x00,
  0x00, 0x00, 0x00, 0x00, 0x00, 0x00, 0x00, 0x00, 0x00, 0x00, 0x00, 0x00, 0x00, 0x00, 0x08, 0xf5, 0x08, 0xf5, 0x08, 0xf5, 0x00, 0x00, 0x00, 0x00,
  0x08, 0xf5, 0x08, 0xf5, 0x08, 0xf5, 0x08, 0xf5, 0x08, 0xf5, 0x08, 0xf5, 0x08, 0xf5, 0x08, 0xf5, 0x43, 0xc3, 0x08, 0xf5, 0x08, 0xf5, 0x00, 0x00,
  0x00, 0x00, 0x00, 0x00, 0x00, 0x00, 0x00, 0x00, 0x00, 0x00, 0x00, 0x00, 0x00, 0x00, 0x00, 0x00, 0x00, 0x00, 0x00, 0x00, 0x00, 0x00, 0x08, 0xf5,
  0x08, 0xf5, 0x00, 0x00, 0x08, 0xf5, 0x08, 0xf5, 0x08, 0xf5, 0x08, 0xf5, 0x08, 0xf5, 0x43, 0xc3, 0x08, 0xf5, 0x08, 0xf5, 0x43, 0xc3, 0x08, 0xf5,
  0x08, 0xf5, 0x08, 0xf5, 0x00, 0x00, 0x00, 0x00, 0x00, 0x00, 0x00, 0x00, 0x00, 0x00, 0x00, 0x00, 0x00, 0x00, 0x00, 0x00, 0x00, 0x00, 0x00, 0x00,
  0x00, 0x00, 0x08, 0xf5, 0x08, 0xf5, 0x00, 0x00, 0x08, 0xf5, 0x08, 0xf5, 0xb4, 0xfe, 0xb4, 0xfe, 0xb4, 0xfe, 0x43, 0xc3, 0x08, 0xf5, 0x08, 0xf5,
  0x43, 0xc3, 0x08, 0xf5, 0x08, 0xf5, 0x08, 0xf5, 0x00, 0x00, 0x00, 0x00, 0x00, 0x00, 0x00, 0x00, 0x00, 0x00, 0x00, 0x00, 0x00, 0x00, 0x00, 0x00,
  0x00, 0x00, 0x00, 0x00, 0x00, 0x00, 0x00, 0x00, 0x08, 0xf5, 0x08, 0xf5, 0x08, 0xf5, 0xb4, 0xfe, 0xb4, 0xfe, 0xb4, 0xfe, 0xb4, 0xfe, 0xb4, 0xfe,
  0x08, 0xf5, 0x08, 0xf5, 0x43, 0xc3, 0x08, 0xf5, 0x08, 0xf5, 0x08, 0xf5, 0x00, 0x00, 0x00, 0x00, 0x00, 0x00, 0x00, 0x00, 0x00, 0x00, 0x00, 0x00,
  0x00, 0x00, 0x00, 0x00, 0x00, 0x00, 0x00, 0x00, 0x00, 0x00, 0x00, 0x00, 0x00, 0x00, 0x08, 0xf5, 0x08, 0xf5, 0xb4, 0xfe, 0xb4, 0xfe, 0xb4, 0xfe,
  0xb4, 0xfe, 0xb4, 0xfe, 0x08, 0xf5, 0x08, 0xf5, 0x08, 0xf5, 0x08, 0xf5, 0x08, 0xf5, 0x08, 0xf5, 0x00, 0x00, 0x00, 0x00, 0x00, 0x00, 0x43, 0xc3,
  0x00, 0x00, 0x00, 0x00, 0x00, 0x00, 0x00, 0x00, 0x00, 0x00, 0x00, 0x00, 0x00, 0x00, 0x00, 0x00, 0x00, 0x00, 0x00, 0x00, 0x00, 0x00, 0xb4, 0xfe,
  0xb4, 0xfe, 0xb4, 0xfe, 0x08, 0xf5, 0xb4, 0xfe, 0x08, 0xf5, 0x08, 0xf5, 0x08, 0xf5, 0x08, 0xf5, 0x08, 0xf5, 0x00, 0x00, 0x00, 0x00, 0x00, 0x00,
  0x00, 0x00, 0x43, 0xc3, 0x00, 0x00, 0x00, 0x00, 0x00, 0x00, 0x00, 0x00, 0x00, 0x00, 0x00, 0x00, 0x00, 0x00, 0x00, 0x00, 0x00, 0x00, 0x00, 0x00,
  0x00, 0x00, 0xb4, 0xfe, 0xb4, 0xfe, 0xb4, 0xfe, 0x08, 0xf5, 0xb4, 0xfe, 0x08, 0xf5, 0x08, 0xf5, 0x08, 0xf5, 0x08, 0xf5, 0x00, 0x00, 0x00, 0x00,
  0x00, 0x00, 0x00, 0x00, 0x00, 0x00, 0x43, 0xc3, 0x00, 0x00, 0x00, 0x00, 0x00, 0x00, 0x00, 0x00, 0x00, 0x00, 0x00, 0x00, 0x00, 0x00, 0x00, 0x00,
  0x00, 0x00, 0x00, 0x00, 0x00, 0x00, 0x00, 0x00, 0xb4, 0xfe, 0xb4, 0xfe, 0x08, 0xf5, 0x08, 0xf5, 0x08, 0xf5, 0x08, 0xf5, 0x43, 0xc3, 0x43, 0xc3,
  0x43, 0xc3, 0x43, 0xc3, 0x43, 0xc3, 0x43, 0xc3, 0x43, 0xc3, 0x00, 0x00, 0x00, 0x00, 0x00, 0x00, 0x00, 0x00, 0x00, 0x00, 0x00, 0x00, 0xff, 0x00,
  0x00, 0x00, 0x00, 0x00, 0x00, 0xff, 0x00, 0x00, 0x00, 0x00, 0x00, 0x00, 0x00, 0x00, 0x00, 0x00, 0x00, 0x00, 0x00, 0x00, 0x00, 0x00, 0x00, 0x00,
  0xff, 0xff, 0xff, 0xff, 0xff, 0xff, 0xff, 0xff, 0x00, 0x00, 0x00, 0x00, 0x00, 0x00, 0x00, 0x00, 0x00, 0x00, 0x00, 0x00, 0x00, 0x00, 0x00, 0x00,
  0x00, 0xff, 0xff, 0xff, 0xff, 0xff, 0xff, 0xff, 0xff, 0xff, 0xff, 0x00, 0x00, 0x00, 0x00, 0x00, 0x00, 0x00, 0x00, 0x00, 0x00, 0x00, 0x00, 0x00,
  0x00, 0x00, 0x00, 0xff, 0xff, 0xff, 0xff, 0xff, 0xff, 0xff, 0xff, 0xff, 0xff, 0x00, 0x00, 0x00, 0x00, 0x00, 0x00, 0x00, 0x00, 0x00, 0x00, 0x00,
  0x00, 0x00, 0x00, 0x00, 0x00, 0xff, 0xff, 0xff, 0xff, 0xff, 0xff, 0xff, 0xff, 0xff, 0xff, 0x00, 0x00, 0x00, 0x00, 0x00, 0x00, 0x00, 0x00, 0x00,
  0x00, 0x00, 0x00, 0x00, 0x00, 0x00, 0x00, 0xff, 0xff, 0xff, 0xff, 0xff, 0xff, 0xff, 0xff, 0xff, 0xff, 0x00, 0x00, 0x00, 0x00, 0x00, 0x00, 0x00,
  0x00, 0x00, 0x00, 0x00, 0x00, 0x00, 0x00, 0xff, 0xff, 0xff, 0xff, 0xff, 0xff, 0xff, 0xff, 0xff, 0xff, 0xff, 0xff, 0xff, 0x00, 0x00, 0x00, 0x00,
  0x00, 0x00, 0x00, 0x00, 0x00, 0x00, 0x00, 0x00, 0x00, 0xff, 0xff, 0xff, 0xff, 0xff, 0xff, 0xff, 0xff, 0xff, 0xff, 0xff, 0xff, 0xff, 0xff, 0xff,
  0x00, 0x00, 0x00, 0x00, 0x00, 0x00, 0x00, 0x00, 0x00, 0x00, 0x00, 0xff, 0xff, 0xff, 0x00, 0x00, 0xff, 0xff, 0xff, 0xff, 0xff, 0xff, 0xff, 0xff,
  0xff, 0xff, 0xff, 0x00, 0x00, 0x00, 0x00, 0x00, 0x00, 0x00, 0x00, 0x00, 0x00, 0x00, 0x00, 0xff, 0xff, 0x00, 0xff, 0xff, 0xff, 0xff, 0xff, 0xff,
  0xff, 0xff, 0xff, 0xff, 0xff, 0xff, 0x00, 0x00, 0x00, 0x00, 0x00, 0x00, 0x00, 0x00, 0x00, 0x00, 0x00, 0xff, 0xff, 0x00, 0xff, 0xff, 0xff, 0xff,
  0xff, 0xff, 0xff, 0xff, 0xff, 0xff, 0xff, 0xff, 0x00, 0x00, 0x00, 0x00, 0x00, 0x00, 0x00, 0x00, 0x00, 0x00, 0x00, 0x00, 0xff, 0xff, 0xff, 0xff,
  0xff, 0xff, 0xff, 0xff, 0xff, 0xff, 0xff, 0xff, 0xff, 0xff, 0x00, 0x00, 0x00, 0x00, 0x00, 0x00, 0x00, 0x00, 0x00, 0x00, 0x00, 0x00, 0x00, 0xff,
  0xff, 0xff, 0xff, 0xff, 0xff, 0xff, 0xff, 0xff, 0xff, 0xff, 0xff, 0xff, 0x00, 0x00, 0x00, 0xff, 0x00, 0x00, 0x00, 0x00, 0x00, 0x00, 0x00, 0x00,
  0x00, 0x00, 0x00, 0xff, 0xff, 0xff, 0xff, 0xff, 0xff, 0xff, 0xff, 0xff, 0xff, 0x00, 0x00, 0x00, 0x00, 0xff, 0x00, 0x00, 0x00, 0x00, 0x00, 0x00,
  0x00, 0x00, 0x00, 0x00, 0x00, 0xff, 0xff, 0xff, 0xff, 0xff, 0xff, 0xff, 0xff, 0xff, 0x00, 0x00, 0x00, 0x00, 0x00, 0xff, 0x00, 0x00, 0x00, 0x00,
  0x00, 0x00, 0x00, 0x00, 0x00, 0x00, 0x00, 0x00, 0xff, 0xff, 0xff, 0xff, 0xff, 0xff, 0xff, 0xff, 0xff, 0xff, 0xff, 0xff, 0xff, 0x00, 0x00, 0x00,
};
static const lv_image_dsc_t spr_cat_paw_l = {
    .header = {.magic = LV_IMAGE_HEADER_MAGIC, .cf = LV_COLOR_FORMAT_RGB565A8, .flags = 0,
               .w = 26, .h = 16, .stride = 52, .reserved_2 = 0},
    .data_size = sizeof(spr_cat_paw_l_px),
    .data = spr_cat_paw_l_px,
    .reserved = nullptr,
};

static const uint8_t spr_cat_sleep_px[] = {
  0x00, 0x00, 0x00, 0x00, 0x00, 0x00, 0x00, 0x00, 0x00, 0x00, 0x00, 0x00, 0x00, 0x00, 0x00, 0x00, 0x00, 0x00, 0x00, 0x00, 0x00, 0x00, 0x00, 0x00,
  0x00, 0x00, 0x00, 0x00, 0x00, 0x00, 0x00, 0x00, 0x00, 0x00, 0x00, 0x00, 0x00, 0x00, 0x00, 0x00, 0x00, 0x00, 0x00, 0x00, 0x00, 0x00, 0x00, 0x00,
  0x00, 0x00, 0x00, 0x00, 0x00, 0x00, 0x00, 0x00, 0x00, 0x00, 0x00, 0x00, 0x00, 0x00, 0x00, 0x00, 0x00, 0x00, 0x00, 0x00, 0x00, 0x00, 0x00, 0x00,
  0x00, 0x00, 0x00, 0x00, 0x00, 0x00, 0x00, 0x00, 0x00, 0x00, 0x00, 0x00, 0x00, 0x00, 0x00, 0x00, 0x00, 0x00, 0x00, 0x00, 0x00, 0x00, 0x00, 0x00,
  0x00, 0x00, 0x00, 0x00, 0x00, 0x00, 0x00, 0x00, 0x00, 0x00, 0x00, 0x00, 0x00, 0x00, 0x00, 0x00, 0x00, 0x00, 0x00, 0x00, 0x00, 0x00, 0x00, 0x00,
  0x00, 0x00, 0x00, 0x00, 0x00, 0x00, 0x00, 0x00, 0x00, 0x00, 0x00, 0x00, 0x00, 0x00, 0x00, 0x00, 0x00, 0x00, 0x00, 0x00, 0x00, 0x00, 0x00, 0x00,
  0x00, 0x00, 0x00, 0x00, 0x00, 0x00, 0x00, 0x00, 0x00, 0x00, 0x00, 0x00, 0x00, 0x00, 0x00, 0x00, 0x00, 0x00, 0x00, 0x00, 0x00, 0x00, 0x00, 0x00,
  0x00, 0x00, 0x00, 0x00, 0x00, 0x00, 0x00, 0x00, 0x00, 0x00, 0x00, 0x00, 0x00, 0x00, 0x00, 0x00, 0x00, 0x00, 0x00, 0x00, 0x00, 0x00, 0x08, 0xf5,
  0x00, 0x00, 0x00, 0x00, 0x00, 0x00, 0x00, 0x00, 0x08, 0xf5, 0x00, 0x00, 0x00, 0x00, 0x00, 0x00, 0x00, 0x00, 0x00, 0x00, 0x00, 0x00, 0x00, 0x00,
  0x00, 0x00, 0x00, 0x00, 0x00, 0x00, 0x00, 0x00, 0x00, 0x00, 0x00, 0x00, 0x00, 0x00, 0x00, 0x00, 0x00, 0x00, 0x00, 0x00, 0x00, 0x00, 0x00, 0x00,
  0x00, 0x00, 0x08, 0xf5, 0x08, 0xf5, 0x00, 0x00, 0x00, 0x00, 0x08, 0xf5, 0x08, 0xf5, 0x00, 0x00, 0x00, 0x00, 0x00, 0x00, 0x00, 0x00, 0x00, 0x00,
  0x00, 0x00, 0x00, 0x00, 0x00, 0x00, 0x00, 0x00, 0x00, 0x00, 0x00, 0x00, 0x00, 0x00, 0x00, 0x00, 0x00, 0x00, 0x00, 0x00, 0x00, 0x00, 0x00, 0x00,
  0x00, 0x00, 0x00, 0x00, 0x00, 0x00, 0x08, 0xf5, 0x08, 0xf5, 0x08, 0xf5, 0x08, 0xf5, 0x08, 0xf5, 0x08, 0xf5, 0x00, 0x00, 0x00, 0x00, 0x00, 0x00,
  0x00, 0x00, 0x00, 0x00, 0x00, 0x00, 0x00, 0x00, 0x00, 0x00, 0x00, 0x00, 0x00, 0x00, 0x00, 0x00, 0x08, 0xf5, 0x08, 0xf5, 0x08, 0xf5, 0x08, 0xf5,
  0x08, 0xf5, 0x08, 0xf5, 0x08, 0xf5, 0x08, 0xf5, 0x08, 0xf5, 0x08, 0xf5, 0x08, 0xf5, 0x08, 0xf5, 0x08, 0xf5, 0x08, 0xf5, 0x08, 0xf5, 0x08, 0xf5,
  0x00, 0x00, 0x00, 0x00, 0x00, 0x00, 0x00, 0x00, 0x00, 0x00, 0x00, 0x00, 0x00, 0x00, 0x08, 0xf5, 0x08, 0xf5, 0x08, 0xf5, 0x08, 0xf5, 0x08, 0xf5,
  0x08, 0xf5, 0x08, 0xf5, 0x08, 0xf5, 0x08, 0xf5, 0x08, 0xf5, 0x08, 0xf5, 0x08, 0xf5, 0x08, 0xf5, 0x08, 0xf5, 0x08, 0xf5, 0x08, 0xf5, 0x08, 0xf5,
  0x08, 0xf5, 0x08, 0xf5, 0x00, 0x00, 0x00, 0x00, 0x00, 0x00, 0x00, 0x00, 0x00, 0x00, 0x00, 0x00, 0x08, 0xf5, 0x08, 0xf5, 0x08, 0xf5, 0x08, 0xf5,
  0x08, 0xf5, 0x43, 0xc3, 0x43, 0xc3, 0x43, 0xc3, 0x43, 0xc3, 0x43, 0xc3, 0x43, 0xc3, 0x08, 0xf5, 0x08, 0xf5, 0x08, 0xf5, 0x08, 0xf5, 0x08, 0xf5,
  0x08, 0xf5, 0x08, 0xf5, 0x08, 0xf5, 0x08, 0xf5, 0x00, 0x00, 0x00, 0x00, 0x00, 0x00, 0x00, 0x00, 0x00, 0x00, 0x08, 0xf5, 0x08, 0xf5, 0x08, 0xf5,
  0x43, 0xc3, 0x43, 0xc3, 0x43, 0xc3, 0x08, 0xf5, 0x08, 0xf5, 0x08, 0xf5, 0x08, 0xf5, 0x08, 0xf5, 0x08, 0xf5, 0x08, 0xf5, 0x08, 0xf5, 0x08, 0xf5,
  0xc2, 0x18, 0xc2, 0x18, 0x08, 0xf5, 0xc2, 0x18, 0xc2, 0x18, 0x08, 0xf5, 0x00, 0x00, 0x00, 0x00, 0x00, 0x00, 0x00, 0x00, 0x08, 0xf5, 0x08, 0xf5,
  0x08, 0xf5, 0x43, 0xc3, 0x08, 0xf5, 0x08, 0xf5, 0x08, 0xf5, 0x08, 0xf5, 0x08, 0xf5, 0x08, 0xf5, 0x08, 0xf5, 0x08, 0xf5, 0x08, 0xf5, 0x08, 0xf5,
  0x08, 0xf5, 0x08, 0xf5, 0x08, 0xf5, 0x08, 0xf5, 0x08, 0xf5, 0x08, 0xf5, 0x08, 0xf5, 0x08, 0xf5, 0x00, 0x00, 0x00, 0x00, 0x00, 0x00, 0x00, 0x00,
  0x08, 0xf5, 0x08, 0xf5, 0x08, 0xf5, 0x08, 0xf5, 0x08, 0xf5, 0x08, 0xf5, 0x08, 0xf5, 0x08, 0xf5, 0x08, 0xf5, 0x08, 0xf5, 0x08, 0xf5, 0x08, 0xf5,
  0x08, 0xf5, 0x08, 0xf5, 0x08, 0xf5, 0x08, 0xf5, 0x08, 0xf5, 0x08, 0xf5, 0x08, 0xf5, 0x08, 0xf5, 0x08, 0xf5, 0x00, 0x00, 0x00, 0x00, 0x00, 0x00,
  0x00, 0x00, 0x00, 0x00, 0x00, 0x00, 0x08, 0xf5, 0x08, 0xf5, 0x08, 0xf5, 0x08, 0xf5, 0x08, 0xf5, 0x08, 0xf5, 0x08, 0xf5, 0x08, 0xf5, 0x08, 0xf5,
  0x08, 0xf5, 0x08, 0xf5, 0x08, 0xf5, 0x08, 0xf5, 0x08, 0xf5, 0x08, 0xf5, 0x08, 0xf5, 0x08, 0xf5, 0x08, 0xf5, 0x08, 0xf5, 0x00, 0x00, 0x00, 0x00,
  0x00, 0x00, 0x00, 0x00, 0x00, 0x00, 0x00, 0x00, 0x00, 0x00, 0x00, 0x00, 0x08, 0xf5, 0x08, 0xf5, 0x08, 0xf5, 0x08, 0xf5, 0x08, 0xf5, 0x08, 0xf5,
  0x08, 0xf5, 0x08, 0xf5, 0x08, 0xf5, 0x08, 0xf5, 0x08, 0xf5, 0x08, 0xf5, 0x08, 0xf5, 0x08, 0xf5, 0x08, 0xf5, 0x08, 0xf5, 0x08, 0xf5, 0x00, 0x00,
  0x00, 0x00, 0x00, 0x00, 0x00, 0x00, 0x00, 0x00, 0x00, 0x00, 0x00, 0x00, 0x00, 0x00, 0x00, 0x00, 0x00, 0x00, 0x08, 0xf5, 0x08, 0xf5, 0x08, 0xf5,
  0x08, 0xf5, 0x08, 0xf5, 0x08, 0xf5, 0x08, 0xf5, 0x08, 0xf5, 0x08, 0xf5, 0x08, 0xf5, 0x08, 0xf5, 0x08, 0xf5, 0x08, 0xf5, 0x08, 0xf5, 0x08, 0xf5,
  0x00, 0x00, 0x00, 0x00, 0x00, 0x00, 0x00, 0x00, 0x00, 0x00, 0x00, 0x00, 0x00, 0x00, 0x00, 0x00, 0x00, 0x00, 0x43, 0xc3, 0x43, 0xc3, 0x43, 0xc3,
  0x43, 0xc3, 0x43, 0xc3, 0x43, 0xc3, 0x43, 0xc3, 0x43, 0xc3, 0x43, 0xc3, 0x43, 0xc3, 0x43, 0xc3, 0x43, 0xc3, 0x43, 0xc3, 0x43, 0xc3, 0x00, 0x00,
  0x00, 0x00, 0x00, 0x00, 0x00, 0x00, 0x00, 0x00, 0x00, 0x00, 0x00, 0x00, 0x00, 0x00, 0x00, 0x00, 0x00, 0x00, 0x00, 0x00, 0x00, 0x00, 0x00, 0x00,
  0x00, 0x00, 0x00, 0x00, 0x00, 0x00, 0x00, 0x00, 0x00, 0x00, 0x00, 0x00, 0x00, 0x00, 0x00, 0x00, 0x00, 0x00, 0x00, 0x00, 0x00, 0x00, 0x00, 0x00,
  0x00, 0x00, 0x00, 0x00, 0x00, 0x00, 0x00, 0x00, 0x00, 0x00, 0x00, 0x00, 0x00, 0x00, 0x00, 0x00, 0x00, 0x00, 0x00, 0x00, 0x00, 0x00, 0x00, 0x00,
  0x00, 0x00, 0x00, 0x00, 0x00, 0x00, 0x00, 0x00, 0x00, 0x00, 0x00, 0x00, 0x00, 0x00, 0x00, 0x00, 0x00, 0x00, 0x00, 0x00, 0x00, 0x00, 0x00, 0x00,
  0x00, 0x00, 0x00, 0x00, 0x00, 0x00, 0x00, 0x00, 0x00, 0x00, 0x00, 0x00, 0x00, 0x00, 0x00, 0xff, 0x00, 0x00, 0x00, 0x00, 0xff, 0x00, 0x00, 0x00,
  0x00, 0x00, 0x00, 0x00, 0x00, 0x00, 0x00, 0x00, 0x00, 0x00, 0x00, 0x00, 0x00, 0x00, 0x00, 0x00, 0x00, 0xff, 0xff, 0x00, 0x00, 0xff, 0xff, 0x00,
  0x00, 0x00, 0x00, 0x00, 0x00, 0x00, 0x00, 0x00, 0x00, 0x00, 0x00, 0x00, 0x00, 0x00, 0x00, 0x00, 0x00, 0x00, 0x00, 0xff, 0xff, 0xff, 0xff, 0xff,
  0xff, 0x00, 0x00, 0x00, 0x00, 0x00, 0x00, 0x00, 0x00, 0x00, 0x00, 0x00, 0xff, 0xff, 0xff, 0xff, 0xff, 0xff, 0xff, 0xff, 0xff, 0xff, 0xff, 0xff,
  0xff, 0xff, 0xff, 0xff, 0x00, 0x00, 0x00, 0x00, 0x00, 0x00, 0x00, 0xff, 0xff, 0xff, 0xff, 0xff, 0xff, 0xff, 0xff, 0xff, 0xff, 0xff, 0xff, 0xff,
  0xff, 0xff, 0xff, 0xff, 0xff, 0xff, 0x00, 0x00, 0x00, 0x00, 0x00, 0x00, 0xff, 0xff, 0xff, 0xff, 0xff, 0xff, 0xff, 0xff, 0xff, 0xff, 0xff, 0xff,
  0xff, 0xff, 0xff, 0xff, 0xff, 0xff, 0xff, 0xff, 0x00, 0x00, 0x00, 0x00, 0x00, 0xff, 0xff, 0xff, 0xff, 0xff, 0xff, 0xff, 0xff, 0xff, 0xff, 0xff,
  0xff, 0xff, 0xff, 0xff, 0xff, 0xff, 0xff, 0xff, 0xff, 0xff, 0x00, 0x00, 0x00, 0x00, 0xff, 0xff, 0xff, 0xff, 0xff, 0xff, 0xff, 0xff, 0xff, 0xff,
  0xff, 0xff, 0xff, 0xff, 0xff, 0xff, 0xff, 0xff, 0xff, 0xff, 0xff, 0xff, 0x00, 0x00, 0x00, 0x00, 0xff, 0xff, 0xff, 0xff, 0xff, 0xff, 0xff, 0xff,
  0xff, 0xff, 0xff, 0xff, 0xff, 0xff, 0xff, 0xff, 0xff, 0xff, 0xff, 0xff, 0xff, 0x00, 0x00, 0x00, 0x00, 0x00, 0x00, 0xff, 0xff, 0xff, 0xff, 0xff,
  0xff, 0xff, 0xff, 0xff, 0xff, 0xff, 0xff, 0xff, 0xff, 0xff, 0xff, 0xff, 0xff, 0xff, 0x00, 0x00, 0x00, 0x00, 0x00, 0x00, 0x00, 0x00, 0xff, 0xff,
  0xff, 0xff, 0xff, 0xff, 0xff, 0xff, 0xff, 0xff, 0xff, 0xff, 0xff, 0xff, 0xff, 0xff, 0xff, 0x00, 0x00, 0x00, 0x00, 0x00, 0x00, 0x00, 0x00, 0x00,
  0x00, 0xff, 0xff, 0xff, 0xff, 0xff, 0xff, 0xff, 0xff, 0xff, 0xff, 0xff, 0xff, 0xff, 0xff, 0xff, 0x00, 0x00, 0x00, 0x00, 0x00, 0x00, 0x00, 0x00,
  0x00, 0xff, 0xff, 0xff, 0xff, 0xff, 0xff, 0xff, 0xff, 0xff, 0xff, 0xff, 0xff, 0xff, 0xff, 0x00, 0x00, 0x00, 0x00, 0x00, 0x00, 0x00, 0x00, 0x00,
};
static const lv_image_dsc_t spr_cat_sleep = {
    .header = {.magic = LV_IMAGE_HEADER_MAGIC, .cf = LV_COLOR_FORMAT_RGB565A8, .flags = 0,
               .w = 26, .h = 16, .stride = 52, .reserved_2 = 0},
    .data_size = sizeof(spr_cat_sleep_px),
    .data = spr_cat_sleep_px,
    .reserved = nullptr,
};

static const uint8_t spr_cat_drink_r0_px[] = {
  0x00, 0x00, 0x00, 0x00, 0x00, 0x00, 0x00, 0x00, 0x00, 0x00, 0x00, 0x00, 0x00, 0x00, 0x00, 0x00, 0x00, 0x00, 0x00, 0x00, 0x00, 0x00, 0x00, 0x00,
  0x00, 0x00, 0x00, 0x00, 0x00, 0x00, 0x00, 0x00, 0x00, 0x00, 0x00, 0x00, 0x00, 0x00, 0x00, 0x00, 0x00, 0x00, 0x00, 0x00, 0x00, 0x00, 0x00, 0x00,
  0x00, 0x00, 0x00, 0x00, 0x00, 0x00, 0x00, 0x00, 0x00, 0x00, 0x00, 0x00, 0x00, 0x00, 0x00, 0x00, 0x00, 0x00, 0x00, 0x00, 0x00, 0x00, 0x00, 0x00,
  0x00, 0x00, 0x00, 0x00, 0x00, 0x00, 0x00, 0x00, 0x00, 0x00, 0x00, 0x00, 0x00, 0x00, 0x00, 0x00, 0x00, 0x00, 0x00, 0x00, 0x00, 0x00, 0x00, 0x00,
  0x00, 0x00, 0x00, 0x00, 0x00, 0x00, 0x00, 0x00, 0x00, 0x00, 0x00, 0x00, 0x00, 0x00, 0x00, 0x00, 0x00, 0x00, 0x00, 0x00, 0x00, 0x00, 0x00, 0x00,
  0x00, 0x00, 0x00, 0x00, 0x00, 0x00, 0x00, 0x00, 0x00, 0x00, 0x00, 0x00, 0x00, 0x00, 0x00, 0x00, 0x00, 0x00, 0x00, 0x00, 0x00, 0x00, 0x00, 0x00,
  0x00, 0x00, 0x00, 0x00, 0x00, 0x00, 0x00, 0x00, 0x00, 0x00, 0x00, 0x00, 0x00, 0x00, 0x00, 0x00, 0x00, 0x00, 0x00, 0x00, 0x00, 0x00, 0x00, 0x00,
  0x00, 0x00, 0x00, 0x00, 0x00, 0x00, 0x00, 0x00, 0x00, 0x00, 0x00, 0x00, 0x00, 0x00, 0x00, 0x00, 0x00, 0x00, 0x00, 0x00, 0x00, 0x00, 0x00, 0x00,
  0x00, 0x00, 0x00, 0x00, 0x00, 0x00, 0x00, 0x00, 0x00, 0x00, 0x00, 0x00, 0x00, 0x00, 0x00, 0x00, 0x00, 0x00, 0x00, 0x00, 0x00, 0x00, 0x00, 0x00,
  0x00, 0x00, 0x00, 0x00, 0x00, 0x00, 0x00, 0x00, 0x00, 0x00, 0x00, 0x00, 0x00, 0x00, 0x00, 0x00, 0x00, 0x00, 0x00, 0x00, 0x00, 0x00, 0x00, 0x00,
  0x00, 0x00, 0x00, 0x00, 0x00, 0x00, 0x00, 0x00, 0x00, 0x00, 0x00, 0x00, 0x00, 0x00, 0x00, 0x00, 0x00, 0x00, 0x00, 0x00, 0x00, 0x00, 0x00, 0x00,
  0x00, 0x00, 0x00, 0x00, 0x00, 0x00, 0x00, 0x00, 0x00, 0x00, 0x00, 0x00, 0x00, 0x00, 0x00, 0x00, 0x00, 0x00, 0x00, 0x00, 0x00, 0x00, 0x00, 0x00,
  0x00, 0x00, 0x00, 0x00, 0x00, 0x00, 0x08, 0xf5, 0x00, 0x00, 0x00, 0x00, 0x00, 0x00, 0x00, 0x00, 0x08, 0xf5, 0x00, 0x00, 0x00, 0x00, 0x00, 0x00,
  0x00, 0x00, 0x00, 0x00, 0x00, 0x00, 0x00, 0x00, 0x00, 0x00, 0x00, 0x00, 0x00, 0x00, 0x00, 0x00, 0x00, 0x00, 0x00, 0x00, 0x00, 0x00, 0x00, 0x00,
  0x00, 0x00, 0x00, 0x00, 0x00, 0x00, 0x00, 0x00, 0x00, 0x00, 0x08, 0xf5, 0x08, 0xf5, 0x00, 0x00, 0x00, 0x00, 0x08, 0xf5, 0x08, 0xf5, 0x00, 0x00,
  0x00, 0x00, 0x00, 0x00, 0x00, 0x00, 0x00, 0x00, 0x00, 0x00, 0x00, 0x00, 0x00, 0x00, 0x00, 0x00, 0x00, 0x00, 0x08, 0xf5, 0x08, 0xf5, 0x08, 0xf5,
  0x08, 0xf5, 0x08, 0xf5, 0x08, 0xf5, 0x08, 0xf5, 0x08, 0xf5, 0x00, 0x00, 0x08, 0xf5, 0x08, 0xf5, 0x08, 0xf5, 0x08, 0xf5, 0x08, 0xf5, 0x08, 0xf5,
  0x08, 0xf5, 0x00, 0x00, 0x00, 0x00, 0x00, 0x00, 0x00, 0x00, 0x00, 0x00, 0x00, 0x00, 0x00, 0x00, 0x00, 0x00, 0x08, 0xf5, 0x08, 0xf5, 0x43, 0xc3,
  0x08, 0xf5, 0x08, 0xf5, 0x08, 0xf5, 0x43, 0xc3, 0x08, 0xf5, 0x08, 0xf5, 0x08, 0xf5, 0x08, 0xf5, 0x08, 0xf5, 0x08, 0xf5, 0x08, 0xf5, 0x08, 0xf5,
  0x08, 0xf5, 0x08, 0xf5, 0x08, 0xf5, 0x08, 0xf5, 0x00, 0x00, 0x00, 0x00, 0x00, 0x00, 0x00, 0x00, 0x00, 0x00, 0x00, 0x00, 0x08, 0xf5, 0x08, 0xf5,
  0x08, 0xf5, 0x43, 0xc3, 0x08, 0xf5, 0x08, 0xf5, 0x08, 0xf5, 0x43, 0xc3, 0x08, 0xf5, 0x08, 0xf5, 0x08, 0xf5, 0x08, 0xf5, 0x08, 0xf5, 0x08, 0xf5,
  0x08, 0xf5, 0x08, 0xf5, 0x08, 0xf5, 0x08, 0xf5, 0x08, 0xf5, 0x08, 0xf5, 0x00, 0x00, 0x00, 0x00, 0x00, 0x00, 0x00, 0x00, 0x00, 0x00, 0x08, 0xf5,
  0x08, 0xf5, 0x08, 0xf5, 0x08, 0xf5, 0x43, 0xc3, 0x08, 0xf5, 0x08, 0xf5, 0x08, 0xf5, 0x43, 0xc3, 0x08, 0xf5, 0x08, 0xf5, 0x08, 0xf5, 0x08, 0xf5,
  0x08, 0xf5, 0x08, 0xf5, 0x08, 0xf5, 0x08, 0xf5, 0xc2, 0x18, 0xc2, 0x18, 0x08, 0xf5, 0x08, 0xf5, 0x00, 0x00, 0x00, 0x00, 0x00, 0x00, 0x00, 0x00,
  0x00, 0x00, 0x08, 0xf5, 0x08, 0xf5, 0x08, 0xf5, 0x08, 0xf5, 0x08, 0xf5, 0x08, 0xf5, 0x08, 0xf5, 0x08, 0xf5, 0x08, 0xf5, 0x08, 0xf5, 0x08, 0xf5,
  0x08, 0xf5, 0x08, 0xf5, 0x08, 0xf5, 0x08, 0xf5, 0x08, 0xf5, 0x08, 0xf5, 0x08, 0xf5, 0x08, 0xf5, 0x08, 0xf5, 0x74, 0xfc, 0x00, 0x00, 0x00, 0x00,
  0x00, 0x00, 0x43, 0xc3, 0x43, 0xc3, 0x00, 0x00, 0x08, 0xf5, 0x08, 0xf5, 0x08, 0xf5, 0x08, 0xf5, 0x08, 0xf5, 0x08, 0xf5, 0x08, 0xf5, 0x08, 0xf5,
  0x08, 0xf5, 0x08, 0xf5, 0x08, 0xf5, 0x08, 0xf5, 0x08, 0xf5, 0x08, 0xf5, 0x08, 0xf5, 0x08, 0xf5, 0x08, 0xf5, 0x08, 0xf5, 0x08, 0xf5, 0x00, 0x00,
  0x00, 0x00, 0x00, 0x00, 0x43, 0xc3, 0x00, 0x00, 0x00, 0x00, 0x00, 0x00, 0x00, 0x00, 0x08, 0xf5, 0x43, 0xc3, 0xb4, 0xfe, 0xb4, 0xfe, 0xb4, 0xfe,
  0xb4, 0xfe, 0xb4, 0xfe, 0xb4, 0xfe, 0xb4, 0xfe, 0xb4, 0xfe, 0x08, 0xf5, 0x08, 0xf5, 0x00, 0x00, 0x08, 0xf5, 0x08, 0xf5, 0x08, 0xf5, 0x08, 0xf5,
  0x00, 0x00, 0x00, 0x00, 0x00, 0x00, 0x00, 0x00, 0x00, 0x00, 0x00, 0x00, 0x00, 0x00, 0x00, 0x00, 0x00, 0x00, 0x00, 0x00, 0x43, 0xc3, 0x08, 0xf5,
  0x08, 0xf5, 0x08, 0xf5, 0x08, 0xf5, 0x08, 0xf5, 0x08, 0xf5, 0x08, 0xf5, 0x08, 0xf5, 0x08, 0xf5, 0x00, 0x00, 0x00, 0x00, 0x00, 0x00, 0x00, 0x00,
  0x00, 0x00, 0x00, 0x00, 0x00, 0x00, 0x00, 0x00, 0x00, 0x00, 0x00, 0x00, 0x00, 0x00, 0x00, 0x00, 0x00, 0x00, 0x00, 0x00, 0x00, 0x00, 0x00, 0x00,
  0x43, 0xc3, 0x00, 0x00, 0x00, 0x00, 0x00, 0x00, 0x00, 0x00, 0x00, 0x00, 0x00, 0x00, 0x00, 0x00, 0x00, 0x00, 0x08, 0xf5, 0x00, 0x00, 0x00, 0x00,
  0x00, 0x00, 0x00, 0x00, 0x00, 0x00, 0x00, 0x00, 0x00, 0x00, 0x00, 0x00, 0x00, 0x00, 0x00, 0x00, 0x00, 0x00, 0x00, 0x00, 0x00, 0x00, 0x00, 0x00,
  0x00, 0x00, 0x00, 0x00, 0x00, 0x00, 0x00, 0x00, 0x00, 0x00, 0x00, 0x00, 0x00, 0x00, 0x00, 0x00, 0x00, 0x00, 0x00, 0x00, 0x00, 0x00, 0x00, 0x00,
  0x00, 0x00, 0x00, 0x00, 0x00, 0x00, 0x00, 0x00, 0x00, 0x00, 0x00, 0x00, 0x00, 0x00, 0x00, 0x00, 0x00, 0x00, 0x00, 0x00, 0x00, 0x00, 0x00, 0x00,
  0x00, 0x00, 0x00, 0x00, 0x00, 0x00, 0x00, 0x00, 0x00, 0x00, 0x00, 0x00, 0x00, 0x00, 0x00, 0x00, 0x00, 0x00, 0x00, 0x00, 0x00, 0x00, 0x00, 0x00,
  0x00, 0x00, 0x00, 0x00, 0x00, 0x00, 0x00, 0x00, 0x00, 0x00, 0x00, 0x00, 0x00, 0x00, 0x00, 0x00, 0x00, 0x00, 0x00, 0x00, 0x00, 0x00, 0x00, 0x00,
  0x00, 0x00, 0x00, 0x00, 0x00, 0x00, 0x00, 0x00, 0x00, 0x00, 0x00, 0x00, 0x00, 0x00, 0x00, 0x00, 0x00, 0x00, 0x00, 0x00, 0x00, 0x00, 0x00, 0x00,
  0x00, 0x00, 0x00, 0x00, 0x00, 0x00, 0x00, 0x00, 0x00, 0x00, 0x00, 0x00, 0x00, 0x00, 0x00, 0x00, 0x00, 0x00, 0x00, 0xff, 0x00, 0x00, 0x00, 0x00,
  0xff, 0x00, 0x00, 0x00, 0x00, 0x00, 0x00, 0x00, 0x00, 0x00, 0x00, 0x00, 0x00, 0x00, 0x00, 0x00, 0x00, 0x00, 0x00, 0x00, 0x00, 0xff, 0xff, 0x00,
  0x00, 0xff, 0xff, 0x00, 0x00, 0x00, 0x00, 0x00, 0x00, 0x00, 0x00, 0x00, 0x00, 0xff, 0xff, 0xff, 0xff, 0xff, 0xff, 0xff, 0xff, 0x00, 0xff, 0xff,
  0xff, 0xff, 0xff, 0xff, 0xff, 0x00, 0x00, 0x00, 0x00, 0x00, 0x00, 0x00, 0x00, 0xff, 0xff, 0xff, 0xff, 0xff, 0xff, 0xff, 0xff, 0xff, 0xff, 0xff,
  0xff, 0xff, 0xff, 0xff, 0xff, 0xff, 0xff, 0xff, 0x00, 0x00, 0x00, 0x00, 0x00, 0x00, 0xff, 0xff, 0xff, 0xff, 0xff, 0xff, 0xff, 0xff, 0xff, 0xff,
  0xff, 0xff, 0xff, 0xff, 0xff, 0xff, 0xff, 0xff, 0xff, 0xff, 0x00, 0x00, 0x00, 0x00, 0x00, 0xff, 0xff, 0xff, 0xff, 0xff, 0xff, 0xff, 0xff, 0xff,
  0xff, 0xff, 0xff, 0xff, 0xff, 0xff, 0xff, 0xff, 0xff, 0xff, 0xff, 0xff, 0x00, 0x00, 0x00, 0x00, 0x00, 0xff, 0xff, 0xff, 0xff, 0xff, 0xff, 0xff,
  0xff, 0xff, 0xff, 0xff, 0xff, 0xff, 0xff, 0xff, 0xff, 0xff, 0xff, 0xff, 0xff, 0xff, 0x00, 0x00, 0x00, 0xff, 0xff, 0x00, 0xff, 0xff, 0xff, 0xff,
  0xff, 0xff, 0xff, 0xff, 0xff, 0xff, 0xff, 0xff, 0xff, 0xff, 0xff, 0xff, 0xff, 0xff, 0xff, 0x00, 0x00, 0x00, 0xff, 0x00, 0x00, 0x00, 0x00, 0xff,
  0xff, 0xff, 0xff, 0xff, 0xff, 0xff, 0xff, 0xff, 0xff, 0xff, 0xff, 0x00, 0xff, 0xff, 0xff, 0xff, 0x00, 0x00, 0x00, 0x00, 0x00, 0x00, 0x00, 0x00,
  0x00, 0x00, 0xff, 0xff, 0xff, 0xff, 0xff, 0xff, 0xff, 0xff, 0xff, 0xff, 0x00, 0x00, 0x00, 0x00, 0x00, 0x00, 0x00, 0x00, 0x00, 0x00, 0x00, 0x00,
  0x00, 0x00, 0x00, 0x00, 0xff, 0x00, 0x00, 0x00, 0x00, 0x00, 0x00, 0x00, 0x00, 0xff, 0x00, 0x00, 0x00, 0x00, 0x00, 0x00, 0x00, 0x00, 0x00, 0x00,
};
static const lv_image_dsc_t spr_cat_drink_r0 = {
    .header = {.magic = LV_IMAGE_HEADER_MAGIC, .cf = LV_COLOR_FORMAT_RGB565A8, .flags = 0,
               .w = 26, .h = 16, .stride = 52, .reserved_2 = 0},
    .data_size = sizeof(spr_cat_drink_r0_px),
    .data = spr_cat_drink_r0_px,
    .reserved = nullptr,
};

static const uint8_t spr_cat_drink_l0_px[] = {
  0x00, 0x00, 0x00, 0x00, 0x00, 0x00, 0x00, 0x00, 0x00, 0x00, 0x00, 0x00, 0x00, 0x00, 0x00, 0x00, 0x00, 0x00, 0x00, 0x00, 0x00, 0x00, 0x00, 0x00,
  0x00, 0x00, 0x00, 0x00, 0x00, 0x00, 0x00, 0x00, 0x00, 0x00, 0x00, 0x00, 0x00, 0x00, 0x00, 0x00, 0x00, 0x00, 0x00, 0x00, 0x00, 0x00, 0x00, 0x00,
  0x00, 0x00, 0x00, 0x00, 0x00, 0x00, 0x00, 0x00, 0x00, 0x00, 0x00, 0x00, 0x00, 0x00, 0x00, 0x00, 0x00, 0x00, 0x00, 0x00, 0x00, 0x00, 0x00, 0x00,
  0x00, 0x00, 0x00, 0x00, 0x00, 0x00, 0x00, 0x00, 0x00, 0x00, 0x00, 0x00, 0x00, 0x00, 0x00, 0x00, 0x00, 0x00, 0x00, 0x00, 0x00, 0x00, 0x00, 0x00,
  0x00, 0x00, 0x00, 0x00, 0x00, 0x00, 0x00, 0x00, 0x00, 0x00, 0x00, 0x00, 0x00, 0x00, 0x00, 0x00, 0x00, 0x00, 0x00, 0x00, 0x00, 0x00, 0x00, 0x00,
  0x00, 0x00, 0x00, 0x00, 0x00, 0x00, 0x00, 0x00, 0x00, 0x00, 0x00, 0x00, 0x00, 0x00, 0x00, 0x00, 0x00, 0x00, 0x00, 0x00, 0x00, 0x00, 0x00, 0x00,
  0x00, 0x00, 0x00, 0x00, 0x00, 0x00, 0x00, 0x00, 0x00, 0x00, 0x00, 0x00, 0x00, 0x00, 0x00, 0x00, 0x00, 0x00, 0x00, 0x00, 0x00, 0x00, 0x00, 0x00,
  0x00, 0x00, 0x00, 0x00, 0x00, 0x00, 0x00, 0x00, 0x00, 0x00, 0x00, 0x00, 0x00, 0x00, 0x00, 0x00, 0x00, 0x00, 0x00, 0x00, 0x00, 0x00, 0x00, 0x00,
  0x00, 0x00, 0x00, 0x00, 0x00, 0x00, 0x00, 0x00, 0x00, 0x00, 0x00, 0x00, 0x00, 0x00, 0x00, 0x00, 0x00, 0x00, 0x00, 0x00, 0x00, 0x00, 0x00, 0x00,
  0x00, 0x00, 0x00, 0x00, 0x00, 0x00, 0x00, 0x00, 0x00, 0x00, 0x00, 0x00, 0x00, 0x00, 0x00, 0x00, 0x00, 0x00, 0x00, 0x00, 0x00, 0x00, 0x00, 0x00,
  0x00, 0x00, 0x00, 0x00, 0x00, 0x00, 0x00, 0x00, 0x00, 0x00, 0x00, 0x00, 0x00, 0x00, 0x00, 0x00, 0x00, 0x00, 0x00, 0x00, 0x00, 0x00, 0x00, 0x00,
  0x00, 0x00, 0x08, 0xf5, 0x00, 0x00, 0x00, 0x00, 0x00, 0x00, 0x00, 0x00, 0x08, 0xf5, 0x00, 0x00, 0x00, 0x00, 0x00, 0x00, 0x00, 0x00, 0x00, 0x00,
  0x00, 0x00, 0x00, 0x00, 0x00, 0x00, 0x00, 0x00, 0x00, 0x00, 0x00, 0x00, 0x00, 0x00, 0x00, 0x00, 0x00, 0x00, 0x00, 0x00, 0x00, 0x00, 0x00, 0x00,
  0x00, 0x00, 0x00, 0x00, 0x00, 0x00, 0x08, 0xf5, 0x08, 0xf5, 0x00, 0x00, 0x00, 0x00, 0x08, 0xf5, 0x08, 0xf5, 0x00, 0x00, 0x00, 0x00, 0x00, 0x00,
  0x00, 0x00, 0x00, 0x00, 0x00, 0x00, 0x00, 0x00, 0x00, 0x00, 0x00, 0x00, 0x00, 0x00, 0x00, 0x00, 0x00, 0x00, 0x00, 0x00, 0x00, 0x00, 0x00, 0x00,
  0x00, 0x00, 0x00, 0x00, 0x00, 0x00, 0x00, 0x00, 0x00, 0x00, 0x08, 0xf5, 0x08, 0xf5, 0x08, 0xf5, 0x08, 0xf5, 0x08, 0xf5, 0x08, 0xf5, 0x08, 0xf5,
  0x00, 0x00, 0x08, 0xf5, 0x08, 0xf5, 0x08, 0xf5, 0x08, 0xf5, 0x08, 0xf5, 0x08, 0xf5, 0x08, 0xf5, 0x08, 0xf5, 0x00, 0x00, 0x00, 0x00, 0x00, 0x00,
  0x00, 0x00, 0x00, 0x00, 0x00, 0x00, 0x00, 0x00, 0x00, 0x00, 0x00, 0x00, 0x08, 0xf5, 0x08, 0xf5, 0x08, 0xf5, 0x08, 0xf5, 0x08, 0xf5, 0x08, 0xf5,
  0x08, 0xf5, 0x08, 0xf5, 0x08, 0xf5, 0x08, 0xf5, 0x08, 0xf5, 0x08, 0xf5, 0x43, 0xc3, 0x08, 0xf5, 0x08, 0xf5, 0x08, 0xf5, 0x43, 0xc3, 0x08, 0xf5,
  0x08, 0xf5, 0x00, 0x00, 0x00, 0x00, 0x00, 0x00, 0x00, 0x00, 0x00, 0x00, 0x00, 0x00, 0x00, 0x00, 0x08, 0xf5, 0x08, 0xf5, 0x08, 0xf5, 0x08, 0xf5,
  0x08, 0xf5, 0x08, 0xf5, 0x08, 0xf5, 0x08, 0xf5, 0x08, 0xf5, 0x08, 0xf5, 0x08, 0xf5, 0x08, 0xf5, 0x43, 0xc3, 0x08, 0xf5, 0x08, 0xf5, 0x08, 0xf5,
  0x43, 0xc3, 0x08, 0xf5, 0x08, 0xf5, 0x08, 0xf5, 0x00, 0x00, 0x00, 0x00, 0x00, 0x00, 0x00, 0x00, 0x00, 0x00, 0x00, 0x00, 0x08, 0xf5, 0x08, 0xf5,
  0xc2, 0x18, 0xc2, 0x18, 0x08, 0xf5, 0x08, 0xf5, 0x08, 0xf5, 0x08, 0xf5, 0x08, 0xf5, 0x08, 0xf5, 0x08, 0xf5, 0x08, 0xf5, 0x43, 0xc3, 0x08, 0xf5,
  0x08, 0xf5, 0x08, 0xf5, 0x43, 0xc3, 0x08, 0xf5, 0x08, 0xf5, 0x08, 0xf5, 0x08, 0xf5, 0x00, 0x00, 0x00, 0x00, 0x00, 0x00, 0x00, 0x00, 0x00, 0x00,
  0x74, 0xfc, 0x08, 0xf5, 0x08, 0xf5, 0x08, 0xf5, 0x08, 0xf5, 0x08, 0xf5, 0x08, 0xf5, 0x08, 0xf5, 0x08, 0xf5, 0x08, 0xf5, 0x08, 0xf5, 0x08, 0xf5,
  0x08, 0xf5, 0x08, 0xf5, 0x08, 0xf5, 0x08, 0xf5, 0x08, 0xf5, 0x08, 0xf5, 0x08, 0xf5, 0x08, 0xf5, 0x08, 0xf5, 0x00, 0x00, 0x00, 0x00, 0x00, 0x00,
  0x00, 0x00, 0x00, 0x00, 0x00, 0x00, 0x08, 0xf5, 0x08, 0xf5, 0x08, 0xf5, 0x08, 0xf5, 0x08, 0xf5, 0x08, 0xf5, 0x08, 0xf5, 0x08, 0xf5, 0x08, 0xf5,
  0x08, 0xf5, 0x08, 0xf5, 0x08, 0xf5, 0x08, 0xf5, 0x08, 0xf5, 0x08, 0xf5, 0x08, 0xf5, 0x08, 0xf5, 0x08, 0xf5, 0x08, 0xf5, 0x00, 0x00, 0x43, 0xc3,
  0x43, 0xc3, 0x00, 0x00, 0x00, 0x00, 0x00, 0x00, 0x00, 0x00, 0x00, 0x00, 0x08, 0xf5, 0x08, 0xf5, 0x08, 0xf5, 0x08, 0xf5, 0x00, 0x00, 0x08, 0xf5,
  0x08, 0xf5, 0xb4, 0xfe, 0xb4, 0xfe, 0xb4, 0xfe, 0xb4, 0xfe, 0xb4, 0xfe, 0xb4, 0xfe, 0xb4, 0xfe, 0xb4, 0xfe, 0x43, 0xc3, 0x08, 0xf5, 0x00, 0x00,
  0x00, 0x00, 0x00, 0x00, 0x00, 0x00, 0x43, 0xc3, 0x00, 0x00, 0x00, 0x00, 0x00, 0x00, 0x00, 0x00, 0x00, 0x00, 0x00, 0x00, 0x00, 0x00, 0x00, 0x00,
  0x00, 0x00, 0x00, 0x00, 0x08, 0xf5, 0x08, 0xf5, 0x08, 0xf5, 0x08, 0xf5, 0x08, 0xf5, 0x08, 0xf5, 0x08, 0xf5, 0x08, 0xf5, 0x08, 0xf5, 0x43, 0xc3,
  0x00, 0x00, 0x00, 0x00, 0x00, 0x00, 0x00, 0x00, 0x00, 0x00, 0x00, 0x00, 0x00, 0x00, 0x00, 0x00, 0x00, 0x00, 0x00, 0x00, 0x00, 0x00, 0x00, 0x00,
  0x00, 0x00, 0x00, 0x00, 0x00, 0x00, 0x00, 0x00, 0x08, 0xf5, 0x00, 0x00, 0x00, 0x00, 0x00, 0x00, 0x00, 0x00, 0x00, 0x00, 0x00, 0x00, 0x00, 0x00,
  0x00, 0x00, 0x43, 0xc3, 0x00, 0x00, 0x00, 0x00, 0x00, 0x00, 0x00, 0x00, 0x00, 0x00, 0x00, 0x00, 0x00, 0x00, 0x00, 0x00, 0x00, 0x00, 0x00, 0x00,
  0x00, 0x00, 0x00, 0x00, 0x00, 0x00, 0x00, 0x00, 0x00, 0x00, 0x00, 0x00, 0x00, 0x00, 0x00, 0x00, 0x00, 0x00, 0x00, 0x00, 0x00, 0x00, 0x00, 0x00,
  0x00, 0x00, 0x00, 0x00, 0x00, 0x00, 0x00, 0x00, 0x00, 0x00, 0x00, 0x00, 0x00, 0x00, 0x00, 0x00, 0x00, 0x00, 0x00, 0x00, 0x00, 0x00, 0x00, 0x00,
  0x00, 0x00, 0x00, 0x00, 0x00, 0x00, 0x00, 0x00, 0x00, 0x00, 0x00, 0x00, 0x00, 0x00, 0x00, 0x00, 0x00, 0x00, 0x00, 0x00, 0x00, 0x00, 0x00, 0x00,
  0x00, 0x00, 0x00, 0x00, 0x00, 0x00, 0x00, 0x00, 0x00, 0x00, 0x00, 0x00, 0x00, 0x00, 0x00, 0x00, 0x00, 0x00, 0x00, 0x00, 0x00, 0x00, 0x00, 0x00,
  0x00, 0x00, 0x00, 0x00, 0x00, 0x00, 0x00, 0x00, 0x00, 0x00, 0x00, 0x00, 0x00, 0x00, 0x00, 0x00, 0x00, 0x00, 0x00, 0x00, 0x00, 0x00, 0x00, 0x00,
  0x00, 0x00, 0x00, 0x00, 0x00, 0xff, 0x00, 0x00, 0x00, 0x00, 0xff, 0x00, 0x00, 0x00, 0x00, 0x00, 0x00, 0x00, 0x00, 0x00, 0x00, 0x00, 0x00, 0x00,
  0x00, 0x00, 0x00, 0x00, 0x00, 0x00, 0x00, 0xff, 0xff, 0x00, 0x00, 0xff, 0xff, 0x00, 0x00, 0x00, 0x00, 0x00, 0x00, 0x00, 0x00, 0x00, 0x00, 0x00,
  0x00, 0x00, 0x00, 0x00, 0x00, 0x00, 0x00, 0x00, 0x00, 0xff, 0xff, 0xff, 0xff, 0xff, 0xff, 0xff, 0x00, 0xff, 0xff, 0xff, 0xff, 0xff, 0xff, 0xff,
  0xff, 0x00, 0x00, 0x00, 0x00, 0x00, 0x00, 0x00, 0x00, 0x00, 0xff, 0xff, 0xff, 0xff, 0xff, 0xff, 0xff, 0xff, 0xff, 0xff, 0xff, 0xff, 0xff, 0xff,
  0xff, 0xff, 0xff, 0xff, 0xff, 0x00, 0x00, 0x00, 0x00, 0x00, 0x00, 0x00, 0xff, 0xff, 0xff, 0xff, 0xff, 0xff, 0xff, 0xff, 0xff, 0xff, 0xff, 0xff,
  0xff, 0xff, 0xff, 0xff, 0xff, 0xff, 0xff, 0xff, 0x00, 0x00, 0x00, 0x00, 0x00, 0x00, 0xff, 0xff, 0xff, 0xff, 0xff, 0xff, 0xff, 0xff, 0xff, 0xff,
  0xff, 0xff, 0xff, 0xff, 0xff, 0xff, 0xff, 0xff, 0xff, 0xff, 0xff, 0x00, 0x00, 0x00, 0x00, 0x00, 0xff, 0xff, 0xff, 0xff, 0xff, 0xff, 0xff, 0xff,
  0xff, 0xff, 0xff, 0xff, 0xff, 0xff, 0xff, 0xff, 0xff, 0xff, 0xff, 0xff, 0xff, 0x00, 0x00, 0x00, 0x00, 0x00, 0x00, 0xff, 0xff, 0xff, 0xff, 0xff,
  0xff, 0xff, 0xff, 0xff, 0xff, 0xff, 0xff, 0xff, 0xff, 0xff, 0xff, 0xff, 0xff, 0xff, 0x00, 0xff, 0xff, 0x00, 0x00, 0x00, 0x00, 0x00, 0xff, 0xff,
  0xff, 0xff, 0x00, 0xff, 0xff, 0xff, 0xff, 0xff, 0xff, 0xff, 0xff, 0xff, 0xff, 0xff, 0xff, 0x00, 0x00, 0x00, 0x00, 0xff, 0x00, 0x00, 0x00, 0x00,
  0x00, 0x00, 0x00, 0x00, 0x00, 0x00, 0xff, 0xff, 0xff, 0xff, 0xff, 0xff, 0xff, 0xff, 0xff, 0xff, 0x00, 0x00, 0x00, 0x00, 0x00, 0x00, 0x00, 0x00,
  0x00, 0x00, 0x00, 0x00, 0x00, 0x00, 0x00, 0x00, 0xff, 0x00, 0x00, 0x00, 0x00, 0x00, 0x00, 0x00, 0x00, 0xff, 0x00, 0x00, 0x00, 0x00, 0x00, 0x00,
};
static const lv_image_dsc_t spr_cat_drink_l0 = {
    .header = {.magic = LV_IMAGE_HEADER_MAGIC, .cf = LV_COLOR_FORMAT_RGB565A8, .flags = 0,
               .w = 26, .h = 16, .stride = 52, .reserved_2 = 0},
    .data_size = sizeof(spr_cat_drink_l0_px),
    .data = spr_cat_drink_l0_px,
    .reserved = nullptr,
};

static const uint8_t spr_cat_drink_r1_px[] = {
  0x00, 0x00, 0x00, 0x00, 0x00, 0x00, 0x00, 0x00, 0x00, 0x00, 0x00, 0x00, 0x00, 0x00, 0x00, 0x00, 0x00, 0x00, 0x00, 0x00, 0x00, 0x00, 0x00, 0x00,
  0x00, 0x00, 0x00, 0x00, 0x00, 0x00, 0x00, 0x00, 0x00, 0x00, 0x00, 0x00, 0x00, 0x00, 0x00, 0x00, 0x00, 0x00, 0x00, 0x00, 0x00, 0x00, 0x00, 0x00,
  0x00, 0x00, 0x00, 0x00, 0x00, 0x00, 0x00, 0x00, 0x00, 0x00, 0x00, 0x00, 0x00, 0x00, 0x00, 0x00, 0x00, 0x00, 0x00, 0x00, 0x00, 0x00, 0x00, 0x00,
  0x00, 0x00, 0x00, 0x00, 0x00, 0x00, 0x00, 0x00, 0x00, 0x00, 0x00, 0x00, 0x00, 0x00, 0x00, 0x00, 0x00, 0x00, 0x00, 0x00, 0x00, 0x00, 0x00, 0x00,
  0x00, 0x00, 0x00, 0x00, 0x00, 0x00, 0x00, 0x00, 0x00, 0x00, 0x00, 0x00, 0x00, 0x00, 0x00, 0x00, 0x00, 0x00, 0x00, 0x00, 0x00, 0x00, 0x00, 0x00,
  0x00, 0x00, 0x00, 0x00, 0x00, 0x00, 0x00, 0x00, 0x00, 0x00, 0x00, 0x00, 0x00, 0x00, 0x00, 0x00, 0x00, 0x00, 0x00, 0x00, 0x00, 0x00, 0x00, 0x00,
  0x00, 0x00, 0x00, 0x00, 0x00, 0x00, 0x00, 0x00, 0x00, 0x00, 0x00, 0x00, 0x00, 0x00, 0x00, 0x00, 0x00, 0x00, 0x00, 0x00, 0x00, 0x00, 0x00, 0x00,
  0x00, 0x00, 0x00, 0x00, 0x00, 0x00, 0x00, 0x00, 0x00, 0x00, 0x00, 0x00, 0x00, 0x00, 0x00, 0x00, 0x00, 0x00, 0x00, 0x00, 0x00, 0x00, 0x00, 0x00,
  0x00, 0x00, 0x00, 0x00, 0x00, 0x00, 0x00, 0x00, 0x00, 0x00, 0x00, 0x00, 0x00, 0x00, 0x00, 0x00, 0x00, 0x00, 0x00, 0x00, 0x00, 0x00, 0x00, 0x00,
  0x00, 0x00, 0x00, 0x00, 0x00, 0x00, 0x00, 0x00, 0x00, 0x00, 0x00, 0x00, 0x00, 0x00, 0x00, 0x00, 0x00, 0x00, 0x00, 0x00, 0x00, 0x00, 0x00, 0x00,
  0x00, 0x00, 0x00, 0x00, 0x00, 0x00, 0x00, 0x00, 0x00, 0x00, 0x00, 0x00, 0x00, 0x00, 0x00, 0x00, 0x00, 0x00, 0x00, 0x00, 0x00, 0x00, 0x00, 0x00,
  0x00, 0x00, 0x00, 0x00, 0x00, 0x00, 0x00, 0x00, 0x00, 0x00, 0x00, 0x00, 0x00, 0x00, 0x00, 0x00, 0x00, 0x00, 0x00, 0x00, 0x00, 0x00, 0x00, 0x00,
  0x00, 0x00, 0x00, 0x00, 0x00, 0x00, 0x00, 0x00, 0x00, 0x00, 0x00, 0x00, 0x00, 0x00, 0x00, 0x00, 0x00, 0x00, 0x00, 0x00, 0x00, 0x00, 0x00, 0x00,
  0x00, 0x00, 0x00, 0x00, 0x00, 0x00, 0x00, 0x00, 0x00, 0x00, 0x00, 0x00, 0x00, 0x00, 0x00, 0x00, 0x00, 0x00, 0x00, 0x00, 0x00, 0x00, 0x00, 0x00,
  0x00, 0x00, 0x00, 0x00, 0x00, 0x00, 0x00, 0x00, 0x00, 0x00, 0x08, 0xf5, 0x00, 0x00, 0x00, 0x00, 0x00, 0x00, 0x00, 0x00, 0x08, 0xf5, 0x00, 0x00,
  0x00, 0x00, 0x00, 0x00, 0x00, 0x00, 0x00, 0x00, 0x00, 0x00, 0x00, 0x00, 0x00, 0x00, 0x00, 0x00, 0x00, 0x00, 0x08, 0xf5, 0x08, 0xf5, 0x08, 0xf5,
  0x08, 0xf5, 0x08, 0xf5, 0x08, 0xf5, 0x08, 0xf5, 0x08, 0xf5, 0x00, 0x00, 0x00, 0x00, 0x08, 0xf5, 0x08, 0xf5, 0x00, 0x00, 0x00, 0x00, 0x08, 0xf5,
  0x08, 0xf5, 0x00, 0x00, 0x00, 0x00, 0x00, 0x00, 0x00, 0x00, 0x00, 0x00, 0x00, 0x00, 0x00, 0x00, 0x00, 0x00, 0x08, 0xf5, 0x08, 0xf5, 0x43, 0xc3,
  0x08, 0xf5, 0x08, 0xf5, 0x08, 0xf5, 0x43, 0xc3, 0x08, 0xf5, 0x08, 0xf5, 0x08, 0xf5, 0x08, 0xf5, 0x08, 0xf5, 0x08, 0xf5, 0x08, 0xf5, 0x08, 0xf5,
  0x08, 0xf5, 0x08, 0xf5, 0x08, 0xf5, 0x00, 0x00, 0x00, 0x00, 0x00, 0x00, 0x00, 0x00, 0x00, 0x00, 0x00, 0x00, 0x00, 0x00, 0x08, 0xf5, 0x08, 0xf5,
  0x08, 0xf5, 0x43, 0xc3, 0x08, 0xf5, 0x08, 0xf5, 0x08, 0xf5, 0x43, 0xc3, 0x08, 0xf5, 0x08, 0xf5, 0x08, 0xf5, 0x08, 0xf5, 0x08, 0xf5, 0x08, 0xf5,
  0x08, 0xf5, 0x08, 0xf5, 0x08, 0xf5, 0x08, 0xf5, 0x08, 0xf5, 0x08, 0xf5, 0x00, 0x00, 0x00, 0x00, 0x00, 0x00, 0x00, 0x00, 0x00, 0x00, 0x08, 0xf5,
  0x08, 0xf5, 0x08, 0xf5, 0x08, 0xf5, 0x43, 0xc3, 0x08, 0xf5, 0x08, 0xf5, 0x08, 0xf5, 0x43, 0xc3, 0x08, 0xf5, 0x08, 0xf5, 0x08, 0xf5, 0x08, 0xf5,
  0x08, 0xf5, 0x08, 0xf5, 0x08, 0xf5, 0x08, 0xf5, 0x08, 0xf5, 0x08, 0xf5, 0x08, 0xf5, 0x08, 0xf5, 0x00, 0x00, 0x00, 0x00, 0x00, 0x00, 0x00, 0x00,
  0x00, 0x00, 0x08, 0xf5, 0x08, 0xf5, 0x08, 0xf5, 0x08, 0xf5, 0x08, 0xf5, 0x08, 0xf5, 0x08, 0xf5, 0x08, 0xf5, 0x08, 0xf5, 0x08, 0xf5, 0x08, 0xf5,
  0x08, 0xf5, 0x08, 0xf5, 0x08, 0xf5, 0x08, 0xf5, 0x08, 0xf5, 0x08, 0xf5, 0xc2, 0x18, 0xc2, 0x18, 0x08, 0xf5, 0x08, 0xf5, 0x00, 0x00, 0x00, 0x00,
  0x00, 0x00, 0x43, 0xc3, 0x43, 0xc3, 0x00, 0x00, 0x08, 0xf5, 0x08, 0xf5, 0x08, 0xf5, 0x08, 0xf5, 0x08, 0xf5, 0x08, 0xf5, 0x08, 0xf5, 0x08, 0xf5,
  0x08, 0xf5, 0x08, 0xf5, 0x08, 0xf5, 0x08, 0xf5, 0x08, 0xf5, 0x08, 0xf5, 0x08, 0xf5, 0x08, 0xf5, 0x08, 0xf5, 0x08, 0xf5, 0x08, 0xf5, 0x74, 0xfc,
  0x00, 0x00, 0x00, 0x00, 0x43, 0xc3, 0x00, 0x00, 0x00, 0x00, 0x00, 0x00, 0x00, 0x00, 0x08, 0xf5, 0x43, 0xc3, 0xb4, 0xfe, 0xb4, 0xfe, 0xb4, 0xfe,
  0xb4, 0xfe, 0xb4, 0xfe, 0xb4, 0xfe, 0xb4, 0xfe, 0xb4, 0xfe, 0x08, 0xf5, 0x08, 0xf5, 0x08, 0xf5, 0x08, 0xf5, 0x08, 0xf5, 0x08, 0xf5, 0x08, 0xf5,
  0x08, 0xf5, 0x00, 0x00, 0xd2, 0xfb, 0x00, 0x00, 0x00, 0x00, 0x00, 0x00, 0x00, 0x00, 0x00, 0x00, 0x00, 0x00, 0x00, 0x00, 0x43, 0xc3, 0x08, 0xf5,
  0x08, 0xf5, 0x08, 0xf5, 0x08, 0xf5, 0x08, 0xf5, 0x08, 0xf5, 0x08, 0xf5, 0x08, 0xf5, 0x08, 0xf5, 0x00, 0x00, 0x00, 0x00, 0x08, 0xf5, 0x08, 0xf5,
  0x08, 0xf5, 0x08, 0xf5, 0x00, 0x00, 0x00, 0x00, 0x00, 0x00, 0x00, 0x00, 0x00, 0x00, 0x00, 0x00, 0x00, 0x00, 0x00, 0x00, 0x00, 0x00, 0x00, 0x00,
  0x43, 0xc3, 0x00, 0x00, 0x00, 0x00, 0x00, 0x00, 0x00, 0x00, 0x00, 0x00, 0x00, 0x00, 0x00, 0x00, 0x00, 0x00, 0x08, 0xf5, 0x00, 0x00, 0x00, 0x00,
  0x00, 0x00, 0x00, 0x00, 0x00, 0x00, 0x00, 0x00, 0x00, 0x00, 0x00, 0x00, 0x00, 0x00, 0x00, 0x00, 0x00, 0x00, 0x00, 0x00, 0x00, 0x00, 0x00, 0x00,
  0x00, 0x00, 0x00, 0x00, 0x00, 0x00, 0x00, 0x00, 0x00, 0x00, 0x00, 0x00, 0x00, 0x00, 0x00, 0x00, 0x00, 0x00, 0x00, 0x00, 0x00, 0x00, 0x00, 0x00,
  0x00, 0x00, 0x00, 0x00, 0x00, 0x00, 0x00, 0x00, 0x00, 0x00, 0x00, 0x00, 0x00, 0x00, 0x00, 0x00, 0x00, 0x00, 0x00, 0x00, 0x00, 0x00, 0x00, 0x00,
  0x00, 0x00, 0x00, 0x00, 0x00, 0x00, 0x00, 0x00, 0x00, 0x00, 0x00, 0x00, 0x00, 0x00, 0x00, 0x00, 0x00, 0x00, 0x00, 0x00, 0x00, 0x00, 0x00, 0x00,
  0x00, 0x00, 0x00, 0x00, 0x00, 0x00, 0x00, 0x00, 0x00, 0x00, 0x00, 0x00, 0x00, 0x00, 0x00, 0x00, 0x00, 0x00, 0x00, 0x00, 0x00, 0x00, 0x00, 0x00,
  0x00, 0x00, 0x00, 0x00, 0x00, 0x00, 0x00, 0x00, 0x00, 0x00, 0x00, 0x00, 0x00, 0x00, 0x00, 0x00, 0x00, 0x00, 0x00, 0x00, 0x00, 0x00, 0x00, 0x00,
  0x00, 0x00, 0x00, 0x00, 0x00, 0x00, 0x00, 0x00, 0x00, 0x00, 0x00, 0x00, 0x00, 0x00, 0x00, 0x00, 0x00, 0x00, 0x00, 0x00, 0x00, 0x00, 0x00, 0x00,
  0x00, 0x00, 0x00, 0x00, 0x00, 0x00, 0x00, 0x00, 0x00, 0x00, 0x00, 0x00, 0x00, 0x00, 0x00, 0x00, 0x00, 0x00, 0x00, 0x00, 0x00, 0xff, 0x00, 0x00,
  0x00, 0x00, 0xff, 0x00, 0x00, 0x00, 0x00, 0x00, 0x00, 0x00, 0x00, 0x00, 0x00, 0xff, 0xff, 0xff, 0xff, 0xff, 0xff, 0xff, 0xff, 0x00, 0x00, 0xff,
  0xff, 0x00, 0x00, 0xff, 0xff, 0x00, 0x00, 0x00, 0x00, 0x00, 0x00, 0x00, 0x00, 0xff, 0xff, 0xff, 0xff, 0xff, 0xff, 0xff, 0xff, 0xff, 0xff, 0xff,
  0xff, 0xff, 0xff, 0xff, 0xff, 0xff, 0xff, 0x00, 0x00, 0x00, 0x00, 0x00, 0x00, 0x00, 0xff, 0xff, 0xff, 0xff, 0xff, 0xff, 0xff, 0xff, 0xff, 0xff,
  0xff, 0xff, 0xff, 0xff, 0xff, 0xff, 0xff, 0xff, 0xff, 0xff, 0x00, 0x00, 0x00, 0x00, 0x00, 0xff, 0xff, 0xff, 0xff, 0xff, 0xff, 0xff, 0xff, 0xff,
  0xff, 0xff, 0xff, 0xff, 0xff, 0xff, 0xff, 0xff, 0xff, 0xff, 0xff, 0xff, 0x00, 0x00, 0x00, 0x00, 0x00, 0xff, 0xff, 0xff, 0xff, 0xff, 0xff, 0xff,
  0xff, 0xff, 0xff, 0xff, 0xff, 0xff, 0xff, 0xff, 0xff, 0xff, 0xff, 0xff, 0xff, 0xff, 0x00, 0x00, 0x00, 0xff, 0xff, 0x00, 0xff, 0xff, 0xff, 0xff,
  0xff, 0xff, 0xff, 0xff, 0xff, 0xff, 0xff, 0xff, 0xff, 0xff, 0xff, 0xff, 0xff, 0xff, 0xff, 0xff, 0x00, 0x00, 0xff, 0x00, 0x00, 0x00, 0x00, 0xff,
  0xff, 0xff, 0xff, 0xff, 0xff, 0xff, 0xff, 0xff, 0xff, 0xff, 0xff, 0xff, 0xff, 0xff, 0xff, 0xff, 0xff, 0x00, 0xff, 0x00, 0x00, 0x00, 0x00, 0x00,
  0x00, 0x00, 0xff, 0xff, 0xff, 0xff, 0xff, 0xff, 0xff, 0xff, 0xff, 0xff, 0x00, 0x00, 0xff, 0xff, 0xff, 0xff, 0x00, 0x00, 0x00, 0x00, 0x00, 0x00,
  0x00, 0x00, 0x00, 0x00, 0xff, 0x00, 0x00, 0x00, 0x00, 0x00, 0x00, 0x00, 0x00, 0xff, 0x00, 0x00, 0x00, 0x00, 0x00, 0x00, 0x00, 0x00, 0x00, 0x00,
};
static const lv_image_dsc_t spr_cat_drink_r1 = {
    .header = {.magic = LV_IMAGE_HEADER_MAGIC, .cf = LV_COLOR_FORMAT_RGB565A8, .flags = 0,
               .w = 26, .h = 16, .stride = 52, .reserved_2 = 0},
    .data_size = sizeof(spr_cat_drink_r1_px),
    .data = spr_cat_drink_r1_px,
    .reserved = nullptr,
};

static const uint8_t spr_cat_drink_l1_px[] = {
  0x00, 0x00, 0x00, 0x00, 0x00, 0x00, 0x00, 0x00, 0x00, 0x00, 0x00, 0x00, 0x00, 0x00, 0x00, 0x00, 0x00, 0x00, 0x00, 0x00, 0x00, 0x00, 0x00, 0x00,
  0x00, 0x00, 0x00, 0x00, 0x00, 0x00, 0x00, 0x00, 0x00, 0x00, 0x00, 0x00, 0x00, 0x00, 0x00, 0x00, 0x00, 0x00, 0x00, 0x00, 0x00, 0x00, 0x00, 0x00,
  0x00, 0x00, 0x00, 0x00, 0x00, 0x00, 0x00, 0x00, 0x00, 0x00, 0x00, 0x00, 0x00, 0x00, 0x00, 0x00, 0x00, 0x00, 0x00, 0x00, 0x00, 0x00, 0x00, 0x00,
  0x00, 0x00, 0x00, 0x00, 0x00, 0x00, 0x00, 0x00, 0x00, 0x00, 0x00, 0x00, 0x00, 0x00, 0x00, 0x00, 0x00, 0x00, 0x00, 0x00, 0x00, 0x00, 0x00, 0x00,
  0x00, 0x00, 0x00, 0x00, 0x00, 0x00, 0x00, 0x00, 0x00, 0x00, 0x00, 0x00, 0x00, 0x00, 0x00, 0x00, 0x00, 0x00, 0x00, 0x00, 0x00, 0x00, 0x00, 0x00,
  0x00, 0x00, 0x00, 0x00, 0x00, 0x00, 0x00, 0x00, 0x00, 0x00, 0x00, 0x00, 0x00, 0x00, 0x00, 0x00, 0x00, 0x00, 0x00, 0x00, 0x00, 0x00, 0x00, 0x00,
  0x00, 0x00, 0x00, 0x00, 0x00, 0x00, 0x00, 0x00, 0x00, 0x00, 0x00, 0x00, 0x00, 0x00, 0x00, 0x00, 0x00, 0x00, 0x00, 0x00, 0x00, 0x00, 0x00, 0x00,
  0x00, 0x00, 0x00, 0x00, 0x00, 0x00, 0x00, 0x00, 0x00, 0x00, 0x00, 0x00, 0x00, 0x00, 0x00, 0x00, 0x00, 0x00, 0x00, 0x00, 0x00, 0x00, 0x00, 0x00,
  0x00, 0x00, 0x00, 0x00, 0x00, 0x00, 0x00, 0x00, 0x00, 0x00, 0x00, 0x00, 0x00, 0x00, 0x00, 0x00, 0x00, 0x00, 0x00, 0x00, 0x00, 0x00, 0x00, 0x00,
  0x00, 0x00, 0x00, 0x00, 0x00, 0x00, 0x00, 0x00, 0x00, 0x00, 0x00, 0x00, 0x00, 0x00, 0x00, 0x00, 0x00, 0x00, 0x00, 0x00, 0x00, 0x00, 0x00, 0x00,
  0x00, 0x00, 0x00, 0x00, 0x00, 0x00, 0x00, 0x00, 0x00, 0x00, 0x00, 0x00, 0x00, 0x00, 0x00, 0x00, 0x00, 0x00, 0x00, 0x00, 0x00, 0x00, 0x00, 0x00,
  0x00, 0x00, 0x00, 0x00, 0x00, 0x00, 0x00, 0x00, 0x00, 0x00, 0x00, 0x00, 0x00, 0x00, 0x00, 0x00, 0x00, 0x00, 0x00, 0x00, 0x00, 0x00, 0x00, 0x00,
  0x00, 0x00, 0x00, 0x00, 0x00, 0x00, 0x00, 0x00, 0x00, 0x00, 0x00, 0x00, 0x00, 0x00, 0x00, 0x00, 0x00, 0x00, 0x00, 0x00, 0x00, 0x00, 0x00, 0x00,
  0x00, 0x00, 0x00, 0x00, 0x00, 0x00, 0x08, 0xf5, 0x00, 0x00, 0x00, 0x00, 0x00, 0x00, 0x00, 0x00, 0x08, 0xf5, 0x00, 0x00, 0x00, 0x00, 0x00, 0x00,
  0x00, 0x00, 0x00, 0x00, 0x00, 0x00, 0x00, 0x00, 0x00, 0x00, 0x00, 0x00, 0x00, 0x00, 0x00, 0x00, 0x00, 0x00, 0x00, 0x00, 0x00, 0x00, 0x00, 0x00,
  0x00, 0x00, 0x00, 0x00, 0x00, 0x00, 0x00, 0x00, 0x00, 0x00, 0x08, 0xf5, 0x08, 0xf5, 0x00, 0x00, 0x00, 0x00, 0x08, 0xf5, 0x08, 0xf5, 0x00, 0x00,
  0x00, 0x00, 0x08, 0xf5, 0x08, 0xf5, 0x08, 0xf5, 0x08, 0xf5, 0x08, 0xf5, 0x08, 0xf5, 0x08, 0xf5, 0x08, 0xf5, 0x00, 0x00, 0x00, 0x00, 0x00, 0x00,
  0x00, 0x00, 0x00, 0x00, 0x00, 0x00, 0x00, 0x00, 0x00, 0x00, 0x00, 0x00, 0x00, 0x00, 0x08, 0xf5, 0x08, 0xf5, 0x08, 0xf5, 0x08, 0xf5, 0x08, 0xf5,
  0x08, 0xf5, 0x08, 0xf5, 0x08, 0xf5, 0x08, 0xf5, 0x08, 0xf5, 0x08, 0xf5, 0x43, 0xc3, 0x08, 0xf5, 0x08, 0xf5, 0x08, 0xf5, 0x43, 0xc3, 0x08, 0xf5,
  0x08, 0xf5, 0x00, 0x00, 0x00, 0x00, 0x00, 0x00, 0x00, 0x00, 0x00, 0x00, 0x00, 0x00, 0x00, 0x00, 0x08, 0xf5, 0x08, 0xf5, 0x08, 0xf5, 0x08, 0xf5,
  0x08, 0xf5, 0x08, 0xf5, 0x08, 0xf5, 0x08, 0xf5, 0x08, 0xf5, 0x08, 0xf5, 0x08, 0xf5, 0x08, 0xf5, 0x43, 0xc3, 0x08, 0xf5, 0x08, 0xf5, 0x08, 0xf5,
  0x43, 0xc3, 0x08, 0xf5, 0x08, 0xf5, 0x08, 0xf5, 0x00, 0x00, 0x00, 0x00, 0x00, 0x00, 0x00, 0x00, 0x00, 0x00, 0x00, 0x00, 0x08, 0xf5, 0x08, 0xf5,
  0x08, 0xf5, 0x08, 0xf5, 0x08, 0xf5, 0x08, 0xf5, 0x08, 0xf5, 0x08, 0xf5, 0x08, 0xf5, 0x08, 0xf5, 0x08, 0xf5, 0x08, 0xf5, 0x43, 0xc3, 0x08, 0xf5,
  0x08, 0xf5, 0x08, 0xf5, 0x43, 0xc3, 0x08, 0xf5, 0x08, 0xf5, 0x08, 0xf5, 0x08, 0xf5, 0x00, 0x00, 0x00, 0x00, 0x00, 0x00, 0x00, 0x00, 0x00, 0x00,
  0x08, 0xf5, 0x08, 0xf5, 0xc2, 0x18, 0xc2, 0x18, 0x08, 0xf5, 0x08, 0xf5, 0x08, 0xf5, 0x08, 0xf5, 0x08, 0xf5, 0x08, 0xf5, 0x08, 0xf5, 0x08, 0xf5,
  0x08, 0xf5, 0x08, 0xf5, 0x08, 0xf5, 0x08, 0xf5, 0x08, 0xf5, 0x08, 0xf5, 0x08, 0xf5, 0x08, 0xf5, 0x08, 0xf5, 0x00, 0x00, 0x00, 0x00, 0x00, 0x00,
  0x00, 0x00, 0x00, 0x00, 0x74, 0xfc, 0x08, 0xf5, 0x08, 0xf5, 0x08, 0xf5, 0x08, 0xf5, 0x08, 0xf5, 0x08, 0xf5, 0x08, 0xf5, 0x08, 0xf5, 0x08, 0xf5,
  0x08, 0xf5, 0x08, 0xf5, 0x08, 0xf5, 0x08, 0xf5, 0x08, 0xf5, 0x08, 0xf5, 0x08, 0xf5, 0x08, 0xf5, 0x08, 0xf5, 0x08, 0xf5, 0x00, 0x00, 0x43, 0xc3,
  0x43, 0xc3, 0x00, 0x00, 0x00, 0x00, 0xd2, 0xfb, 0x00, 0x00, 0x08, 0xf5, 0x08, 0xf5, 0x08, 0xf5, 0x08, 0xf5, 0x08, 0xf5, 0x08, 0xf5, 0x08, 0xf5,
  0x08, 0xf5, 0xb4, 0xfe, 0xb4, 0xfe, 0xb4, 0xfe, 0xb4, 0xfe, 0xb4, 0xfe, 0xb4, 0xfe, 0xb4, 0xfe, 0xb4, 0xfe, 0x43, 0xc3, 0x08, 0xf5, 0x00, 0x00,
  0x00, 0x00, 0x00, 0x00, 0x00, 0x00, 0x43, 0xc3, 0x00, 0x00, 0x00, 0x00, 0x00, 0x00, 0x00, 0x00, 0x08, 0xf5, 0x08, 0xf5, 0x08, 0xf5, 0x08, 0xf5,
  0x00, 0x00, 0x00, 0x00, 0x08, 0xf5, 0x08, 0xf5, 0x08, 0xf5, 0x08, 0xf5, 0x08, 0xf5, 0x08, 0xf5, 0x08, 0xf5, 0x08, 0xf5, 0x08, 0xf5, 0x43, 0xc3,
  0x00, 0x00, 0x00, 0x00, 0x00, 0x00, 0x00, 0x00, 0x00, 0x00, 0x00, 0x00, 0x00, 0x00, 0x00, 0x00, 0x00, 0x00, 0x00, 0x00, 0x00, 0x00, 0x00, 0x00,
  0x00, 0x00, 0x00, 0x00, 0x00, 0x00, 0x00, 0x00, 0x08, 0xf5, 0x00, 0x00, 0x00, 0x00, 0x00, 0x00, 0x00, 0x00, 0x00, 0x00, 0x00, 0x00, 0x00, 0x00,
  0x00, 0x00, 0x43, 0xc3, 0x00, 0x00, 0x00, 0x00, 0x00, 0x00, 0x00, 0x00, 0x00, 0x00, 0x00, 0x00, 0x00, 0x00, 0x00, 0x00, 0x00, 0x00, 0x00, 0x00,
  0x00, 0x00, 0x00, 0x00, 0x00, 0x00, 0x00, 0x00, 0x00, 0x00, 0x00, 0x00, 0x00, 0x00, 0x00, 0x00, 0x00, 0x00, 0x00, 0x00, 0x00, 0x00, 0x00, 0x00,
  0x00, 0x00, 0x00, 0x00, 0x00, 0x00, 0x00, 0x00, 0x00, 0x00, 0x00, 0x00, 0x00, 0x00, 0x00, 0x00, 0x00, 0x00, 0x00, 0x00, 0x00, 0x00, 0x00, 0x00,
  0x00, 0x00, 0x00, 0x00, 0x00, 0x00, 0x00, 0x00, 0x00, 0x00, 0x00, 0x00, 0x00, 0x00, 0x00, 0x00, 0x00, 0x00, 0x00, 0x00, 0x00, 0x00, 0x00, 0x00,
  0x00, 0x00, 0x00, 0x00, 0x00, 0x00, 0x00, 0x00, 0x00, 0x00, 0x00, 0x00, 0x00, 0x00, 0x00, 0x00, 0x00, 0x00, 0x00, 0x00, 0x00, 0x00, 0x00, 0x00,
  0x00, 0x00, 0x00, 0x00, 0x00, 0x00, 0x00, 0x00, 0x00, 0x00, 0x00, 0x00, 0x00, 0x00, 0x00, 0x00, 0x00, 0x00, 0x00, 0x00, 0x00, 0x00, 0x00, 0x00,
  0x00, 0x00, 0x00, 0x00, 0x00, 0x00, 0x00, 0x00, 0x00, 0x00, 0x00, 0x00, 0x00, 0x00, 0x00, 0x00, 0x00, 0x00, 0x00, 0x00, 0x00, 0x00, 0x00, 0x00,
  0x00, 0x00, 0x00, 0x00, 0x00, 0x00, 0x00, 0xff, 0x00, 0x00, 0x00, 0x00, 0xff, 0x00, 0x00, 0x00, 0x00, 0x00, 0x00, 0x00, 0x00, 0x00, 0x00, 0x00,
  0x00, 0x00, 0x00, 0x00, 0x00, 0x00, 0x00, 0x00, 0x00, 0xff, 0xff, 0x00, 0x00, 0xff, 0xff, 0x00, 0x00, 0xff, 0xff, 0xff, 0xff, 0xff, 0xff, 0xff,
  0xff, 0x00, 0x00, 0x00, 0x00, 0x00, 0x00, 0x00, 0x00, 0x00, 0x00, 0xff, 0xff, 0xff, 0xff, 0xff, 0xff, 0xff, 0xff, 0xff, 0xff, 0xff, 0xff, 0xff,
  0xff, 0xff, 0xff, 0xff, 0xff, 0x00, 0x00, 0x00, 0x00, 0x00, 0x00, 0x00, 0xff, 0xff, 0xff, 0xff, 0xff, 0xff, 0xff, 0xff, 0xff, 0xff, 0xff, 0xff,
  0xff, 0xff, 0xff, 0xff, 0xff, 0xff, 0xff, 0xff, 0x00, 0x00, 0x00, 0x00, 0x00, 0x00, 0xff, 0xff, 0xff, 0xff, 0xff, 0xff, 0xff, 0xff, 0xff, 0xff,
  0xff, 0xff, 0xff, 0xff, 0xff, 0xff, 0xff, 0xff, 0xff, 0xff, 0xff, 0x00, 0x00, 0x00, 0x00, 0x00, 0xff, 0xff, 0xff, 0xff, 0xff, 0xff, 0xff, 0xff,
  0xff, 0xff, 0xff, 0xff, 0xff, 0xff, 0xff, 0xff, 0xff, 0xff, 0xff, 0xff, 0xff, 0x00, 0x00, 0x00, 0x00, 0x00, 0xff, 0xff, 0xff, 0xff, 0xff, 0xff,
  0xff, 0xff, 0xff, 0xff, 0xff, 0xff, 0xff, 0xff, 0xff, 0xff, 0xff, 0xff, 0xff, 0xff, 0x00, 0xff, 0xff, 0x00, 0x00, 0xff, 0x00, 0xff, 0xff, 0xff,
  0xff, 0xff, 0xff, 0xff, 0xff, 0xff, 0xff, 0xff, 0xff, 0xff, 0xff, 0xff, 0xff, 0xff, 0xff, 0x00, 0x00, 0x00, 0x00, 0xff, 0x00, 0x00, 0x00, 0x00,
  0xff, 0xff, 0xff, 0xff, 0x00, 0x00, 0xff, 0xff, 0xff, 0xff, 0xff, 0xff, 0xff, 0xff, 0xff, 0xff, 0x00, 0x00, 0x00, 0x00, 0x00, 0x00, 0x00, 0x00,
  0x00, 0x00, 0x00, 0x00, 0x00, 0x00, 0x00, 0x00, 0xff, 0x00, 0x00, 0x00, 0x00, 0x00, 0x00, 0x00, 0x00, 0xff, 0x00, 0x00, 0x00, 0x00, 0x00, 0x00,
};
static const lv_image_dsc_t spr_cat_drink_l1 = {
    .header = {.magic = LV_IMAGE_HEADER_MAGIC, .cf = LV_COLOR_FORMAT_RGB565A8, .flags = 0,
               .w = 26, .h = 16, .stride = 52, .reserved_2 = 0},
    .data_size = sizeof(spr_cat_drink_l1_px),
    .data = spr_cat_drink_l1_px,
    .reserved = nullptr,
};

static const uint8_t spr_black_run_r0_px[] = {
  0x00, 0x00, 0x00, 0x00, 0x00, 0x00, 0x00, 0x00, 0x00, 0x00, 0x00, 0x00, 0x00, 0x00, 0x00, 0x00, 0x00, 0x00, 0x00, 0x00, 0x00, 0x00, 0x00, 0x00,
  0x00, 0x00, 0x00, 0x00, 0x00, 0x00, 0x00, 0x00, 0x00, 0x00, 0x00, 0x00, 0x67, 0x29, 0x00, 0x00, 0x00, 0x00, 0x00, 0x00, 0x00, 0x00, 0x67, 0x29,
  0x00, 0x00, 0x00, 0x00, 0x00, 0x00, 0x00, 0x00, 0x00, 0x00, 0x00, 0x00, 0x00, 0x00, 0x00, 0x00, 0x00, 0x00, 0x00, 0x00, 0x00, 0x00, 0x00, 0x00,
  0x00, 0x00, 0x00, 0x00, 0x00, 0x00, 0x00, 0x00, 0x00, 0x00, 0x00, 0x00, 0x00, 0x00, 0x00, 0x00, 0x67, 0x29, 0x67, 0x29, 0x00, 0x00, 0x00, 0x00,
  0x67, 0x29, 0x67, 0x29, 0x00, 0x00, 0x00, 0x00, 0x00, 0x00, 0x00, 0x00, 0x00, 0x00, 0x00, 0x00, 0x00, 0x00, 0x00, 0x00, 0x00, 0x00, 0x00, 0x00,
  0x00, 0x00, 0x00, 0x00, 0x00, 0x00, 0x00, 0x00, 0x00, 0x00, 0x00, 0x00, 0x00, 0x00, 0x00, 0x00, 0x00, 0x00, 0x67, 0x29, 0x67, 0x29, 0x67, 0x29,
  0x67, 0x29, 0x67, 0x29, 0x67, 0x29, 0x67, 0x29, 0x00, 0x00, 0x00, 0x00, 0x00, 0x00, 0x00, 0x00, 0x00, 0x00, 0x00, 0x00, 0x00, 0x00, 0x00, 0x00,
  0x00, 0x00, 0x00, 0x00, 0x00, 0x00, 0x00, 0x00, 0x00, 0x00, 0x00, 0x00, 0x00, 0x00, 0x00, 0x00, 0x00, 0x00, 0x00, 0x00, 0x00, 0x00, 0x67, 0x29,
  0x67, 0x29, 0x67, 0x29, 0x67, 0x29, 0x67, 0x29, 0x67, 0x29, 0x67, 0x29, 0x67, 0x29, 0x00, 0x00, 0x67, 0x29, 0x00, 0x00, 0x00, 0x00, 0x00, 0x00,
  0x00, 0x00, 0x00, 0x00, 0x00, 0x00, 0x00, 0x00, 0x00, 0x00, 0x00, 0x00, 0x00, 0x00, 0x00, 0x00, 0x00, 0x00, 0x00, 0x00, 0x00, 0x00, 0x00, 0x00,
  0x67, 0x29, 0x67, 0x29, 0x67, 0x29, 0x67, 0x29, 0x67, 0x29, 0x67, 0x29, 0x67, 0x29, 0x67, 0x29, 0x67, 0x29, 0x00, 0x00, 0x67, 0x29, 0x67, 0x29,
  0x00, 0x00, 0x00, 0x00, 0x00, 0x00, 0x00, 0x00, 0x00, 0x00, 0x67, 0x29, 0x67, 0x29, 0x67, 0x29, 0x67, 0x29, 0x67, 0x29, 0x67, 0x29, 0x67, 0x29,
  0x67, 0x29, 0x00, 0x00, 0x67, 0x29, 0x67, 0x29, 0x67, 0x29, 0x67, 0x29, 0x67, 0x29, 0x67, 0x29, 0xa0, 0xfe, 0x67, 0x29, 0x67, 0x29, 0x00, 0x00,
  0x00, 0x00, 0x67, 0x29, 0x67, 0x29, 0x00, 0x00, 0x00, 0x00, 0x67, 0x29, 0xc3, 0x18, 0x67, 0x29, 0x67, 0x29, 0x67, 0x29, 0xc3, 0x18, 0x67, 0x29,
  0x67, 0x29, 0x67, 0x29, 0xc3, 0x18, 0x67, 0x29, 0x67, 0x29, 0x67, 0x29, 0x67, 0x29, 0x67, 0x29, 0x67, 0x29, 0x67, 0x29, 0x67, 0x29, 0x67, 0x29,
  0x2f, 0x93, 0x00, 0x00, 0x00, 0x00, 0x00, 0x00, 0x67, 0x29, 0x67, 0x29, 0x67, 0x29, 0x67, 0x29, 0xc3, 0x18, 0x67, 0x29, 0x67, 0x29, 0x67, 0x29,
  0xc3, 0x18, 0x67, 0x29, 0x67, 0x29, 0x67, 0x29, 0xc3, 0x18, 0x67, 0x29, 0x67, 0x29, 0x67, 0x29, 0x67, 0x29, 0x67, 0x29, 0x67, 0x29, 0x67, 0x29,
  0x67, 0x29, 0x67, 0x29, 0x67, 0x29, 0x00, 0x00, 0x00, 0x00, 0x00, 0x00, 0x00, 0x00, 0x67, 0x29, 0x67, 0x29, 0x67, 0x29, 0xc3, 0x18, 0x67, 0x29,
  0x67, 0x29, 0x67, 0x29, 0xc3, 0x18, 0x67, 0x29, 0x67, 0x29, 0x67, 0x29, 0xc3, 0x18, 0x67, 0x29, 0x67, 0x29, 0x67, 0x29, 0x67, 0x29, 0x67, 0x29,
  0x67, 0x29, 0x67, 0x29, 0x67, 0x29, 0x67, 0x29, 0x00, 0x00, 0x00, 0x00, 0x00, 0x00, 0x00, 0x00, 0x00, 0x00, 0x67, 0x29, 0x67, 0x29, 0x67, 0x29,
  0x67, 0x29, 0x67, 0x29, 0x67, 0x29, 0x67, 0x29, 0x67, 0x29, 0x67, 0x29, 0x67, 0x29, 0x67, 0x29, 0x67, 0x29, 0x67, 0x29, 0x67, 0x29, 0x67, 0x29,
  0x67, 0x29, 0x67, 0x29, 0x67, 0x29, 0x67, 0x29, 0x00, 0x00, 0x00, 0x00, 0x00, 0x00, 0x00, 0x00, 0x00, 0x00, 0x00, 0x00, 0x00, 0x00, 0x00, 0x00,
  0x00, 0x00, 0xc3, 0x18, 0x67, 0x29, 0x2a, 0x42, 0xc3, 0x18, 0x2a, 0x42, 0x2a, 0x42, 0x2a, 0x42, 0x2a, 0x42, 0x2a, 0x42, 0x67, 0x29, 0x2a, 0x42,
  0x67, 0x29, 0x67, 0x29, 0x00, 0x00, 0x00, 0x00, 0x00, 0x00, 0x00, 0x00, 0x00, 0x00, 0x00, 0x00, 0x00, 0x00, 0x00, 0x00, 0x00, 0x00, 0x00, 0x00,
  0x00, 0x00, 0x00, 0x00, 0x00, 0x00, 0x00, 0x00, 0xc3, 0x18, 0x67, 0x29, 0xc3, 0x18, 0x67, 0x29, 0x67, 0x29, 0x67, 0x29, 0x67, 0x29, 0x67, 0x29,
  0x67, 0x29, 0x00, 0x00, 0x00, 0x00, 0x00, 0x00, 0x67, 0x29, 0x00, 0x00, 0x00, 0x00, 0x00, 0x00, 0x00, 0x00, 0x00, 0x00, 0x00, 0x00, 0x00, 0x00,
  0x00, 0x00, 0x00, 0x00, 0x00, 0x00, 0x00, 0x00, 0x00, 0x00, 0x00, 0x00, 0xc3, 0x18, 0x00, 0x00, 0x00, 0x00, 0xc3, 0x18, 0x00, 0x00, 0x00, 0x00,
  0x00, 0x00, 0x00, 0x00, 0x00, 0x00, 0x67, 0x29, 0x00, 0x00, 0x00, 0x00, 0x67, 0x29, 0x00, 0x00, 0x00, 0x00, 0x00, 0x00, 0x00, 0x00, 0x00, 0x00,
  0x00, 0x00, 0x00, 0x00, 0x00, 0x00, 0x00, 0x00, 0x00, 0x00, 0x00, 0x00, 0x00, 0x00, 0x00, 0x00, 0x00, 0x00, 0xc3, 0x18, 0x00, 0x00, 0xc3, 0x18,
  0x00, 0x00, 0x00, 0x00, 0x00, 0x00, 0x00, 0x00, 0x00, 0x00, 0x67, 0x29, 0x00, 0x00, 0x00, 0x00, 0x00, 0x00, 0x67, 0x29, 0x00, 0x00, 0x00, 0x00,
  0x00, 0x00, 0x00, 0x00, 0x00, 0x00, 0x00, 0x00, 0x00, 0x00, 0x00, 0x00, 0x00, 0x00, 0x00, 0x00, 0x00, 0x00, 0x00, 0x00, 0x00, 0x00, 0xc3, 0x18,
  0x00, 0x00, 0xc3, 0x18, 0x00, 0x00, 0x00, 0x00, 0x00, 0x00, 0x00, 0x00, 0x00, 0x00, 0x67, 0x29, 0x00, 0x00, 0x00, 0x00, 0x00, 0x00, 0x67, 0x29,
  0x00, 0x00, 0x00, 0x00, 0x00, 0x00, 0x00, 0x00, 0x00, 0x00, 0x00, 0x00, 0x00, 0x00, 0x00, 0x00, 0x00, 0x00, 0x00, 0x00, 0x00, 0x00, 0x00, 0x00,
  0x00, 0x00, 0xc3, 0x18, 0x00, 0x00, 0xc3, 0x18, 0x00, 0x00, 0x00, 0x00, 0x00, 0x00, 0x00, 0x00, 0x00, 0x00, 0xc3, 0x18, 0x00, 0x00, 0x00, 0x00,
  0x00, 0x00, 0xc3, 0x18, 0x00, 0x00, 0x00, 0x00, 0x00, 0x00, 0x00, 0x00, 0x00, 0x00, 0x00, 0x00, 0x00, 0x00, 0x00, 0x00, 0x00, 0x00, 0x00, 0x00,
  0x00, 0x00, 0x00, 0x00, 0x00, 0x00, 0x00, 0x00, 0x00, 0x00, 0xff, 0x00, 0x00, 0x00, 0x00, 0xff, 0x00, 0x00, 0x00, 0x00, 0x00, 0x00, 0x00, 0x00,
  0x00, 0x00, 0x00, 0x00, 0x00, 0x00, 0x00, 0x00, 0x00, 0x00, 0x00, 0x00, 0xff, 0xff, 0x00, 0x00, 0xff, 0xff, 0x00, 0x00, 0x00, 0x00, 0x00, 0x00,
  0x00, 0x00, 0x00, 0x00, 0x00, 0x00, 0x00, 0x00, 0x00, 0x00, 0x00, 0x00, 0x00, 0xff, 0xff, 0xff, 0xff, 0xff, 0xff, 0xff, 0x00, 0x00, 0x00, 0x00,
  0x00, 0x00, 0x00, 0x00, 0x00, 0x00, 0x00, 0x00, 0x00, 0x00, 0x00, 0x00, 0x00, 0x00, 0x00, 0xff, 0xff, 0xff, 0xff, 0xff, 0xff, 0xff, 0xff, 0x00,
  0xff, 0x00, 0x00, 0x00, 0x00, 0x00, 0x00, 0x00, 0x00, 0x00, 0x00, 0x00, 0x00, 0x00, 0x00, 0x00, 0xff, 0xff, 0xff, 0xff, 0xff, 0xff, 0xff, 0xff,
  0xff, 0x00, 0xff, 0xff, 0x00, 0x00, 0x00, 0x00, 0x00, 0xff, 0xff, 0xff, 0xff, 0xff, 0xff, 0xff, 0xff, 0x00, 0xff, 0xff, 0xff, 0xff, 0xff, 0xff,
  0xff, 0xff, 0xff, 0x00, 0x00, 0xff, 0xff, 0x00, 0x00, 0xff, 0xff, 0xff, 0xff, 0xff, 0xff, 0xff, 0xff, 0xff, 0xff, 0xff, 0xff, 0xff, 0xff, 0xff,
  0xff, 0xff, 0xff, 0xff, 0xff, 0x00, 0x00, 0x00, 0xff, 0xff, 0xff, 0xff, 0xff, 0xff, 0xff, 0xff, 0xff, 0xff, 0xff, 0xff, 0xff, 0xff, 0xff, 0xff,
  0xff, 0xff, 0xff, 0xff, 0xff, 0xff, 0xff, 0x00, 0x00, 0x00, 0x00, 0xff, 0xff, 0xff, 0xff, 0xff, 0xff, 0xff, 0xff, 0xff, 0xff, 0xff, 0xff, 0xff,
  0xff, 0xff, 0xff, 0xff, 0xff, 0xff, 0xff, 0xff, 0x00, 0x00, 0x00, 0x00, 0x00, 0xff, 0xff, 0xff, 0xff, 0xff, 0xff, 0xff, 0xff, 0xff, 0xff, 0xff,
  0xff, 0xff, 0xff, 0xff, 0xff, 0xff, 0xff, 0xff, 0x00, 0x00, 0x00, 0x00, 0x00, 0x00, 0x00, 0x00, 0x00, 0xff, 0xff, 0xff, 0xff, 0xff, 0xff, 0xff,
  0xff, 0xff, 0xff, 0xff, 0xff, 0xff, 0x00, 0x00, 0x00, 0x00, 0x00, 0x00, 0x00, 0x00, 0x00, 0x00, 0x00, 0x00, 0x00, 0x00, 0xff, 0xff, 0xff, 0xff,
  0xff, 0xff, 0xff, 0xff, 0xff, 0x00, 0x00, 0x00, 0xff, 0x00, 0x00, 0x00, 0x00, 0x00, 0x00, 0x00, 0x00, 0x00, 0x00, 0x00, 0x00, 0x00, 0xff, 0x00,
  0x00, 0xff, 0x00, 0x00, 0x00, 0x00, 0x00, 0xff, 0x00, 0x00, 0xff, 0x00, 0x00, 0x00, 0x00, 0x00, 0x00, 0x00, 0x00, 0x00, 0x00, 0x00, 0x00, 0x00,
  0x00, 0xff, 0x00, 0xff, 0x00, 0x00, 0x00, 0x00, 0x00, 0xff, 0x00, 0x00, 0x00, 0xff, 0x00, 0x00, 0x00, 0x00, 0x00, 0x00, 0x00, 0x00, 0x00, 0x00,
  0x00, 0x00, 0x00, 0xff, 0x00, 0xff, 0x00, 0x00, 0x00, 0x00, 0x00, 0xff, 0x00, 0x00, 0x00, 0xff, 0x00, 0x00, 0x00, 0x00, 0x00, 0x00, 0x00, 0x00,
  0x00, 0x00, 0x00, 0x00, 0x00, 0xff, 0x00, 0xff, 0x00, 0x00, 0x00, 0x00, 0x00, 0xff, 0x00, 0x00, 0x00, 0xff, 0x00, 0x00, 0x00, 0x00, 0x00, 0x00,
};
static const lv_image_dsc_t spr_black_run_r0 = {
    .header = {.magic = LV_IMAGE_HEADER_MAGIC, .cf = LV_COLOR_FORMAT_RGB565A8, .flags = 0,
               .w = 26, .h = 16, .stride = 52, .reserved_2 = 0},
    .data_size = sizeof(spr_black_run_r0_px),
    .data = spr_black_run_r0_px,
    .reserved = nullptr,
};

static const uint8_t spr_black_run_l0_px[] = {
  0x00, 0x00, 0x00, 0x00, 0x67, 0x29, 0x00, 0x00, 0x00, 0x00, 0x00, 0x00, 0x00, 0x00, 0x67, 0x29, 0x00, 0x00, 0x00, 0x00, 0x00, 0x00, 0x00, 0x00,
  0x00, 0x00, 0x00, 0x00, 0x00, 0x00, 0x00, 0x00, 0x00, 0x00, 0x00, 0x00, 0x00, 0x00, 0x00, 0x00, 0x00, 0x00, 0x00, 0x00, 0x00, 0x00, 0x00, 0x00,
  0x00, 0x00, 0x00, 0x00, 0x00, 0x00, 0x00, 0x00, 0x67, 0x29, 0x67, 0x29, 0x00, 0x00, 0x00, 0x00, 0x67, 0x29, 0x67, 0x29, 0x00, 0x00, 0x00, 0x00,
  0x00, 0x00, 0x00, 0x00, 0x00, 0x00, 0x00, 0x00, 0x00, 0x00, 0x00, 0x00, 0x00, 0x00, 0x00, 0x00, 0x00, 0x00, 0x00, 0x00, 0x00, 0x00, 0x00, 0x00,
  0x00, 0x00, 0x00, 0x00, 0x00, 0x00, 0x00, 0x00, 0x00, 0x00, 0x00, 0x00, 0x67, 0x29, 0x67, 0x29, 0x67, 0x29, 0x67, 0x29, 0x67, 0x29, 0x67, 0x29,
  0x67, 0x29, 0x00, 0x00, 0x00, 0x00, 0x00, 0x00, 0x00, 0x00, 0x00, 0x00, 0x00, 0x00, 0x00, 0x00, 0x00, 0x00, 0x00, 0x00, 0x00, 0x00, 0x00, 0x00,
  0x00, 0x00, 0x00, 0x00, 0x00, 0x00, 0x00, 0x00, 0x00, 0x00, 0x00, 0x00, 0x00, 0x00, 0x67, 0x29, 0x67, 0x29, 0x67, 0x29, 0x67, 0x29, 0x67, 0x29,
  0x67, 0x29, 0x67, 0x29, 0x67, 0x29, 0x00, 0x00, 0x00, 0x00, 0x00, 0x00, 0x00, 0x00, 0x00, 0x00, 0x00, 0x00, 0x00, 0x00, 0x00, 0x00, 0x00, 0x00,
  0x00, 0x00, 0x00, 0x00, 0x00, 0x00, 0x00, 0x00, 0x00, 0x00, 0x00, 0x00, 0x00, 0x00, 0x00, 0x00, 0x00, 0x00, 0x67, 0x29, 0x67, 0x29, 0x67, 0x29,
  0x67, 0x29, 0x67, 0x29, 0x67, 0x29, 0x67, 0x29, 0x67, 0x29, 0x67, 0x29, 0x00, 0x00, 0x00, 0x00, 0x00, 0x00, 0x00, 0x00, 0x00, 0x00, 0x00, 0x00,
  0x00, 0x00, 0x00, 0x00, 0x00, 0x00, 0x00, 0x00, 0x00, 0x00, 0x00, 0x00, 0x00, 0x00, 0x00, 0x00, 0x00, 0x00, 0x67, 0x29, 0x00, 0x00, 0x67, 0x29,
  0x67, 0x29, 0xa0, 0xfe, 0x67, 0x29, 0x67, 0x29, 0x67, 0x29, 0x67, 0x29, 0x67, 0x29, 0x67, 0x29, 0x00, 0x00, 0x67, 0x29, 0x67, 0x29, 0x67, 0x29,
  0x67, 0x29, 0x67, 0x29, 0x67, 0x29, 0x67, 0x29, 0x67, 0x29, 0x00, 0x00, 0x00, 0x00, 0x00, 0x00, 0x00, 0x00, 0x00, 0x00, 0x67, 0x29, 0x67, 0x29,
  0x00, 0x00, 0x2f, 0x93, 0x67, 0x29, 0x67, 0x29, 0x67, 0x29, 0x67, 0x29, 0x67, 0x29, 0x67, 0x29, 0x67, 0x29, 0x67, 0x29, 0x67, 0x29, 0xc3, 0x18,
  0x67, 0x29, 0x67, 0x29, 0x67, 0x29, 0xc3, 0x18, 0x67, 0x29, 0x67, 0x29, 0x67, 0x29, 0xc3, 0x18, 0x67, 0x29, 0x00, 0x00, 0x00, 0x00, 0x67, 0x29,
  0x67, 0x29, 0x00, 0x00, 0x00, 0x00, 0x67, 0x29, 0x67, 0x29, 0x67, 0x29, 0x67, 0x29, 0x67, 0x29, 0x67, 0x29, 0x67, 0x29, 0x67, 0x29, 0x67, 0x29,
  0x67, 0x29, 0xc3, 0x18, 0x67, 0x29, 0x67, 0x29, 0x67, 0x29, 0xc3, 0x18, 0x67, 0x29, 0x67, 0x29, 0x67, 0x29, 0xc3, 0x18, 0x67, 0x29, 0x67, 0x29,
  0x67, 0x29, 0x67, 0x29, 0x00, 0x00, 0x00, 0x00, 0x00, 0x00, 0x00, 0x00, 0x67, 0x29, 0x67, 0x29, 0x67, 0x29, 0x67, 0x29, 0x67, 0x29, 0x67, 0x29,
  0x67, 0x29, 0x67, 0x29, 0x67, 0x29, 0xc3, 0x18, 0x67, 0x29, 0x67, 0x29, 0x67, 0x29, 0xc3, 0x18, 0x67, 0x29, 0x67, 0x29, 0x67, 0x29, 0xc3, 0x18,
  0x67, 0x29, 0x67, 0x29, 0x67, 0x29, 0x00, 0x00, 0x00, 0x00, 0x00, 0x00, 0x00, 0x00, 0x00, 0x00, 0x00, 0x00, 0x00, 0x00, 0x67, 0x29, 0x67, 0x29,
  0x67, 0x29, 0x67, 0x29, 0x67, 0x29, 0x67, 0x29, 0x67, 0x29, 0x67, 0x29, 0x67, 0x29, 0x67, 0x29, 0x67, 0x29, 0x67, 0x29, 0x67, 0x29, 0x67, 0x29,
  0x67, 0x29, 0x67, 0x29, 0x67, 0x29, 0x67, 0x29, 0x67, 0x29, 0x00, 0x00, 0x00, 0x00, 0x00, 0x00, 0x00, 0x00, 0x00, 0x00, 0x00, 0x00, 0x00, 0x00,
  0x00, 0x00, 0x00, 0x00, 0x00, 0x00, 0x00, 0x00, 0x67, 0x29, 0x67, 0x29, 0x2a, 0x42, 0x67, 0x29, 0x2a, 0x42, 0x2a, 0x42, 0x2a, 0x42, 0x2a, 0x42,
  0x2a, 0x42, 0xc3, 0x18, 0x2a, 0x42, 0x67, 0x29, 0xc3, 0x18, 0x00, 0x00, 0x00, 0x00, 0x00, 0x00, 0x00, 0x00, 0x00, 0x00, 0x00, 0x00, 0x00, 0x00,
  0x00, 0x00, 0x00, 0x00, 0x00, 0x00, 0x00, 0x00, 0x00, 0x00, 0x67, 0x29, 0x00, 0x00, 0x00, 0x00, 0x00, 0x00, 0x67, 0x29, 0x67, 0x29, 0x67, 0x29,
  0x67, 0x29, 0x67, 0x29, 0x67, 0x29, 0xc3, 0x18, 0x67, 0x29, 0xc3, 0x18, 0x00, 0x00, 0x00, 0x00, 0x00, 0x00, 0x00, 0x00, 0x00, 0x00, 0x00, 0x00,
  0x00, 0x00, 0x00, 0x00, 0x00, 0x00, 0x00, 0x00, 0x00, 0x00, 0x00, 0x00, 0x00, 0x00, 0x67, 0x29, 0x00, 0x00, 0x00, 0x00, 0x67, 0x29, 0x00, 0x00,
  0x00, 0x00, 0x00, 0x00, 0x00, 0x00, 0x00, 0x00, 0xc3, 0x18, 0x00, 0x00, 0x00, 0x00, 0xc3, 0x18, 0x00, 0x00, 0x00, 0x00, 0x00, 0x00, 0x00, 0x00,
  0x00, 0x00, 0x00, 0x00, 0x00, 0x00, 0x00, 0x00, 0x00, 0x00, 0x00, 0x00, 0x00, 0x00, 0x00, 0x00, 0x67, 0x29, 0x00, 0x00, 0x00, 0x00, 0x00, 0x00,
  0x67, 0x29, 0x00, 0x00, 0x00, 0x00, 0x00, 0x00, 0x00, 0x00, 0x00, 0x00, 0xc3, 0x18, 0x00, 0x00, 0xc3, 0x18, 0x00, 0x00, 0x00, 0x00, 0x00, 0x00,
  0x00, 0x00, 0x00, 0x00, 0x00, 0x00, 0x00, 0x00, 0x00, 0x00, 0x00, 0x00, 0x00, 0x00, 0x00, 0x00, 0x00, 0x00, 0x00, 0x00, 0x67, 0x29, 0x00, 0x00,
  0x00, 0x00, 0x00, 0x00, 0x67, 0x29, 0x00, 0x00, 0x00, 0x00, 0x00, 0x00, 0x00, 0x00, 0x00, 0x00, 0xc3, 0x18, 0x00, 0x00, 0xc3, 0x18, 0x00, 0x00,
  0x00, 0x00, 0x00, 0x00, 0x00, 0x00, 0x00, 0x00, 0x00, 0x00, 0x00, 0x00, 0x00, 0x00, 0x00, 0x00, 0x00, 0x00, 0x00, 0x00, 0x00, 0x00, 0x00, 0x00,
  0xc3, 0x18, 0x00, 0x00, 0x00, 0x00, 0x00, 0x00, 0xc3, 0x18, 0x00, 0x00, 0x00, 0x00, 0x00, 0x00, 0x00, 0x00, 0x00, 0x00, 0xc3, 0x18, 0x00, 0x00,
  0xc3, 0x18, 0x00, 0x00, 0x00, 0x00, 0x00, 0x00, 0x00, 0x00, 0x00, 0x00, 0x00, 0x00, 0x00, 0x00, 0x00, 0x00, 0xff, 0x00, 0x00, 0x00, 0x00, 0xff,
  0x00, 0x00, 0x00, 0x00, 0x00, 0x00, 0x00, 0x00, 0x00, 0x00, 0x00, 0x00, 0x00, 0x00, 0x00, 0x00, 0x00, 0x00, 0x00, 0x00, 0xff, 0xff, 0x00, 0x00,
  0xff, 0xff, 0x00, 0x00, 0x00, 0x00, 0x00, 0x00, 0x00, 0x00, 0x00, 0x00, 0x00, 0x00, 0x00, 0x00, 0x00, 0x00, 0x00, 0x00, 0x00, 0x00, 0xff, 0xff,
  0xff, 0xff, 0xff, 0xff, 0xff, 0x00, 0x00, 0x00, 0x00, 0x00, 0x00, 0x00, 0x00, 0x00, 0x00, 0x00, 0x00, 0x00, 0x00, 0x00, 0x00, 0x00, 0x00, 0xff,
  0xff, 0xff, 0xff, 0xff, 0xff, 0xff, 0xff, 0x00, 0x00, 0x00, 0x00, 0x00, 0x00, 0x00, 0x00, 0x00, 0x00, 0x00, 0x00, 0x00, 0x00, 0x00, 0x00, 0x00,
  0x00, 0xff, 0xff, 0xff, 0xff, 0xff, 0xff, 0xff, 0xff, 0xff, 0x00, 0x00, 0x00, 0x00, 0x00, 0x00, 0x00, 0x00, 0x00, 0x00, 0x00, 0x00, 0x00, 0x00,
  0x00, 0xff, 0x00, 0xff, 0xff, 0xff, 0xff, 0xff, 0xff, 0xff, 0xff, 0xff, 0x00, 0xff, 0xff, 0xff, 0xff, 0xff, 0xff, 0xff, 0xff, 0x00, 0x00, 0x00,
  0x00, 0x00, 0xff, 0xff, 0x00, 0xff, 0xff, 0xff, 0xff, 0xff, 0xff, 0xff, 0xff, 0xff, 0xff, 0xff, 0xff, 0xff, 0xff, 0xff, 0xff, 0xff, 0xff, 0xff,
  0xff, 0x00, 0x00, 0xff, 0xff, 0x00, 0x00, 0xff, 0xff, 0xff, 0xff, 0xff, 0xff, 0xff, 0xff, 0xff, 0xff, 0xff, 0xff, 0xff, 0xff, 0xff, 0xff, 0xff,
  0xff, 0xff, 0xff, 0xff, 0xff, 0xff, 0x00, 0x00, 0x00, 0x00, 0xff, 0xff, 0xff, 0xff, 0xff, 0xff, 0xff, 0xff, 0xff, 0xff, 0xff, 0xff, 0xff, 0xff,
  0xff, 0xff, 0xff, 0xff, 0xff, 0xff, 0xff, 0x00, 0x00, 0x00, 0x00, 0x00, 0x00, 0x00, 0xff, 0xff, 0xff, 0xff, 0xff, 0xff, 0xff, 0xff, 0xff, 0xff,
  0xff, 0xff, 0xff, 0xff, 0xff, 0xff, 0xff, 0xff, 0xff, 0x00, 0x00, 0x00, 0x00, 0x00, 0x00, 0x00, 0x00, 0x00, 0x00, 0x00, 0xff, 0xff, 0xff, 0xff,
  0xff, 0xff, 0xff, 0xff, 0xff, 0xff, 0xff, 0xff, 0xff, 0x00, 0x00, 0x00, 0x00, 0x00, 0x00, 0x00, 0x00, 0x00, 0x00, 0x00, 0x00, 0xff, 0x00, 0x00,
  0x00, 0xff, 0xff, 0xff, 0xff, 0xff, 0xff, 0xff, 0xff, 0xff, 0x00, 0x00, 0x00, 0x00, 0x00, 0x00, 0x00, 0x00, 0x00, 0x00, 0x00, 0x00, 0x00, 0xff,
  0x00, 0x00, 0xff, 0x00, 0x00, 0x00, 0x00, 0x00, 0xff, 0x00, 0x00, 0xff, 0x00, 0x00, 0x00, 0x00, 0x00, 0x00, 0x00, 0x00, 0x00, 0x00, 0x00, 0x00,
  0xff, 0x00, 0x00, 0x00, 0xff, 0x00, 0x00, 0x00, 0x00, 0x00, 0xff, 0x00, 0xff, 0x00, 0x00, 0x00, 0x00, 0x00, 0x00, 0x00, 0x00, 0x00, 0x00, 0x00,
  0x00, 0x00, 0xff, 0x00, 0x00, 0x00, 0xff, 0x00, 0x00, 0x00, 0x00, 0x00, 0xff, 0x00, 0xff, 0x00, 0x00, 0x00, 0x00, 0x00, 0x00, 0x00, 0x00, 0x00,
  0x00, 0x00, 0x00, 0x00, 0xff, 0x00, 0x00, 0x00, 0xff, 0x00, 0x00, 0x00, 0x00, 0x00, 0xff, 0x00, 0xff, 0x00, 0x00, 0x00, 0x00, 0x00, 0x00, 0x00,
};
static const lv_image_dsc_t spr_black_run_l0 = {
    .header = {.magic = LV_IMAGE_HEADER_MAGIC, .cf = LV_COLOR_FORMAT_RGB565A8, .flags = 0,
               .w = 26, .h = 16, .stride = 52, .reserved_2 = 0},
    .data_size = sizeof(spr_black_run_l0_px),
    .data = spr_black_run_l0_px,
    .reserved = nullptr,
};

static const uint8_t spr_black_run_r1_px[] = {
  0x00, 0x00, 0x00, 0x00, 0x00, 0x00, 0x00, 0x00, 0x00, 0x00, 0x00, 0x00, 0x00, 0x00, 0x00, 0x00, 0x00, 0x00, 0x00, 0x00, 0x00, 0x00, 0x00, 0x00,
  0x00, 0x00, 0x00, 0x00, 0x00, 0x00, 0x00, 0x00, 0x00, 0x00, 0x00, 0x00, 0x67, 0x29, 0x67, 0x29, 0x00, 0x00, 0x00, 0x00, 0x67, 0x29, 0x67, 0x29,
  0x00, 0x00, 0x00, 0x00, 0x00, 0x00, 0x00, 0x00, 0x00, 0x00, 0x00, 0x00, 0x00, 0x00, 0x00, 0x00, 0x00, 0x00, 0x00, 0x00, 0x00, 0x00, 0x00, 0x00,
  0x00, 0x00, 0x00, 0x00, 0x00, 0x00, 0x00, 0x00, 0x00, 0x00, 0x00, 0x00, 0x00, 0x00, 0x67, 0x29, 0x67, 0x29, 0x67, 0x29, 0x67, 0x29, 0x67, 0x29,
  0x67, 0x29, 0x67, 0x29, 0x00, 0x00, 0x00, 0x00, 0x00, 0x00, 0x00, 0x00, 0x00, 0x00, 0x00, 0x00, 0x00, 0x00, 0x00, 0x00, 0x00, 0x00, 0x00, 0x00,
  0x00, 0x00, 0x00, 0x00, 0x00, 0x00, 0x00, 0x00, 0x00, 0x00, 0x00, 0x00, 0x00, 0x00, 0x00, 0x00, 0x00, 0x00, 0x67, 0x29, 0x67, 0x29, 0x67, 0x29,
  0x67, 0x29, 0x67, 0x29, 0x67, 0x29, 0x67, 0x29, 0x67, 0x29, 0x00, 0x00, 0x00, 0x00, 0x00, 0x00, 0x00, 0x00, 0x00, 0x00, 0x00, 0x00, 0x00, 0x00,
  0x00, 0x00, 0x00, 0x00, 0x00, 0x00, 0x00, 0x00, 0x00, 0x00, 0x00, 0x00, 0x00, 0x00, 0x00, 0x00, 0x00, 0x00, 0x00, 0x00, 0x67, 0x29, 0x67, 0x29,
  0x67, 0x29, 0x67, 0x29, 0x67, 0x29, 0x67, 0x29, 0x67, 0x29, 0x67, 0x29, 0x67, 0x29, 0x00, 0x00, 0x00, 0x00, 0x00, 0x00, 0x00, 0x00, 0x00, 0x00,
  0x00, 0x00, 0x00, 0x00, 0x00, 0x00, 0x67, 0x29, 0x67, 0x29, 0x67, 0x29, 0x67, 0x29, 0x67, 0x29, 0x67, 0x29, 0x67, 0x29, 0x67, 0x29, 0x00, 0x00,
  0x67, 0x29, 0x67, 0x29, 0x67, 0x29, 0x67, 0x29, 0x67, 0x29, 0x67, 0x29, 0xa0, 0xfe, 0x67, 0x29, 0x67, 0x29, 0x00, 0x00, 0x00, 0x00, 0x00, 0x00,
  0x00, 0x00, 0x00, 0x00, 0x00, 0x00, 0x67, 0x29, 0xc3, 0x18, 0x67, 0x29, 0x67, 0x29, 0x67, 0x29, 0xc3, 0x18, 0x67, 0x29, 0x67, 0x29, 0x67, 0x29,
  0xc3, 0x18, 0x67, 0x29, 0x67, 0x29, 0x67, 0x29, 0x67, 0x29, 0x67, 0x29, 0x67, 0x29, 0x67, 0x29, 0x67, 0x29, 0x67, 0x29, 0x2f, 0x93, 0x00, 0x00,
  0x67, 0x29, 0x67, 0x29, 0x67, 0x29, 0x67, 0x29, 0x67, 0x29, 0x67, 0x29, 0xc3, 0x18, 0x67, 0x29, 0x67, 0x29, 0x67, 0x29, 0xc3, 0x18, 0x67, 0x29,
  0x67, 0x29, 0x67, 0x29, 0xc3, 0x18, 0x67, 0x29, 0x67, 0x29, 0x67, 0x29, 0x67, 0x29, 0x67, 0x29, 0x67, 0x29, 0x67, 0x29, 0x67, 0x29, 0x67, 0x29,
  0x67, 0x29, 0x00, 0x00, 0x67, 0x29, 0x67, 0x29, 0x67, 0x29, 0x67, 0x29, 0x67, 0x29, 0x67, 0x29, 0xc3, 0x18, 0x67, 0x29, 0x67, 0x29, 0x67, 0x29,
  0xc3, 0x18, 0x67, 0x29, 0x67, 0x29, 0x67, 0x29, 0xc3, 0x18, 0x67, 0x29, 0x67, 0x29, 0x67, 0x29, 0x67, 0x29, 0x67, 0x29, 0x67, 0x29, 0x67, 0x29,
  0x67, 0x29, 0x67, 0x29, 0x00, 0x00, 0x00, 0x00, 0x00, 0x00, 0x00, 0x00, 0x00, 0x00, 0x67, 0x29, 0x67, 0x29, 0x67, 0x29, 0x67, 0x29, 0x67, 0x29,
  0x67, 0x29, 0x67, 0x29, 0x67, 0x29, 0x67, 0x29, 0x67, 0x29, 0x67, 0x29, 0x67, 0x29, 0x67, 0x29, 0x67, 0x29, 0x67, 0x29, 0x67, 0x29, 0x67, 0x29,
  0x67, 0x29, 0x67, 0x29, 0x00, 0x00, 0x00, 0x00, 0x00, 0x00, 0x00, 0x00, 0x00, 0x00, 0x00, 0x00, 0x00, 0x00, 0x00, 0x00, 0x00, 0x00, 0x67, 0x29,
  0xc3, 0x18, 0x2a, 0x42, 0xc3, 0x18, 0x2a, 0x42, 0x2a, 0x42, 0x2a, 0x42, 0x2a, 0x42, 0x2a, 0x42, 0x2a, 0x42, 0x67, 0x29, 0x67, 0x29, 0x00, 0x00,
  0x00, 0x00, 0x00, 0x00, 0x00, 0x00, 0x00, 0x00, 0x00, 0x00, 0x00, 0x00, 0x00, 0x00, 0x00, 0x00, 0x00, 0x00, 0x00, 0x00, 0x00, 0x00, 0x00, 0x00,
  0x00, 0x00, 0x00, 0x00, 0xc3, 0x18, 0x67, 0x29, 0xc3, 0x18, 0x67, 0x29, 0x67, 0x29, 0x67, 0x29, 0x67, 0x29, 0x67, 0x29, 0x67, 0x29, 0x67, 0x29,
  0x67, 0x29, 0x00, 0x00, 0x00, 0x00, 0x00, 0x00, 0x00, 0x00, 0x00, 0x00, 0x00, 0x00, 0x00, 0x00, 0x00, 0x00, 0x00, 0x00, 0x00, 0x00, 0x00, 0x00,
  0x00, 0x00, 0x00, 0x00, 0x00, 0x00, 0x00, 0x00, 0xc3, 0x18, 0x00, 0x00, 0xc3, 0x18, 0x00, 0x00, 0x00, 0x00, 0x00, 0x00, 0x00, 0x00, 0x00, 0x00,
  0x00, 0x00, 0x67, 0x29, 0x67, 0x29, 0x00, 0x00, 0x00, 0x00, 0x00, 0x00, 0x00, 0x00, 0x00, 0x00, 0x00, 0x00, 0x00, 0x00, 0x00, 0x00, 0x00, 0x00,
  0x00, 0x00, 0x00, 0x00, 0x00, 0x00, 0x00, 0x00, 0x00, 0x00, 0x00, 0x00, 0xc3, 0x18, 0x00, 0x00, 0xc3, 0x18, 0x00, 0x00, 0x00, 0x00, 0x00, 0x00,
  0x00, 0x00, 0x00, 0x00, 0x00, 0x00, 0x67, 0x29, 0x67, 0x29, 0x00, 0x00, 0x00, 0x00, 0x00, 0x00, 0x00, 0x00, 0x00, 0x00, 0x00, 0x00, 0x00, 0x00,
  0x00, 0x00, 0x00, 0x00, 0x00, 0x00, 0x00, 0x00, 0x00, 0x00, 0x00, 0x00, 0x00, 0x00, 0x00, 0x00, 0xc3, 0x18, 0x00, 0x00, 0xc3, 0x18, 0x00, 0x00,
  0x00, 0x00, 0x00, 0x00, 0x00, 0x00, 0x00, 0x00, 0x00, 0x00, 0x67, 0x29, 0x67, 0x29, 0x00, 0x00, 0x00, 0x00, 0x00, 0x00, 0x00, 0x00, 0x00, 0x00,
  0x00, 0x00, 0x00, 0x00, 0x00, 0x00, 0x00, 0x00, 0x00, 0x00, 0x00, 0x00, 0x00, 0x00, 0x00, 0x00, 0x00, 0x00, 0x00, 0x00, 0xc3, 0x18, 0x00, 0x00,
  0xc3, 0x18, 0x00, 0x00, 0x00, 0x00, 0x00, 0x00, 0x00, 0x00, 0x00, 0x00, 0x00, 0x00, 0x67, 0x29, 0x67, 0x29, 0x00, 0x00, 0x00, 0x00, 0x00, 0x00,
  0x00, 0x00, 0x00, 0x00, 0x00, 0x00, 0x00, 0x00, 0x00, 0x00, 0x00, 0x00, 0x00, 0x00, 0x00, 0x00, 0x00, 0x00, 0x00, 0x00, 0x00, 0x00, 0x00, 0x00,
  0xc3, 0x18, 0x00, 0x00, 0xc3, 0x18, 0x00, 0x00, 0x00, 0x00, 0x00, 0x00, 0x00, 0x00, 0x00, 0x00, 0x00, 0x00, 0xc3, 0x18, 0xc3, 0x18, 0x00, 0x00,
  0x00, 0x00, 0x00, 0x00, 0x00, 0x00, 0x00, 0x00, 0x00, 0x00, 0x00, 0x00, 0x00, 0x00, 0x00, 0x00, 0x00, 0x00, 0x00, 0x00, 0x00, 0x00, 0x00, 0x00,
  0x00, 0x00, 0x00, 0x00, 0x00, 0x00, 0x00, 0x00, 0x00, 0x00, 0xff, 0xff, 0x00, 0x00, 0xff, 0xff, 0x00, 0x00, 0x00, 0x00, 0x00, 0x00, 0x00, 0x00,
  0x00, 0x00, 0x00, 0x00, 0x00, 0x00, 0x00, 0x00, 0x00, 0x00, 0x00, 0xff, 0xff, 0xff, 0xff, 0xff, 0xff, 0xff, 0x00, 0x00, 0x00, 0x00, 0x00, 0x00,
  0x00, 0x00, 0x00, 0x00, 0x00, 0x00, 0x00, 0x00, 0x00, 0x00, 0x00, 0x00, 0x00, 0xff, 0xff, 0xff, 0xff, 0xff, 0xff, 0xff, 0xff, 0x00, 0x00, 0x00,
  0x00, 0x00, 0x00, 0x00, 0x00, 0x00, 0x00, 0x00, 0x00, 0x00, 0x00, 0x00, 0x00, 0x00, 0xff, 0xff, 0xff, 0xff, 0xff, 0xff, 0xff, 0xff, 0xff, 0x00,
  0x00, 0x00, 0x00, 0x00, 0x00, 0x00, 0x00, 0xff, 0xff, 0xff, 0xff, 0xff, 0xff, 0xff, 0xff, 0x00, 0xff, 0xff, 0xff, 0xff, 0xff, 0xff, 0xff, 0xff,
  0xff, 0x00, 0x00, 0x00, 0x00, 0x00, 0x00, 0xff, 0xff, 0xff, 0xff, 0xff, 0xff, 0xff, 0xff, 0xff, 0xff, 0xff, 0xff, 0xff, 0xff, 0xff, 0xff, 0xff,
  0xff, 0xff, 0xff, 0x00, 0xff, 0xff, 0xff, 0xff, 0xff, 0xff, 0xff, 0xff, 0xff, 0xff, 0xff, 0xff, 0xff, 0xff, 0xff, 0xff, 0xff, 0xff, 0xff, 0xff,
  0xff, 0xff, 0xff, 0xff, 0xff, 0x00, 0xff, 0xff, 0xff, 0xff, 0xff, 0xff, 0xff, 0xff, 0xff, 0xff, 0xff, 0xff, 0xff, 0xff, 0xff, 0xff, 0xff, 0xff,
  0xff, 0xff, 0xff, 0xff, 0xff, 0xff, 0x00, 0x00, 0x00, 0x00, 0x00, 0xff, 0xff, 0xff, 0xff, 0xff, 0xff, 0xff, 0xff, 0xff, 0xff, 0xff, 0xff, 0xff,
  0xff, 0xff, 0xff, 0xff, 0xff, 0xff, 0x00, 0x00, 0x00, 0x00, 0x00, 0x00, 0x00, 0x00, 0x00, 0xff, 0xff, 0xff, 0xff, 0xff, 0xff, 0xff, 0xff, 0xff,
  0xff, 0xff, 0xff, 0x00, 0x00, 0x00, 0x00, 0x00, 0x00, 0x00, 0x00, 0x00, 0x00, 0x00, 0x00, 0x00, 0x00, 0x00, 0xff, 0xff, 0xff, 0xff, 0xff, 0xff,
  0xff, 0xff, 0xff, 0xff, 0xff, 0x00, 0x00, 0x00, 0x00, 0x00, 0x00, 0x00, 0x00, 0x00, 0x00, 0x00, 0x00, 0x00, 0x00, 0x00, 0xff, 0x00, 0xff, 0x00,
  0x00, 0x00, 0x00, 0x00, 0x00, 0xff, 0xff, 0x00, 0x00, 0x00, 0x00, 0x00, 0x00, 0x00, 0x00, 0x00, 0x00, 0x00, 0x00, 0x00, 0x00, 0x00, 0xff, 0x00,
  0xff, 0x00, 0x00, 0x00, 0x00, 0x00, 0x00, 0xff, 0xff, 0x00, 0x00, 0x00, 0x00, 0x00, 0x00, 0x00, 0x00, 0x00, 0x00, 0x00, 0x00, 0x00, 0x00, 0x00,
  0xff, 0x00, 0xff, 0x00, 0x00, 0x00, 0x00, 0x00, 0x00, 0xff, 0xff, 0x00, 0x00, 0x00, 0x00, 0x00, 0x00, 0x00, 0x00, 0x00, 0x00, 0x00, 0x00, 0x00,
  0x00, 0x00, 0xff, 0x00, 0xff, 0x00, 0x00, 0x00, 0x00, 0x00, 0x00, 0xff, 0xff, 0x00, 0x00, 0x00, 0x00, 0x00, 0x00, 0x00, 0x00, 0x00, 0x00, 0x00,
  0x00, 0x00, 0x00, 0x00, 0xff, 0x00, 0xff, 0x00, 0x00, 0x00, 0x00, 0x00, 0x00, 0xff, 0xff, 0x00, 0x00, 0x00, 0x00, 0x00, 0x00, 0x00, 0x00, 0x00,
};
static const lv_image_dsc_t spr_black_run_r1 = {
    .header = {.magic = LV_IMAGE_HEADER_MAGIC, .cf = LV_COLOR_FORMAT_RGB565A8, .flags = 0,
               .w = 26, .h = 16, .stride = 52, .reserved_2 = 0},
    .data_size = sizeof(spr_black_run_r1_px),
    .data = spr_black_run_r1_px,
    .reserved = nullptr,
};

static const uint8_t spr_black_run_l1_px[] = {
  0x00, 0x00, 0x00, 0x00, 0x67, 0x29, 0x67, 0x29, 0x00, 0x00, 0x00, 0x00, 0x67, 0x29, 0x67, 0x29, 0x00, 0x00, 0x00, 0x00, 0x00, 0x00, 0x00, 0x00,
  0x00, 0x00, 0x00, 0x00, 0x00, 0x00, 0x00, 0x00, 0x00, 0x00, 0x00, 0x00, 0x00, 0x00, 0x00, 0x00, 0x00, 0x00, 0x00, 0x00, 0x00, 0x00, 0x00, 0x00,
  0x00, 0x00, 0x00, 0x00, 0x00, 0x00, 0x00, 0x00, 0x67, 0x29, 0x67, 0x29, 0x67, 0x29, 0x67, 0x29, 0x67, 0x29, 0x67, 0x29, 0x67, 0x29, 0x00, 0x00,
  0x00, 0x00, 0x00, 0x00, 0x00, 0x00, 0x00, 0x00, 0x00, 0x00, 0x00, 0x00, 0x00, 0x00, 0x00, 0x00, 0x00, 0x00, 0x00, 0x00, 0x00, 0x00, 0x00, 0x00,
  0x00, 0x00, 0x00, 0x00, 0x00, 0x00, 0x00, 0x00, 0x00, 0x00, 0x67, 0x29, 0x67, 0x29, 0x67, 0x29, 0x67, 0x29, 0x67, 0x29, 0x67, 0x29, 0x67, 0x29,
  0x67, 0x29, 0x00, 0x00, 0x00, 0x00, 0x00, 0x00, 0x00, 0x00, 0x00, 0x00, 0x00, 0x00, 0x00, 0x00, 0x00, 0x00, 0x00, 0x00, 0x00, 0x00, 0x00, 0x00,
  0x00, 0x00, 0x00, 0x00, 0x00, 0x00, 0x00, 0x00, 0x00, 0x00, 0x00, 0x00, 0x00, 0x00, 0x67, 0x29, 0x67, 0x29, 0x67, 0x29, 0x67, 0x29, 0x67, 0x29,
  0x67, 0x29, 0x67, 0x29, 0x67, 0x29, 0x67, 0x29, 0x00, 0x00, 0x00, 0x00, 0x00, 0x00, 0x00, 0x00, 0x00, 0x00, 0x00, 0x00, 0x00, 0x00, 0x00, 0x00,
  0x00, 0x00, 0x00, 0x00, 0x00, 0x00, 0x00, 0x00, 0x00, 0x00, 0x00, 0x00, 0x00, 0x00, 0x00, 0x00, 0x00, 0x00, 0x67, 0x29, 0x67, 0x29, 0xa0, 0xfe,
  0x67, 0x29, 0x67, 0x29, 0x67, 0x29, 0x67, 0x29, 0x67, 0x29, 0x67, 0x29, 0x00, 0x00, 0x67, 0x29, 0x67, 0x29, 0x67, 0x29, 0x67, 0x29, 0x67, 0x29,
  0x67, 0x29, 0x67, 0x29, 0x67, 0x29, 0x00, 0x00, 0x00, 0x00, 0x00, 0x00, 0x00, 0x00, 0x00, 0x00, 0x00, 0x00, 0x00, 0x00, 0x00, 0x00, 0x2f, 0x93,
  0x67, 0x29, 0x67, 0x29, 0x67, 0x29, 0x67, 0x29, 0x67, 0x29, 0x67, 0x29, 0x67, 0x29, 0x67, 0x29, 0x67, 0x29, 0xc3, 0x18, 0x67, 0x29, 0x67, 0x29,
  0x67, 0x29, 0xc3, 0x18, 0x67, 0x29, 0x67, 0x29, 0x67, 0x29, 0xc3, 0x18, 0x67, 0x29, 0x00, 0x00, 0x00, 0x00, 0x00, 0x00, 0x00, 0x00, 0x00, 0x00,
  0x00, 0x00, 0x67, 0x29, 0x67, 0x29, 0x67, 0x29, 0x67, 0x29, 0x67, 0x29, 0x67, 0x29, 0x67, 0x29, 0x67, 0x29, 0x67, 0x29, 0x67, 0x29, 0xc3, 0x18,
  0x67, 0x29, 0x67, 0x29, 0x67, 0x29, 0xc3, 0x18, 0x67, 0x29, 0x67, 0x29, 0x67, 0x29, 0xc3, 0x18, 0x67, 0x29, 0x67, 0x29, 0x67, 0x29, 0x67, 0x29,
  0x67, 0x29, 0x67, 0x29, 0x00, 0x00, 0x00, 0x00, 0x67, 0x29, 0x67, 0x29, 0x67, 0x29, 0x67, 0x29, 0x67, 0x29, 0x67, 0x29, 0x67, 0x29, 0x67, 0x29,
  0x67, 0x29, 0xc3, 0x18, 0x67, 0x29, 0x67, 0x29, 0x67, 0x29, 0xc3, 0x18, 0x67, 0x29, 0x67, 0x29, 0x67, 0x29, 0xc3, 0x18, 0x67, 0x29, 0x67, 0x29,
  0x67, 0x29, 0x67, 0x29, 0x67, 0x29, 0x67, 0x29, 0x00, 0x00, 0x00, 0x00, 0x00, 0x00, 0x00, 0x00, 0x67, 0x29, 0x67, 0x29, 0x67, 0x29, 0x67, 0x29,
  0x67, 0x29, 0x67, 0x29, 0x67, 0x29, 0x67, 0x29, 0x67, 0x29, 0x67, 0x29, 0x67, 0x29, 0x67, 0x29, 0x67, 0x29, 0x67, 0x29, 0x67, 0x29, 0x67, 0x29,
  0x67, 0x29, 0x67, 0x29, 0x67, 0x29, 0x00, 0x00, 0x00, 0x00, 0x00, 0x00, 0x00, 0x00, 0x00, 0x00, 0x00, 0x00, 0x00, 0x00, 0x00, 0x00, 0x00, 0x00,
  0x00, 0x00, 0x00, 0x00, 0x00, 0x00, 0x67, 0x29, 0x67, 0x29, 0x2a, 0x42, 0x2a, 0x42, 0x2a, 0x42, 0x2a, 0x42, 0x2a, 0x42, 0x2a, 0x42, 0xc3, 0x18,
  0x2a, 0x42, 0xc3, 0x18, 0x67, 0x29, 0x00, 0x00, 0x00, 0x00, 0x00, 0x00, 0x00, 0x00, 0x00, 0x00, 0x00, 0x00, 0x00, 0x00, 0x00, 0x00, 0x00, 0x00,
  0x00, 0x00, 0x00, 0x00, 0x00, 0x00, 0x00, 0x00, 0x00, 0x00, 0x67, 0x29, 0x67, 0x29, 0x67, 0x29, 0x67, 0x29, 0x67, 0x29, 0x67, 0x29, 0x67, 0x29,
  0x67, 0x29, 0xc3, 0x18, 0x67, 0x29, 0xc3, 0x18, 0x00, 0x00, 0x00, 0x00, 0x00, 0x00, 0x00, 0x00, 0x00, 0x00, 0x00, 0x00, 0x00, 0x00, 0x00, 0x00,
  0x00, 0x00, 0x00, 0x00, 0x00, 0x00, 0x00, 0x00, 0x00, 0x00, 0x00, 0x00, 0x00, 0x00, 0x67, 0x29, 0x67, 0x29, 0x00, 0x00, 0x00, 0x00, 0x00, 0x00,
  0x00, 0x00, 0x00, 0x00, 0x00, 0x00, 0xc3, 0x18, 0x00, 0x00, 0xc3, 0x18, 0x00, 0x00, 0x00, 0x00, 0x00, 0x00, 0x00, 0x00, 0x00, 0x00, 0x00, 0x00,
  0x00, 0x00, 0x00, 0x00, 0x00, 0x00, 0x00, 0x00, 0x00, 0x00, 0x00, 0x00, 0x00, 0x00, 0x00, 0x00, 0x00, 0x00, 0x67, 0x29, 0x67, 0x29, 0x00, 0x00,
  0x00, 0x00, 0x00, 0x00, 0x00, 0x00, 0x00, 0x00, 0x00, 0x00, 0xc3, 0x18, 0x00, 0x00, 0xc3, 0x18, 0x00, 0x00, 0x00, 0x00, 0x00, 0x00, 0x00, 0x00,
  0x00, 0x00, 0x00, 0x00, 0x00, 0x00, 0x00, 0x00, 0x00, 0x00, 0x00, 0x00, 0x00, 0x00, 0x00, 0x00, 0x00, 0x00, 0x00, 0x00, 0x00, 0x00, 0x67, 0x29,
  0x67, 0x29, 0x00, 0x00, 0x00, 0x00, 0x00, 0x00, 0x00, 0x00, 0x00, 0x00, 0x00, 0x00, 0xc3, 0x18, 0x00, 0x00, 0xc3, 0x18, 0x00, 0x00, 0x00, 0x00,
  0x00, 0x00, 0x00, 0x00, 0x00, 0x00, 0x00, 0x00, 0x00, 0x00, 0x00, 0x00, 0x00, 0x00, 0x00, 0x00, 0x00, 0x00, 0x00, 0x00, 0x00, 0x00, 0x00, 0x00,
  0x00, 0x00, 0x67, 0x29, 0x67, 0x29, 0x00, 0x00, 0x00, 0x00, 0x00, 0x00, 0x00, 0x00, 0x00, 0x00, 0x00, 0x00, 0xc3, 0x18, 0x00, 0x00, 0xc3, 0x18,
  0x00, 0x00, 0x00, 0x00, 0x00, 0x00, 0x00, 0x00, 0x00, 0x00, 0x00, 0x00, 0x00, 0x00, 0x00, 0x00, 0x00, 0x00, 0x00, 0x00, 0x00, 0x00, 0x00, 0x00,
  0x00, 0x00, 0x00, 0x00, 0x00, 0x00, 0xc3, 0x18, 0xc3, 0x18, 0x00, 0x00, 0x00, 0x00, 0x00, 0x00, 0x00, 0x00, 0x00, 0x00, 0x00, 0x00, 0xc3, 0x18,
  0x00, 0x00, 0xc3, 0x18, 0x00, 0x00, 0x00, 0x00, 0x00, 0x00, 0x00, 0x00, 0x00, 0x00, 0x00, 0x00, 0x00, 0x00, 0xff, 0xff, 0x00, 0x00, 0xff, 0xff,
  0x00, 0x00, 0x00, 0x00, 0x00, 0x00, 0x00, 0x00, 0x00, 0x00, 0x00, 0x00, 0x00, 0x00, 0x00, 0x00, 0x00, 0x00, 0x00, 0x00, 0xff, 0xff, 0xff, 0xff,
  0xff, 0xff, 0xff, 0x00, 0x00, 0x00, 0x00, 0x00, 0x00, 0x00, 0x00, 0x00, 0x00, 0x00, 0x00, 0x00, 0x00, 0x00, 0x00, 0x00, 0x00, 0xff, 0xff, 0xff,
  0xff, 0xff, 0xff, 0xff, 0xff, 0x00, 0x00, 0x00, 0x00, 0x00, 0x00, 0x00, 0x00, 0x00, 0x00, 0x00, 0x00, 0x00, 0x00, 0x00, 0x00, 0x00, 0x00, 0xff,
  0xff, 0xff, 0xff, 0xff, 0xff, 0xff, 0xff, 0xff, 0x00, 0x00, 0x00, 0x00, 0x00, 0x00, 0x00, 0x00, 0x00, 0x00, 0x00, 0x00, 0x00, 0x00, 0x00, 0x00,
  0x00, 0xff, 0xff, 0xff, 0xff, 0xff, 0xff, 0xff, 0xff, 0xff, 0x00, 0xff, 0xff, 0xff, 0xff, 0xff, 0xff, 0xff, 0xff, 0x00, 0x00, 0x00, 0x00, 0x00,
  0x00, 0x00, 0x00, 0xff, 0xff, 0xff, 0xff, 0xff, 0xff, 0xff, 0xff, 0xff, 0xff, 0xff, 0xff, 0xff, 0xff, 0xff, 0xff, 0xff, 0xff, 0xff, 0xff, 0x00,
  0x00, 0x00, 0x00, 0x00, 0x00, 0xff, 0xff, 0xff, 0xff, 0xff, 0xff, 0xff, 0xff, 0xff, 0xff, 0xff, 0xff, 0xff, 0xff, 0xff, 0xff, 0xff, 0xff, 0xff,
  0xff, 0xff, 0xff, 0xff, 0xff, 0xff, 0x00, 0x00, 0xff, 0xff, 0xff, 0xff, 0xff, 0xff, 0xff, 0xff, 0xff, 0xff, 0xff, 0xff, 0xff, 0xff, 0xff, 0xff,
  0xff, 0xff, 0xff, 0xff, 0xff, 0xff, 0xff, 0xff, 0x00, 0x00, 0x00, 0x00, 0xff, 0xff, 0xff, 0xff, 0xff, 0xff, 0xff, 0xff, 0xff, 0xff, 0xff, 0xff,
  0xff, 0xff, 0xff, 0xff, 0xff, 0xff, 0xff, 0x00, 0x00, 0x00, 0x00, 0x00, 0x00, 0x00, 0x00, 0x00, 0x00, 0x00, 0x00, 0xff, 0xff, 0xff, 0xff, 0xff,
  0xff, 0xff, 0xff, 0xff, 0xff, 0xff, 0xff, 0x00, 0x00, 0x00, 0x00, 0x00, 0x00, 0x00, 0x00, 0x00, 0x00, 0x00, 0x00, 0x00, 0x00, 0xff, 0xff, 0xff,
  0xff, 0xff, 0xff, 0xff, 0xff, 0xff, 0xff, 0xff, 0x00, 0x00, 0x00, 0x00, 0x00, 0x00, 0x00, 0x00, 0x00, 0x00, 0x00, 0x00, 0x00, 0x00, 0x00, 0xff,
  0xff, 0x00, 0x00, 0x00, 0x00, 0x00, 0x00, 0xff, 0x00, 0xff, 0x00, 0x00, 0x00, 0x00, 0x00, 0x00, 0x00, 0x00, 0x00, 0x00, 0x00, 0x00, 0x00, 0x00,
  0x00, 0xff, 0xff, 0x00, 0x00, 0x00, 0x00, 0x00, 0x00, 0xff, 0x00, 0xff, 0x00, 0x00, 0x00, 0x00, 0x00, 0x00, 0x00, 0x00, 0x00, 0x00, 0x00, 0x00,
  0x00, 0x00, 0x00, 0xff, 0xff, 0x00, 0x00, 0x00, 0x00, 0x00, 0x00, 0xff, 0x00, 0xff, 0x00, 0x00, 0x00, 0x00, 0x00, 0x00, 0x00, 0x00, 0x00, 0x00,
  0x00, 0x00, 0x00, 0x00, 0x00, 0xff, 0xff, 0x00, 0x00, 0x00, 0x00, 0x00, 0x00, 0xff, 0x00, 0xff, 0x00, 0x00, 0x00, 0x00, 0x00, 0x00, 0x00, 0x00,
  0x00, 0x00, 0x00, 0x00, 0x00, 0x00, 0x00, 0xff, 0xff, 0x00, 0x00, 0x00, 0x00, 0x00, 0x00, 0xff, 0x00, 0xff, 0x00, 0x00, 0x00, 0x00, 0x00, 0x00,
};
static const lv_image_dsc_t spr_black_run_l1 = {
    .header = {.magic = LV_IMAGE_HEADER_MAGIC, .cf = LV_COLOR_FORMAT_RGB565A8, .flags = 0,
               .w = 26, .h = 16, .stride = 52, .reserved_2 = 0},
    .data_size = sizeof(spr_black_run_l1_px),
    .data = spr_black_run_l1_px,
    .reserved = nullptr,
};

static const uint8_t spr_black_run_r2_px[] = {
  0x00, 0x00, 0x00, 0x00, 0x00, 0x00, 0x00, 0x00, 0x00, 0x00, 0x00, 0x00, 0x00, 0x00, 0x00, 0x00, 0x00, 0x00, 0x00, 0x00, 0x00, 0x00, 0x00, 0x00,
  0x00, 0x00, 0x00, 0x00, 0x00, 0x00, 0x00, 0x00, 0x00, 0x00, 0x00, 0x00, 0x67, 0x29, 0x00, 0x00, 0x00, 0x00, 0x00, 0x00, 0x00, 0x00, 0x67, 0x29,
  0x00, 0x00, 0x00, 0x00, 0x00, 0x00, 0x00, 0x00, 0x00, 0x00, 0x00, 0x00, 0x00, 0x00, 0x00, 0x00, 0x00, 0x00, 0x00, 0x00, 0x00, 0x00, 0x00, 0x00,
  0x00, 0x00, 0x00, 0x00, 0x00, 0x00, 0x00, 0x00, 0x00, 0x00, 0x00, 0x00, 0x00, 0x00, 0x00, 0x00, 0x67, 0x29, 0x67, 0x29, 0x00, 0x00, 0x00, 0x00,
  0x67, 0x29, 0x67, 0x29, 0x00, 0x00, 0x00, 0x00, 0x00, 0x00, 0x00, 0x00, 0x00, 0x00, 0x00, 0x00, 0x00, 0x00, 0x00, 0x00, 0x00, 0x00, 0x00, 0x00,
  0x00, 0x00, 0x00, 0x00, 0x00, 0x00, 0x00, 0x00, 0x00, 0x00, 0x00, 0x00, 0x00, 0x00, 0x00, 0x00, 0x00, 0x00, 0x67, 0x29, 0x67, 0x29, 0x67, 0x29,
  0x67, 0x29, 0x67, 0x29, 0x67, 0x29, 0x67, 0x29, 0x00, 0x00, 0x00, 0x00, 0x67, 0x29, 0x00, 0x00, 0x00, 0x00, 0x00, 0x00, 0x00, 0x00, 0x00, 0x00,
  0x00, 0x00, 0x00, 0x00, 0x00, 0x00, 0x00, 0x00, 0x00, 0x00, 0x00, 0x00, 0x00, 0x00, 0x00, 0x00, 0x00, 0x00, 0x00, 0x00, 0x00, 0x00, 0x67, 0x29,
  0x67, 0x29, 0x67, 0x29, 0x67, 0x29, 0x67, 0x29, 0x67, 0x29, 0x67, 0x29, 0x67, 0x29, 0x00, 0x00, 0x67, 0x29, 0x67, 0x29, 0x00, 0x00, 0x00, 0x00,
  0x00, 0x00, 0x00, 0x00, 0x00, 0x00, 0x00, 0x00, 0x00, 0x00, 0x00, 0x00, 0x00, 0x00, 0x00, 0x00, 0x00, 0x00, 0x00, 0x00, 0x00, 0x00, 0x00, 0x00,
  0x67, 0x29, 0x67, 0x29, 0x67, 0x29, 0x67, 0x29, 0x67, 0x29, 0x67, 0x29, 0x67, 0x29, 0x67, 0x29, 0x67, 0x29, 0x00, 0x00, 0x00, 0x00, 0x67, 0x29,
  0x67, 0x29, 0x00, 0x00, 0x00, 0x00, 0x00, 0x00, 0x00, 0x00, 0x67, 0x29, 0x67, 0x29, 0x67, 0x29, 0x67, 0x29, 0x67, 0x29, 0x67, 0x29, 0x67, 0x29,
  0x67, 0x29, 0x00, 0x00, 0x67, 0x29, 0x67, 0x29, 0x67, 0x29, 0x67, 0x29, 0x67, 0x29, 0x67, 0x29, 0xa0, 0xfe, 0x67, 0x29, 0x67, 0x29, 0x00, 0x00,
  0x00, 0x00, 0x00, 0x00, 0x67, 0x29, 0x67, 0x29, 0x00, 0x00, 0x67, 0x29, 0xc3, 0x18, 0x67, 0x29, 0x67, 0x29, 0x67, 0x29, 0xc3, 0x18, 0x67, 0x29,
  0x67, 0x29, 0x67, 0x29, 0xc3, 0x18, 0x67, 0x29, 0x67, 0x29, 0x67, 0x29, 0x67, 0x29, 0x67, 0x29, 0x67, 0x29, 0x67, 0x29, 0x67, 0x29, 0x67, 0x29,
  0x2f, 0x93, 0x00, 0x00, 0x00, 0x00, 0x00, 0x00, 0x00, 0x00, 0x67, 0x29, 0x67, 0x29, 0x67, 0x29, 0xc3, 0x18, 0x67, 0x29, 0x67, 0x29, 0x67, 0x29,
  0xc3, 0x18, 0x67, 0x29, 0x67, 0x29, 0x67, 0x29, 0xc3, 0x18, 0x67, 0x29, 0x67, 0x29, 0x67, 0x29, 0x67, 0x29, 0x67, 0x29, 0x67, 0x29, 0x67, 0x29,
  0x67, 0x29, 0x67, 0x29, 0x67, 0x29, 0x00, 0x00, 0x00, 0x00, 0x00, 0x00, 0x00, 0x00, 0x67, 0x29, 0x67, 0x29, 0x67, 0x29, 0xc3, 0x18, 0x67, 0x29,
  0x67, 0x29, 0x67, 0x29, 0xc3, 0x18, 0x67, 0x29, 0x67, 0x29, 0x67, 0x29, 0xc3, 0x18, 0x67, 0x29, 0x67, 0x29, 0x67, 0x29, 0x67, 0x29, 0x67, 0x29,
  0x67, 0x29, 0x67, 0x29, 0x67, 0x29, 0x67, 0x29, 0x00, 0x00, 0x00, 0x00, 0x00, 0x00, 0x00, 0x00, 0x00, 0x00, 0x67, 0x29, 0x67, 0x29, 0x67, 0x29,
  0x67, 0x29, 0x67, 0x29, 0x67, 0x29, 0x67, 0x29, 0x67, 0x29, 0x67, 0x29, 0x67, 0x29, 0x67, 0x29, 0x67, 0x29, 0x67, 0x29, 0x67, 0x29, 0x67, 0x29,
  0x67, 0x29, 0x67, 0x29, 0x67, 0x29, 0x67, 0x29, 0x00, 0x00, 0x00, 0x00, 0x00, 0x00, 0x00, 0x00, 0x00, 0x00, 0x00, 0x00, 0x00, 0x00, 0x00, 0x00,
  0xc3, 0x18, 0x67, 0x29, 0x67, 0x29, 0x2a, 0x42, 0x2a, 0x42, 0xc3, 0x18, 0x2a, 0x42, 0x2a, 0x42, 0x2a, 0x42, 0x67, 0x29, 0x2a, 0x42, 0x2a, 0x42,
  0x67, 0x29, 0x67, 0x29, 0x00, 0x00, 0x00, 0x00, 0x00, 0x00, 0x00, 0x00, 0x00, 0x00, 0x00, 0x00, 0x00, 0x00, 0x00, 0x00, 0x00, 0x00, 0x00, 0x00,
  0x00, 0x00, 0x00, 0x00, 0xc3, 0x18, 0x00, 0x00, 0x00, 0x00, 0x67, 0x29, 0x67, 0x29, 0x67, 0x29, 0xc3, 0x18, 0x67, 0x29, 0x67, 0x29, 0x67, 0x29,
  0x67, 0x29, 0x00, 0x00, 0x00, 0x00, 0x67, 0x29, 0x00, 0x00, 0x00, 0x00, 0x00, 0x00, 0x00, 0x00, 0x00, 0x00, 0x00, 0x00, 0x00, 0x00, 0x00, 0x00,
  0x00, 0x00, 0x00, 0x00, 0x00, 0x00, 0x00, 0x00, 0x00, 0x00, 0xc3, 0x18, 0x00, 0x00, 0x00, 0x00, 0x00, 0x00, 0x00, 0x00, 0xc3, 0x18, 0x00, 0x00,
  0x00, 0x00, 0x00, 0x00, 0x67, 0x29, 0x00, 0x00, 0x00, 0x00, 0x00, 0x00, 0x67, 0x29, 0x00, 0x00, 0x00, 0x00, 0x00, 0x00, 0x00, 0x00, 0x00, 0x00,
  0x00, 0x00, 0x00, 0x00, 0x00, 0x00, 0x00, 0x00, 0x00, 0x00, 0x00, 0x00, 0x00, 0x00, 0xc3, 0x18, 0x00, 0x00, 0x00, 0x00, 0x00, 0x00, 0x00, 0x00,
  0x00, 0x00, 0xc3, 0x18, 0x00, 0x00, 0x00, 0x00, 0x00, 0x00, 0x67, 0x29, 0x00, 0x00, 0x00, 0x00, 0x67, 0x29, 0x00, 0x00, 0x00, 0x00, 0x00, 0x00,
  0x00, 0x00, 0x00, 0x00, 0x00, 0x00, 0x00, 0x00, 0x00, 0x00, 0x00, 0x00, 0x00, 0x00, 0x00, 0x00, 0x00, 0x00, 0xc3, 0x18, 0x00, 0x00, 0x00, 0x00,
  0x00, 0x00, 0x00, 0x00, 0x00, 0x00, 0xc3, 0x18, 0x00, 0x00, 0x00, 0x00, 0x00, 0x00, 0x67, 0x29, 0x00, 0x00, 0x00, 0x00, 0x67, 0x29, 0x00, 0x00,
  0x00, 0x00, 0x00, 0x00, 0x00, 0x00, 0x00, 0x00, 0x00, 0x00, 0x00, 0x00, 0x00, 0x00, 0x00, 0x00, 0x00, 0x00, 0x00, 0x00, 0x00, 0x00, 0xc3, 0x18,
  0x00, 0x00, 0x00, 0x00, 0x00, 0x00, 0x00, 0x00, 0x00, 0x00, 0xc3, 0x18, 0x00, 0x00, 0x00, 0x00, 0x00, 0x00, 0xc3, 0x18, 0x00, 0x00, 0x00, 0x00,
  0xc3, 0x18, 0x00, 0x00, 0x00, 0x00, 0x00, 0x00, 0x00, 0x00, 0x00, 0x00, 0x00, 0x00, 0x00, 0x00, 0x00, 0x00, 0x00, 0x00, 0x00, 0x00, 0x00, 0x00,
  0x00, 0x00, 0x00, 0x00, 0x00, 0x00, 0x00, 0x00, 0x00, 0x00, 0xff, 0x00, 0x00, 0x00, 0x00, 0xff, 0x00, 0x00, 0x00, 0x00, 0x00, 0x00, 0x00, 0x00,
  0x00, 0x00, 0x00, 0x00, 0x00, 0x00, 0x00, 0x00, 0x00, 0x00, 0x00, 0x00, 0xff, 0xff, 0x00, 0x00, 0xff, 0xff, 0x00, 0x00, 0x00, 0x00, 0x00, 0x00,
  0x00, 0x00, 0x00, 0x00, 0x00, 0x00, 0x00, 0x00, 0x00, 0x00, 0x00, 0x00, 0x00, 0xff, 0xff, 0xff, 0xff, 0xff, 0xff, 0xff, 0x00, 0x00, 0xff, 0x00,
  0x00, 0x00, 0x00, 0x00, 0x00, 0x00, 0x00, 0x00, 0x00, 0x00, 0x00, 0x00, 0x00, 0x00, 0x00, 0xff, 0xff, 0xff, 0xff, 0xff, 0xff, 0xff, 0xff, 0x00,
  0xff, 0xff, 0x00, 0x00, 0x00, 0x00, 0x00, 0x00, 0x00, 0x00, 0x00, 0x00, 0x00, 0x00, 0x00, 0x00, 0xff, 0xff, 0xff, 0xff, 0xff, 0xff, 0xff, 0xff,
  0xff, 0x00, 0x00, 0xff, 0xff, 0x00, 0x00, 0x00, 0x00, 0xff, 0xff, 0xff, 0xff, 0xff, 0xff, 0xff, 0xff, 0x00, 0xff, 0xff, 0xff, 0xff, 0xff, 0xff,
  0xff, 0xff, 0xff, 0x00, 0x00, 0x00, 0xff, 0xff, 0x00, 0xff, 0xff, 0xff, 0xff, 0xff, 0xff, 0xff, 0xff, 0xff, 0xff, 0xff, 0xff, 0xff, 0xff, 0xff,
  0xff, 0xff, 0xff, 0xff, 0xff, 0x00, 0x00, 0x00, 0x00, 0xff, 0xff, 0xff, 0xff, 0xff, 0xff, 0xff, 0xff, 0xff, 0xff, 0xff, 0xff, 0xff, 0xff, 0xff,
  0xff, 0xff, 0xff, 0xff, 0xff, 0xff, 0xff, 0x00, 0x00, 0x00, 0x00, 0xff, 0xff, 0xff, 0xff, 0xff, 0xff, 0xff, 0xff, 0xff, 0xff, 0xff, 0xff, 0xff,
  0xff, 0xff, 0xff, 0xff, 0xff, 0xff, 0xff, 0xff, 0x00, 0x00, 0x00, 0x00, 0x00, 0xff, 0xff, 0xff, 0xff, 0xff, 0xff, 0xff, 0xff, 0xff, 0xff, 0xff,
  0xff, 0xff, 0xff, 0xff, 0xff, 0xff, 0xff, 0xff, 0x00, 0x00, 0x00, 0x00, 0x00, 0x00, 0x00, 0x00, 0xff, 0xff, 0xff, 0xff, 0xff, 0xff, 0xff, 0xff,
  0xff, 0xff, 0xff, 0xff, 0xff, 0xff, 0x00, 0x00, 0x00, 0x00, 0x00, 0x00, 0x00, 0x00, 0x00, 0x00, 0x00, 0x00, 0xff, 0x00, 0x00, 0xff, 0xff, 0xff,
  0xff, 0xff, 0xff, 0xff, 0xff, 0x00, 0x00, 0xff, 0x00, 0x00, 0x00, 0x00, 0x00, 0x00, 0x00, 0x00, 0x00, 0x00, 0x00, 0x00, 0x00, 0xff, 0x00, 0x00,
  0x00, 0x00, 0xff, 0x00, 0x00, 0x00, 0xff, 0x00, 0x00, 0x00, 0xff, 0x00, 0x00, 0x00, 0x00, 0x00, 0x00, 0x00, 0x00, 0x00, 0x00, 0x00, 0x00, 0xff,
  0x00, 0x00, 0x00, 0x00, 0x00, 0xff, 0x00, 0x00, 0x00, 0xff, 0x00, 0x00, 0xff, 0x00, 0x00, 0x00, 0x00, 0x00, 0x00, 0x00, 0x00, 0x00, 0x00, 0x00,
  0x00, 0xff, 0x00, 0x00, 0x00, 0x00, 0x00, 0xff, 0x00, 0x00, 0x00, 0xff, 0x00, 0x00, 0xff, 0x00, 0x00, 0x00, 0x00, 0x00, 0x00, 0x00, 0x00, 0x00,
  0x00, 0x00, 0x00, 0xff, 0x00, 0x00, 0x00, 0x00, 0x00, 0xff, 0x00, 0x00, 0x00, 0xff, 0x00, 0x00, 0xff, 0x00, 0x00, 0x00, 0x00, 0x00, 0x00, 0x00,
};
static const lv_image_dsc_t spr_black_run_r2 = {
    .header = {.magic = LV_IMAGE_HEADER_MAGIC, .cf = LV_COLOR_FORMAT_RGB565A8, .flags = 0,
               .w = 26, .h = 16, .stride = 52, .reserved_2 = 0},
    .data_size = sizeof(spr_black_run_r2_px),
    .data = spr_black_run_r2_px,
    .reserved = nullptr,
};

static const uint8_t spr_black_run_l2_px[] = {
  0x00, 0x00, 0x00, 0x00, 0x67, 0x29, 0x00, 0x00, 0x00, 0x00, 0x00, 0x00, 0x00, 0x00, 0x67, 0x29, 0x00, 0x00, 0x00, 0x00, 0x00, 0x00, 0x00, 0x00,
  0x00, 0x00, 0x00, 0x00, 0x00, 0x00, 0x00, 0x00, 0x00, 0x00, 0x00, 0x00, 0x00, 0x00, 0x00, 0x00, 0x00, 0x00, 0x00, 0x00, 0x00, 0x00, 0x00, 0x00,
  0x00, 0x00, 0x00, 0x00, 0x00, 0x00, 0x00, 0x00, 0x67, 0x29, 0x67, 0x29, 0x00, 0x00, 0x00, 0x00, 0x67, 0x29, 0x67, 0x29, 0x00, 0x00, 0x00, 0x00,
  0x00, 0x00, 0x00, 0x00, 0x00, 0x00, 0x00, 0x00, 0x00, 0x00, 0x00, 0x00, 0x00, 0x00, 0x00, 0x00, 0x00, 0x00, 0x00, 0x00, 0x00, 0x00, 0x00, 0x00,
  0x00, 0x00, 0x00, 0x00, 0x00, 0x00, 0x00, 0x00, 0x00, 0x00, 0x00, 0x00, 0x67, 0x29, 0x67, 0x29, 0x67, 0x29, 0x67, 0x29, 0x67, 0x29, 0x67, 0x29,
  0x67, 0x29, 0x00, 0x00, 0x00, 0x00, 0x00, 0x00, 0x00, 0x00, 0x00, 0x00, 0x00, 0x00, 0x00, 0x00, 0x00, 0x00, 0x00, 0x00, 0x00, 0x00, 0x00, 0x00,
  0x00, 0x00, 0x00, 0x00, 0x00, 0x00, 0x00, 0x00, 0x00, 0x00, 0x00, 0x00, 0x00, 0x00, 0x67, 0x29, 0x67, 0x29, 0x67, 0x29, 0x67, 0x29, 0x67, 0x29,
  0x67, 0x29, 0x67, 0x29, 0x67, 0x29, 0x00, 0x00, 0x00, 0x00, 0x00, 0x00, 0x00, 0x00, 0x00, 0x00, 0x00, 0x00, 0x00, 0x00, 0x00, 0x00, 0x00, 0x00,
  0x00, 0x00, 0x00, 0x00, 0x00, 0x00, 0x00, 0x00, 0x00, 0x00, 0x00, 0x00, 0x00, 0x00, 0x67, 0x29, 0x00, 0x00, 0x67, 0x29, 0x67, 0x29, 0x67, 0x29,
  0x67, 0x29, 0x67, 0x29, 0x67, 0x29, 0x67, 0x29, 0x67, 0x29, 0x67, 0x29, 0x00, 0x00, 0x00, 0x00, 0x00, 0x00, 0x00, 0x00, 0x00, 0x00, 0x00, 0x00,
  0x00, 0x00, 0x00, 0x00, 0x00, 0x00, 0x00, 0x00, 0x00, 0x00, 0x00, 0x00, 0x00, 0x00, 0x00, 0x00, 0x67, 0x29, 0x67, 0x29, 0x00, 0x00, 0x67, 0x29,
  0x67, 0x29, 0xa0, 0xfe, 0x67, 0x29, 0x67, 0x29, 0x67, 0x29, 0x67, 0x29, 0x67, 0x29, 0x67, 0x29, 0x00, 0x00, 0x67, 0x29, 0x67, 0x29, 0x67, 0x29,
  0x67, 0x29, 0x67, 0x29, 0x67, 0x29, 0x67, 0x29, 0x67, 0x29, 0x00, 0x00, 0x00, 0x00, 0x00, 0x00, 0x00, 0x00, 0x67, 0x29, 0x67, 0x29, 0x00, 0x00,
  0x00, 0x00, 0x2f, 0x93, 0x67, 0x29, 0x67, 0x29, 0x67, 0x29, 0x67, 0x29, 0x67, 0x29, 0x67, 0x29, 0x67, 0x29, 0x67, 0x29, 0x67, 0x29, 0xc3, 0x18,
  0x67, 0x29, 0x67, 0x29, 0x67, 0x29, 0xc3, 0x18, 0x67, 0x29, 0x67, 0x29, 0x67, 0x29, 0xc3, 0x18, 0x67, 0x29, 0x00, 0x00, 0x67, 0x29, 0x67, 0x29,
  0x00, 0x00, 0x00, 0x00, 0x00, 0x00, 0x67, 0x29, 0x67, 0x29, 0x67, 0x29, 0x67, 0x29, 0x67, 0x29, 0x67, 0x29, 0x67, 0x29, 0x67, 0x29, 0x67, 0x29,
  0x67, 0x29, 0xc3, 0x18, 0x67, 0x29, 0x67, 0x29, 0x67, 0x29, 0xc3, 0x18, 0x67, 0x29, 0x67, 0x29, 0x67, 0x29, 0xc3, 0x18, 0x67, 0x29, 0x67, 0x29,
  0x67, 0x29, 0x00, 0x00, 0x00, 0x00, 0x00, 0x00, 0x00, 0x00, 0x00, 0x00, 0x67, 0x29, 0x67, 0x29, 0x67, 0x29, 0x67, 0x29, 0x67, 0x29, 0x67, 0x29,
  0x67, 0x29, 0x67, 0x29, 0x67, 0x29, 0xc3, 0x18, 0x67, 0x29, 0x67, 0x29, 0x67, 0x29, 0xc3, 0x18, 0x67, 0x29, 0x67, 0x29, 0x67, 0x29, 0xc3, 0x18,
  0x67, 0x29, 0x67, 0x29, 0x67, 0x29, 0x00, 0x00, 0x00, 0x00, 0x00, 0x00, 0x00, 0x00, 0x00, 0x00, 0x00, 0x00, 0x00, 0x00, 0x67, 0x29, 0x67, 0x29,
  0x67, 0x29, 0x67, 0x29, 0x67, 0x29, 0x67, 0x29, 0x67, 0x29, 0x67, 0x29, 0x67, 0x29, 0x67, 0x29, 0x67, 0x29, 0x67, 0x29, 0x67, 0x29, 0x67, 0x29,
  0x67, 0x29, 0x67, 0x29, 0x67, 0x29, 0x67, 0x29, 0x67, 0x29, 0x00, 0x00, 0x00, 0x00, 0x00, 0x00, 0x00, 0x00, 0x00, 0x00, 0x00, 0x00, 0x00, 0x00,
  0x00, 0x00, 0x00, 0x00, 0x00, 0x00, 0x00, 0x00, 0x67, 0x29, 0x67, 0x29, 0x2a, 0x42, 0x2a, 0x42, 0x67, 0x29, 0x2a, 0x42, 0x2a, 0x42, 0x2a, 0x42,
  0xc3, 0x18, 0x2a, 0x42, 0x2a, 0x42, 0x67, 0x29, 0x67, 0x29, 0xc3, 0x18, 0x00, 0x00, 0x00, 0x00, 0x00, 0x00, 0x00, 0x00, 0x00, 0x00, 0x00, 0x00,
  0x00, 0x00, 0x00, 0x00, 0x00, 0x00, 0x00, 0x00, 0x00, 0x00, 0x00, 0x00, 0x67, 0x29, 0x00, 0x00, 0x00, 0x00, 0x67, 0x29, 0x67, 0x29, 0x67, 0x29,
  0x67, 0x29, 0xc3, 0x18, 0x67, 0x29, 0x67, 0x29, 0x67, 0x29, 0x00, 0x00, 0x00, 0x00, 0xc3, 0x18, 0x00, 0x00, 0x00, 0x00, 0x00, 0x00, 0x00, 0x00,
  0x00, 0x00, 0x00, 0x00, 0x00, 0x00, 0x00, 0x00, 0x00, 0x00, 0x00, 0x00, 0x00, 0x00, 0x67, 0x29, 0x00, 0x00, 0x00, 0x00, 0x00, 0x00, 0x67, 0x29,
  0x00, 0x00, 0x00, 0x00, 0x00, 0x00, 0xc3, 0x18, 0x00, 0x00, 0x00, 0x00, 0x00, 0x00, 0x00, 0x00, 0xc3, 0x18, 0x00, 0x00, 0x00, 0x00, 0x00, 0x00,
  0x00, 0x00, 0x00, 0x00, 0x00, 0x00, 0x00, 0x00, 0x00, 0x00, 0x00, 0x00, 0x00, 0x00, 0x00, 0x00, 0x00, 0x00, 0x67, 0x29, 0x00, 0x00, 0x00, 0x00,
  0x67, 0x29, 0x00, 0x00, 0x00, 0x00, 0x00, 0x00, 0xc3, 0x18, 0x00, 0x00, 0x00, 0x00, 0x00, 0x00, 0x00, 0x00, 0x00, 0x00, 0xc3, 0x18, 0x00, 0x00,
  0x00, 0x00, 0x00, 0x00, 0x00, 0x00, 0x00, 0x00, 0x00, 0x00, 0x00, 0x00, 0x00, 0x00, 0x00, 0x00, 0x00, 0x00, 0x00, 0x00, 0x00, 0x00, 0x67, 0x29,
  0x00, 0x00, 0x00, 0x00, 0x67, 0x29, 0x00, 0x00, 0x00, 0x00, 0x00, 0x00, 0xc3, 0x18, 0x00, 0x00, 0x00, 0x00, 0x00, 0x00, 0x00, 0x00, 0x00, 0x00,
  0xc3, 0x18, 0x00, 0x00, 0x00, 0x00, 0x00, 0x00, 0x00, 0x00, 0x00, 0x00, 0x00, 0x00, 0x00, 0x00, 0x00, 0x00, 0x00, 0x00, 0x00, 0x00, 0x00, 0x00,
  0x00, 0x00, 0xc3, 0x18, 0x00, 0x00, 0x00, 0x00, 0xc3, 0x18, 0x00, 0x00, 0x00, 0x00, 0x00, 0x00, 0xc3, 0x18, 0x00, 0x00, 0x00, 0x00, 0x00, 0x00,
  0x00, 0x00, 0x00, 0x00, 0xc3, 0x18, 0x00, 0x00, 0x00, 0x00, 0x00, 0x00, 0x00, 0x00, 0x00, 0x00, 0x00, 0x00, 0xff, 0x00, 0x00, 0x00, 0x00, 0xff,
  0x00, 0x00, 0x00, 0x00, 0x00, 0x00, 0x00, 0x00, 0x00, 0x00, 0x00, 0x00, 0x00, 0x00, 0x00, 0x00, 0x00, 0x00, 0x00, 0x00, 0xff, 0xff, 0x00, 0x00,
  0xff, 0xff, 0x00, 0x00, 0x00, 0x00, 0x00, 0x00, 0x00, 0x00, 0x00, 0x00, 0x00, 0x00, 0x00, 0x00, 0x00, 0x00, 0x00, 0x00, 0x00, 0x00, 0xff, 0xff,
  0xff, 0xff, 0xff, 0xff, 0xff, 0x00, 0x00, 0x00, 0x00, 0x00, 0x00, 0x00, 0x00, 0x00, 0x00, 0x00, 0x00, 0x00, 0x00, 0x00, 0x00, 0x00, 0x00, 0xff,
  0xff, 0xff, 0xff, 0xff, 0xff, 0xff, 0xff, 0x00, 0x00, 0x00, 0x00, 0x00, 0x00, 0x00, 0x00, 0x00, 0x00, 0x00, 0x00, 0x00, 0x00, 0x00, 0x00, 0xff,
  0x00, 0xff, 0xff, 0xff, 0xff, 0xff, 0xff, 0xff, 0xff, 0xff, 0x00, 0x00, 0x00, 0x00, 0x00, 0x00, 0x00, 0x00, 0x00, 0x00, 0x00, 0x00, 0x00, 0x00,
  0xff, 0xff, 0x00, 0xff, 0xff, 0xff, 0xff, 0xff, 0xff, 0xff, 0xff, 0xff, 0x00, 0xff, 0xff, 0xff, 0xff, 0xff, 0xff, 0xff, 0xff, 0x00, 0x00, 0x00,
  0x00, 0xff, 0xff, 0x00, 0x00, 0xff, 0xff, 0xff, 0xff, 0xff, 0xff, 0xff, 0xff, 0xff, 0xff, 0xff, 0xff, 0xff, 0xff, 0xff, 0xff, 0xff, 0xff, 0xff,
  0xff, 0x00, 0xff, 0xff, 0x00, 0x00, 0x00, 0xff, 0xff, 0xff, 0xff, 0xff, 0xff, 0xff, 0xff, 0xff, 0xff, 0xff, 0xff, 0xff, 0xff, 0xff, 0xff, 0xff,
  0xff, 0xff, 0xff, 0xff, 0xff, 0x00, 0x00, 0x00, 0x00, 0x00, 0xff, 0xff, 0xff, 0xff, 0xff, 0xff, 0xff, 0xff, 0xff, 0xff, 0xff, 0xff, 0xff, 0xff,
  0xff, 0xff, 0xff, 0xff, 0xff, 0xff, 0xff, 0x00, 0x00, 0x00, 0x00, 0x00, 0x00, 0x00, 0xff, 0xff, 0xff, 0xff, 0xff, 0xff, 0xff, 0xff, 0xff, 0xff,
  0xff, 0xff, 0xff, 0xff, 0xff, 0xff, 0xff, 0xff, 0xff, 0x00, 0x00, 0x00, 0x00, 0x00, 0x00, 0x00, 0x00, 0x00, 0x00, 0x00, 0xff, 0xff, 0xff, 0xff,
  0xff, 0xff, 0xff, 0xff, 0xff, 0xff, 0xff, 0xff, 0xff, 0xff, 0x00, 0x00, 0x00, 0x00, 0x00, 0x00, 0x00, 0x00, 0x00, 0x00, 0x00, 0x00, 0xff, 0x00,
  0x00, 0xff, 0xff, 0xff, 0xff, 0xff, 0xff, 0xff, 0xff, 0x00, 0x00, 0xff, 0x00, 0x00, 0x00, 0x00, 0x00, 0x00, 0x00, 0x00, 0x00, 0x00, 0x00, 0xff,
  0x00, 0x00, 0x00, 0xff, 0x00, 0x00, 0x00, 0xff, 0x00, 0x00, 0x00, 0x00, 0xff, 0x00, 0x00, 0x00, 0x00, 0x00, 0x00, 0x00, 0x00, 0x00, 0x00, 0x00,
  0x00, 0xff, 0x00, 0x00, 0xff, 0x00, 0x00, 0x00, 0xff, 0x00, 0x00, 0x00, 0x00, 0x00, 0xff, 0x00, 0x00, 0x00, 0x00, 0x00, 0x00, 0x00, 0x00, 0x00,
  0x00, 0x00, 0x00, 0xff, 0x00, 0x00, 0xff, 0x00, 0x00, 0x00, 0xff, 0x00, 0x00, 0x00, 0x00, 0x00, 0xff, 0x00, 0x00, 0x00, 0x00, 0x00, 0x00, 0x00,
  0x00, 0x00, 0x00, 0x00, 0x00, 0xff, 0x00, 0x00, 0xff, 0x00, 0x00, 0x00, 0xff, 0x00, 0x00, 0x00, 0x00, 0x00, 0xff, 0x00, 0x00, 0x00, 0x00, 0x00,
};
static const lv_image_dsc_t spr_black_run_l2 = {
    .header = {.magic = LV_IMAGE_HEADER_MAGIC, .cf = LV_COLOR_FORMAT_RGB565A8, .flags = 0,
               .w = 26, .h = 16, .stride = 52, .reserved_2 = 0},
    .data_size = sizeof(spr_black_run_l2_px),
    .data = spr_black_run_l2_px,
    .reserved = nullptr,
};

static const uint8_t spr_black_run_r3_px[] = {
  0x00, 0x00, 0x00, 0x00, 0x00, 0x00, 0x00, 0x00, 0x00, 0x00, 0x00, 0x00, 0x00, 0x00, 0x00, 0x00, 0x00, 0x00, 0x00, 0x00, 0x00, 0x00, 0x00, 0x00,
  0x00, 0x00, 0x00, 0x00, 0x00, 0x00, 0x00, 0x00, 0x00, 0x00, 0x00, 0x00, 0x00, 0x00, 0x00, 0x00, 0x00, 0x00, 0x00, 0x00, 0x00, 0x00, 0x00, 0x00,
  0x00, 0x00, 0x00, 0x00, 0x00, 0x00, 0x00, 0x00, 0x00, 0x00, 0x00, 0x00, 0x00, 0x00, 0x00, 0x00, 0x00, 0x00, 0x00, 0x00, 0x00, 0x00, 0x00, 0x00,
  0x00, 0x00, 0x00, 0x00, 0x00, 0x00, 0x00, 0x00, 0x00, 0x00, 0x00, 0x00, 0x00, 0x00, 0x00, 0x00, 0x67, 0x29, 0x00, 0x00, 0x00, 0x00, 0x00, 0x00,
  0x00, 0x00, 0x67, 0x29, 0x00, 0x00, 0x00, 0x00, 0x00, 0x00, 0x00, 0x00, 0x00, 0x00, 0x00, 0x00, 0x00, 0x00, 0x00, 0x00, 0x00, 0x00, 0x00, 0x00,
  0x00, 0x00, 0x00, 0x00, 0x00, 0x00, 0x00, 0x00, 0x00, 0x00, 0x00, 0x00, 0x00, 0x00, 0x00, 0x00, 0x00, 0x00, 0x00, 0x00, 0x67, 0x29, 0x67, 0x29,
  0x00, 0x00, 0x00, 0x00, 0x67, 0x29, 0x67, 0x29, 0x00, 0x00, 0x00, 0x00, 0x00, 0x00, 0x00, 0x00, 0x00, 0x00, 0x00, 0x00, 0x00, 0x00, 0x00, 0x00,
  0x00, 0x00, 0x00, 0x00, 0x00, 0x00, 0x00, 0x00, 0x00, 0x00, 0x00, 0x00, 0x00, 0x00, 0x00, 0x00, 0x00, 0x00, 0x00, 0x00, 0x00, 0x00, 0x67, 0x29,
  0x67, 0x29, 0x67, 0x29, 0x67, 0x29, 0x67, 0x29, 0x67, 0x29, 0x67, 0x29, 0x00, 0x00, 0x00, 0x00, 0x00, 0x00, 0x00, 0x00, 0x00, 0x00, 0x00, 0x00,
  0x00, 0x00, 0x00, 0x00, 0x00, 0x00, 0x00, 0x00, 0x00, 0x00, 0x00, 0x00, 0x00, 0x00, 0x00, 0x00, 0x00, 0x00, 0x00, 0x00, 0x00, 0x00, 0x00, 0x00,
  0x00, 0x00, 0x67, 0x29, 0x67, 0x29, 0x67, 0x29, 0x67, 0x29, 0x67, 0x29, 0x67, 0x29, 0x67, 0x29, 0x67, 0x29, 0x00, 0x00, 0x00, 0x00, 0x00, 0x00,
  0x00, 0x00, 0x00, 0x00, 0x00, 0x00, 0x00, 0x00, 0x00, 0x00, 0x00, 0x00, 0x00, 0x00, 0x00, 0x00, 0x00, 0x00, 0x00, 0x00, 0x00, 0x00, 0x00, 0x00,
  0x00, 0x00, 0x00, 0x00, 0x67, 0x29, 0x67, 0x29, 0x67, 0x29, 0x67, 0x29, 0x67, 0x29, 0x67, 0x29, 0x67, 0x29, 0x67, 0x29, 0x67, 0x29, 0x00, 0x00,
  0x00, 0x00, 0x00, 0x00, 0x00, 0x00, 0x00, 0x00, 0x00, 0x00, 0x00, 0x00, 0x00, 0x00, 0x67, 0x29, 0x67, 0x29, 0x67, 0x29, 0x67, 0x29, 0x67, 0x29,
  0x67, 0x29, 0x67, 0x29, 0x67, 0x29, 0x00, 0x00, 0x67, 0x29, 0x67, 0x29, 0x67, 0x29, 0x67, 0x29, 0x67, 0x29, 0x67, 0x29, 0xa0, 0xfe, 0x67, 0x29,
  0x67, 0x29, 0x00, 0x00, 0x67, 0x29, 0x67, 0x29, 0x00, 0x00, 0x00, 0x00, 0x00, 0x00, 0x67, 0x29, 0xc3, 0x18, 0x67, 0x29, 0x67, 0x29, 0x67, 0x29,
  0xc3, 0x18, 0x67, 0x29, 0x67, 0x29, 0x67, 0x29, 0xc3, 0x18, 0x67, 0x29, 0x67, 0x29, 0x67, 0x29, 0x67, 0x29, 0x67, 0x29, 0x67, 0x29, 0x67, 0x29,
  0x67, 0x29, 0x67, 0x29, 0x2f, 0x93, 0x00, 0x00, 0x67, 0x29, 0x67, 0x29, 0x67, 0x29, 0x67, 0x29, 0x67, 0x29, 0x67, 0x29, 0xc3, 0x18, 0x67, 0x29,
  0x67, 0x29, 0x67, 0x29, 0xc3, 0x18, 0x67, 0x29, 0x67, 0x29, 0x67, 0x29, 0xc3, 0x18, 0x67, 0x29, 0x67, 0x29, 0x67, 0x29, 0x67, 0x29, 0x67, 0x29,
  0x67, 0x29, 0x67, 0x29, 0x67, 0x29, 0x67, 0x29, 0x67, 0x29, 0x00, 0x00, 0x00, 0x00, 0x00, 0x00, 0x67, 0x29, 0x67, 0x29, 0x67, 0x29, 0x67, 0x29,
  0xc3, 0x18, 0x67, 0x29, 0x67, 0x29, 0x67, 0x29, 0xc3, 0x18, 0x67, 0x29, 0x67, 0x29, 0x67, 0x29, 0xc3, 0x18, 0x67, 0x29, 0x67, 0x29, 0x67, 0x29,
  0x67, 0x29, 0x67, 0x29, 0x67, 0x29, 0x67, 0x29, 0x67, 0x29, 0x67, 0x29, 0x00, 0x00, 0x00, 0x00, 0x00, 0x00, 0x00, 0x00, 0x00, 0x00, 0x67, 0x29,
  0x67, 0x29, 0x67, 0x29, 0x67, 0x29, 0x67, 0x29, 0x67, 0x29, 0x67, 0x29, 0x67, 0x29, 0x67, 0x29, 0x67, 0x29, 0x67, 0x29, 0x67, 0x29, 0x67, 0x29,
  0x67, 0x29, 0x67, 0x29, 0x67, 0x29, 0x67, 0x29, 0x67, 0x29, 0x67, 0x29, 0x00, 0x00, 0x00, 0x00, 0x00, 0x00, 0x00, 0x00, 0x00, 0x00, 0x00, 0x00,
  0x00, 0x00, 0x00, 0x00, 0x00, 0x00, 0x67, 0x29, 0xc3, 0x18, 0xc3, 0x18, 0x2a, 0x42, 0x2a, 0x42, 0x2a, 0x42, 0x2a, 0x42, 0x2a, 0x42, 0x2a, 0x42,
  0x2a, 0x42, 0x67, 0x29, 0x67, 0x29, 0x00, 0x00, 0x00, 0x00, 0x00, 0x00, 0x00, 0x00, 0x00, 0x00, 0x00, 0x00, 0x00, 0x00, 0x00, 0x00, 0x00, 0x00,
  0x00, 0x00, 0x00, 0x00, 0x00, 0x00, 0x00, 0x00, 0x00, 0x00, 0x00, 0x00, 0xc3, 0x18, 0xc3, 0x18, 0x67, 0x29, 0x67, 0x29, 0x67, 0x29, 0x67, 0x29,
  0x67, 0x29, 0x67, 0x29, 0x67, 0x29, 0x67, 0x29, 0x67, 0x29, 0x00, 0x00, 0x00, 0x00, 0x00, 0x00, 0x00, 0x00, 0x00, 0x00, 0x00, 0x00, 0x00, 0x00,
  0x00, 0x00, 0x00, 0x00, 0x00, 0x00, 0x00, 0x00, 0x00, 0x00, 0x00, 0x00, 0x00, 0x00, 0x00, 0x00, 0xc3, 0x18, 0xc3, 0x18, 0x00, 0x00, 0x00, 0x00,
  0x00, 0x00, 0x00, 0x00, 0x00, 0x00, 0x00, 0x00, 0x00, 0x00, 0x67, 0x29, 0x67, 0x29, 0x00, 0x00, 0x00, 0x00, 0x00, 0x00, 0x00, 0x00, 0x00, 0x00,
  0x00, 0x00, 0x00, 0x00, 0x00, 0x00, 0x00, 0x00, 0x00, 0x00, 0x00, 0x00, 0x00, 0x00, 0x00, 0x00, 0x00, 0x00, 0x00, 0x00, 0xc3, 0x18, 0xc3, 0x18,
  0x00, 0x00, 0x00, 0x00, 0x00, 0x00, 0x00, 0x00, 0x00, 0x00, 0x00, 0x00, 0x00, 0x00, 0x67, 0x29, 0x67, 0x29, 0x00, 0x00, 0x00, 0x00, 0x00, 0x00,
  0x00, 0x00, 0x00, 0x00, 0x00, 0x00, 0x00, 0x00, 0x00, 0x00, 0x00, 0x00, 0x00, 0x00, 0x00, 0x00, 0x00, 0x00, 0x00, 0x00, 0x00, 0x00, 0x00, 0x00,
  0xc3, 0x18, 0xc3, 0x18, 0x00, 0x00, 0x00, 0x00, 0x00, 0x00, 0x00, 0x00, 0x00, 0x00, 0x00, 0x00, 0x00, 0x00, 0xc3, 0x18, 0xc3, 0x18, 0x00, 0x00,
  0x00, 0x00, 0x00, 0x00, 0x00, 0x00, 0x00, 0x00, 0x00, 0x00, 0x00, 0x00, 0x00, 0x00, 0x00, 0x00, 0x00, 0x00, 0x00, 0x00, 0x00, 0x00, 0x00, 0x00,
  0x00, 0x00, 0x00, 0x00, 0x00, 0x00, 0x00, 0x00, 0x00, 0x00, 0x00, 0x00, 0x00, 0x00, 0x00, 0x00, 0x00, 0x00, 0x00, 0x00, 0x00, 0x00, 0x00, 0x00,
  0x00, 0x00, 0x00, 0x00, 0x00, 0x00, 0x00, 0x00, 0x00, 0x00, 0x00, 0x00, 0xff, 0x00, 0x00, 0x00, 0x00, 0xff, 0x00, 0x00, 0x00, 0x00, 0x00, 0x00,
  0x00, 0x00, 0x00, 0x00, 0x00, 0x00, 0x00, 0x00, 0x00, 0x00, 0x00, 0x00, 0x00, 0x00, 0xff, 0xff, 0x00, 0x00, 0xff, 0xff, 0x00, 0x00, 0x00, 0x00,
  0x00, 0x00, 0x00, 0x00, 0x00, 0x00, 0x00, 0x00, 0x00, 0x00, 0x00, 0x00, 0x00, 0x00, 0x00, 0xff, 0xff, 0xff, 0xff, 0xff, 0xff, 0xff, 0x00, 0x00,
  0x00, 0x00, 0x00, 0x00, 0x00, 0x00, 0x00, 0x00, 0x00, 0x00, 0x00, 0x00, 0x00, 0x00, 0x00, 0x00, 0x00, 0xff, 0xff, 0xff, 0xff, 0xff, 0xff, 0xff,
  0xff, 0x00, 0x00, 0x00, 0x00, 0x00, 0x00, 0x00, 0x00, 0x00, 0x00, 0x00, 0x00, 0x00, 0x00, 0x00, 0x00, 0x00, 0xff, 0xff, 0xff, 0xff, 0xff, 0xff,
  0xff, 0xff, 0xff, 0x00, 0x00, 0x00, 0x00, 0x00, 0x00, 0x00, 0x00, 0xff, 0xff, 0xff, 0xff, 0xff, 0xff, 0xff, 0xff, 0x00, 0xff, 0xff, 0xff, 0xff,
  0xff, 0xff, 0xff, 0xff, 0xff, 0x00, 0xff, 0xff, 0x00, 0x00, 0x00, 0xff, 0xff, 0xff, 0xff, 0xff, 0xff, 0xff, 0xff, 0xff, 0xff, 0xff, 0xff, 0xff,
  0xff, 0xff, 0xff, 0xff, 0xff, 0xff, 0xff, 0x00, 0xff, 0xff, 0xff, 0xff, 0xff, 0xff, 0xff, 0xff, 0xff, 0xff, 0xff, 0xff, 0xff, 0xff, 0xff, 0xff,
  0xff, 0xff, 0xff, 0xff, 0xff, 0xff, 0xff, 0xff, 0xff, 0x00, 0x00, 0x00, 0xff, 0xff, 0xff, 0xff, 0xff, 0xff, 0xff, 0xff, 0xff, 0xff, 0xff, 0xff,
  0xff, 0xff, 0xff, 0xff, 0xff, 0xff, 0xff, 0xff, 0xff, 0xff, 0x00, 0x00, 0x00, 0x00, 0x00, 0xff, 0xff, 0xff, 0xff, 0xff, 0xff, 0xff, 0xff, 0xff,
  0xff, 0xff, 0xff, 0xff, 0xff, 0xff, 0xff, 0xff, 0xff, 0xff, 0x00, 0x00, 0x00, 0x00, 0x00, 0x00, 0x00, 0x00, 0x00, 0xff, 0xff, 0xff, 0xff, 0xff,
  0xff, 0xff, 0xff, 0xff, 0xff, 0xff, 0xff, 0x00, 0x00, 0x00, 0x00, 0x00, 0x00, 0x00, 0x00, 0x00, 0x00, 0x00, 0x00, 0x00, 0x00, 0x00, 0xff, 0xff,
  0xff, 0xff, 0xff, 0xff, 0xff, 0xff, 0xff, 0xff, 0xff, 0x00, 0x00, 0x00, 0x00, 0x00, 0x00, 0x00, 0x00, 0x00, 0x00, 0x00, 0x00, 0x00, 0x00, 0x00,
  0xff, 0xff, 0x00, 0x00, 0x00, 0x00, 0x00, 0x00, 0x00, 0xff, 0xff, 0x00, 0x00, 0x00, 0x00, 0x00, 0x00, 0x00, 0x00, 0x00, 0x00, 0x00, 0x00, 0x00,
  0x00, 0x00, 0xff, 0xff, 0x00, 0x00, 0x00, 0x00, 0x00, 0x00, 0x00, 0xff, 0xff, 0x00, 0x00, 0x00, 0x00, 0x00, 0x00, 0x00, 0x00, 0x00, 0x00, 0x00,
  0x00, 0x00, 0x00, 0x00, 0xff, 0xff, 0x00, 0x00, 0x00, 0x00, 0x00, 0x00, 0x00, 0xff, 0xff, 0x00, 0x00, 0x00, 0x00, 0x00, 0x00, 0x00, 0x00, 0x00,
};
static const lv_image_dsc_t spr_black_run_r3 = {
    .header = {.magic = LV_IMAGE_HEADER_MAGIC, .cf = LV_COLOR_FORMAT_RGB565A8, .flags = 0,
               .w = 26, .h = 16, .stride = 52, .reserved_2 = 0},
    .data_size = sizeof(spr_black_run_r3_px),
    .data = spr_black_run_r3_px,
    .reserved = nullptr,
};

static const uint8_t spr_black_run_l3_px[] = {
  0x00, 0x00, 0x00, 0x00, 0x00, 0x00, 0x00, 0x00, 0x00, 0x00, 0x00, 0x00, 0x00, 0x00, 0x00, 0x00, 0x00, 0x00, 0x00, 0x00, 0x00, 0x00, 0x00, 0x00,
  0x00, 0x00, 0x00, 0x00, 0x00, 0x00, 0x00, 0x00, 0x00, 0x00, 0x00, 0x00, 0x00, 0x00, 0x00, 0x00, 0x00, 0x00, 0x00, 0x00, 0x00, 0x00, 0x00, 0x00,
  0x00, 0x00, 0x00, 0x00, 0x00, 0x00, 0x00, 0x00, 0x67, 0x29, 0x00, 0x00, 0x00, 0x00, 0x00, 0x00, 0x00, 0x00, 0x67, 0x29, 0x00, 0x00, 0x00, 0x00,
  0x00, 0x00, 0x00, 0x00, 0x00, 0x00, 0x00, 0x00, 0x00, 0x00, 0x00, 0x00, 0x00, 0x00, 0x00, 0x00, 0x00, 0x00, 0x00, 0x00, 0x00, 0x00, 0x00, 0x00,
  0x00, 0x00, 0x00, 0x00, 0x00, 0x00, 0x00, 0x00, 0x00, 0x00, 0x00, 0x00, 0x67, 0x29, 0x67, 0x29, 0x00, 0x00, 0x00, 0x00, 0x67, 0x29, 0x67, 0x29,
  0x00, 0x00, 0x00, 0x00, 0x00, 0x00, 0x00, 0x00, 0x00, 0x00, 0x00, 0x00, 0x00, 0x00, 0x00, 0x00, 0x00, 0x00, 0x00, 0x00, 0x00, 0x00, 0x00, 0x00,
  0x00, 0x00, 0x00, 0x00, 0x00, 0x00, 0x00, 0x00, 0x00, 0x00, 0x00, 0x00, 0x00, 0x00, 0x00, 0x00, 0x67, 0x29, 0x67, 0x29, 0x67, 0x29, 0x67, 0x29,
  0x67, 0x29, 0x67, 0x29, 0x67, 0x29, 0x00, 0x00, 0x00, 0x00, 0x00, 0x00, 0x00, 0x00, 0x00, 0x00, 0x00, 0x00, 0x00, 0x00, 0x00, 0x00, 0x00, 0x00,
  0x00, 0x00, 0x00, 0x00, 0x00, 0x00, 0x00, 0x00, 0x00, 0x00, 0x00, 0x00, 0x00, 0x00, 0x00, 0x00, 0x00, 0x00, 0x67, 0x29, 0x67, 0x29, 0x67, 0x29,
  0x67, 0x29, 0x67, 0x29, 0x67, 0x29, 0x67, 0x29, 0x67, 0x29, 0x00, 0x00, 0x00, 0x00, 0x00, 0x00, 0x00, 0x00, 0x00, 0x00, 0x00, 0x00, 0x00, 0x00,
  0x00, 0x00, 0x00, 0x00, 0x00, 0x00, 0x00, 0x00, 0x00, 0x00, 0x00, 0x00, 0x00, 0x00, 0x00, 0x00, 0x00, 0x00, 0x00, 0x00, 0x00, 0x00, 0x67, 0x29,
  0x67, 0x29, 0x67, 0x29, 0x67, 0x29, 0x67, 0x29, 0x67, 0x29, 0x67, 0x29, 0x67, 0x29, 0x67, 0x29, 0x00, 0x00, 0x00, 0x00, 0x00, 0x00, 0x00, 0x00,
  0x00, 0x00, 0x00, 0x00, 0x00, 0x00, 0x00, 0x00, 0x00, 0x00, 0x00, 0x00, 0x00, 0x00, 0x00, 0x00, 0x00, 0x00, 0x00, 0x00, 0x00, 0x00, 0x00, 0x00,
  0x00, 0x00, 0x67, 0x29, 0x67, 0x29, 0xa0, 0xfe, 0x67, 0x29, 0x67, 0x29, 0x67, 0x29, 0x67, 0x29, 0x67, 0x29, 0x67, 0x29, 0x00, 0x00, 0x67, 0x29,
  0x67, 0x29, 0x67, 0x29, 0x67, 0x29, 0x67, 0x29, 0x67, 0x29, 0x67, 0x29, 0x67, 0x29, 0x00, 0x00, 0x00, 0x00, 0x00, 0x00, 0x00, 0x00, 0x00, 0x00,
  0x00, 0x00, 0x00, 0x00, 0x00, 0x00, 0x2f, 0x93, 0x67, 0x29, 0x67, 0x29, 0x67, 0x29, 0x67, 0x29, 0x67, 0x29, 0x67, 0x29, 0x67, 0x29, 0x67, 0x29,
  0x67, 0x29, 0xc3, 0x18, 0x67, 0x29, 0x67, 0x29, 0x67, 0x29, 0xc3, 0x18, 0x67, 0x29, 0x67, 0x29, 0x67, 0x29, 0xc3, 0x18, 0x67, 0x29, 0x00, 0x00,
  0x00, 0x00, 0x00, 0x00, 0x67, 0x29, 0x67, 0x29, 0x00, 0x00, 0x67, 0x29, 0x67, 0x29, 0x67, 0x29, 0x67, 0x29, 0x67, 0x29, 0x67, 0x29, 0x67, 0x29,
  0x67, 0x29, 0x67, 0x29, 0x67, 0x29, 0xc3, 0x18, 0x67, 0x29, 0x67, 0x29, 0x67, 0x29, 0xc3, 0x18, 0x67, 0x29, 0x67, 0x29, 0x67, 0x29, 0xc3, 0x18,
  0x67, 0x29, 0x67, 0x29, 0x67, 0x29, 0x67, 0x29, 0x67, 0x29, 0x67, 0x29, 0x00, 0x00, 0x00, 0x00, 0x67, 0x29, 0x67, 0x29, 0x67, 0x29, 0x67, 0x29,
  0x67, 0x29, 0x67, 0x29, 0x67, 0x29, 0x67, 0x29, 0x67, 0x29, 0xc3, 0x18, 0x67, 0x29, 0x67, 0x29, 0x67, 0x29, 0xc3, 0x18, 0x67, 0x29, 0x67, 0x29,
  0x67, 0x29, 0xc3, 0x18, 0x67, 0x29, 0x67, 0x29, 0x67, 0x29, 0x67, 0x29, 0x00, 0x00, 0x00, 0x00, 0x00, 0x00, 0x00, 0x00, 0x00, 0x00, 0x00, 0x00,
  0x67, 0x29, 0x67, 0x29, 0x67, 0x29, 0x67, 0x29, 0x67, 0x29, 0x67, 0x29, 0x67, 0x29, 0x67, 0x29, 0x67, 0x29, 0x67, 0x29, 0x67, 0x29, 0x67, 0x29,
  0x67, 0x29, 0x67, 0x29, 0x67, 0x29, 0x67, 0x29, 0x67, 0x29, 0x67, 0x29, 0x67, 0x29, 0x00, 0x00, 0x00, 0x00, 0x00, 0x00, 0x00, 0x00, 0x00, 0x00,
  0x00, 0x00, 0x00, 0x00, 0x00, 0x00, 0x00, 0x00, 0x00, 0x00, 0x00, 0x00, 0x00, 0x00, 0x67, 0x29, 0x67, 0x29, 0x2a, 0x42, 0x2a, 0x42, 0x2a, 0x42,
  0x2a, 0x42, 0x2a, 0x42, 0x2a, 0x42, 0x2a, 0x42, 0xc3, 0x18, 0xc3, 0x18, 0x67, 0x29, 0x00, 0x00, 0x00, 0x00, 0x00, 0x00, 0x00, 0x00, 0x00, 0x00,
  0x00, 0x00, 0x00, 0x00, 0x00, 0x00, 0x00, 0x00, 0x00, 0x00, 0x00, 0x00, 0x00, 0x00, 0x00, 0x00, 0x00, 0x00, 0x67, 0x29, 0x67, 0x29, 0x67, 0x29,
  0x67, 0x29, 0x67, 0x29, 0x67, 0x29, 0x67, 0x29, 0x67, 0x29, 0x67, 0x29, 0xc3, 0x18, 0xc3, 0x18, 0x00, 0x00, 0x00, 0x00, 0x00, 0x00, 0x00, 0x00,
  0x00, 0x00, 0x00, 0x00, 0x00, 0x00, 0x00, 0x00, 0x00, 0x00, 0x00, 0x00, 0x00, 0x00, 0x00, 0x00, 0x00, 0x00, 0x00, 0x00, 0x00, 0x00, 0x67, 0x29,
  0x67, 0x29, 0x00, 0x00, 0x00, 0x00, 0x00, 0x00, 0x00, 0x00, 0x00, 0x00, 0x00, 0x00, 0x00, 0x00, 0xc3, 0x18, 0xc3, 0x18, 0x00, 0x00, 0x00, 0x00,
  0x00, 0x00, 0x00, 0x00, 0x00, 0x00, 0x00, 0x00, 0x00, 0x00, 0x00, 0x00, 0x00, 0x00, 0x00, 0x00, 0x00, 0x00, 0x00, 0x00, 0x00, 0x00, 0x00, 0x00,
  0x00, 0x00, 0x67, 0x29, 0x67, 0x29, 0x00, 0x00, 0x00, 0x00, 0x00, 0x00, 0x00, 0x00, 0x00, 0x00, 0x00, 0x00, 0x00, 0x00, 0xc3, 0x18, 0xc3, 0x18,
  0x00, 0x00, 0x00, 0x00, 0x00, 0x00, 0x00, 0x00, 0x00, 0x00, 0x00, 0x00, 0x00, 0x00, 0x00, 0x00, 0x00, 0x00, 0x00, 0x00, 0x00, 0x00, 0x00, 0x00,
  0x00, 0x00, 0x00, 0x00, 0x00, 0x00, 0xc3, 0x18, 0xc3, 0x18, 0x00, 0x00, 0x00, 0x00, 0x00, 0x00, 0x00, 0x00, 0x00, 0x00, 0x00, 0x00, 0x00, 0x00,
  0xc3, 0x18, 0xc3, 0x18, 0x00, 0x00, 0x00, 0x00, 0x00, 0x00, 0x00, 0x00, 0x00, 0x00, 0x00, 0x00, 0x00, 0x00, 0x00, 0x00, 0x00, 0x00, 0x00, 0x00,
  0x00, 0x00, 0x00, 0x00, 0x00, 0x00, 0x00, 0x00, 0x00, 0x00, 0x00, 0x00, 0x00, 0x00, 0x00, 0x00, 0x00, 0x00, 0x00, 0x00, 0xff, 0x00, 0x00, 0x00,
  0x00, 0xff, 0x00, 0x00, 0x00, 0x00, 0x00, 0x00, 0x00, 0x00, 0x00, 0x00, 0x00, 0x00, 0x00, 0x00, 0x00, 0x00, 0x00, 0x00, 0x00, 0x00, 0xff, 0xff,
  0x00, 0x00, 0xff, 0xff, 0x00, 0x00, 0x00, 0x00, 0x00, 0x00, 0x00, 0x00, 0x00, 0x00, 0x00, 0x00, 0x00, 0x00, 0x00, 0x00, 0x00, 0x00, 0x00, 0x00,
  0xff, 0xff, 0xff, 0xff, 0xff, 0xff, 0xff, 0x00, 0x00, 0x00, 0x00, 0x00, 0x00, 0x00, 0x00, 0x00, 0x00, 0x00, 0x00, 0x00, 0x00, 0x00, 0x00, 0x00,
  0x00, 0xff, 0xff, 0xff, 0xff, 0xff, 0xff, 0xff, 0xff, 0x00, 0x00, 0x00, 0x00, 0x00, 0x00, 0x00, 0x00, 0x00, 0x00, 0x00, 0x00, 0x00, 0x00, 0x00,
  0x00, 0x00, 0x00, 0xff, 0xff, 0xff, 0xff, 0xff, 0xff, 0xff, 0xff, 0xff, 0x00, 0x00, 0x00, 0x00, 0x00, 0x00, 0x00, 0x00, 0x00, 0x00, 0x00, 0x00,
  0x00, 0x00, 0x00, 0x00, 0x00, 0xff, 0xff, 0xff, 0xff, 0xff, 0xff, 0xff, 0xff, 0xff, 0x00, 0xff, 0xff, 0xff, 0xff, 0xff, 0xff, 0xff, 0xff, 0x00,
  0x00, 0x00, 0x00, 0x00, 0x00, 0x00, 0x00, 0xff, 0xff, 0xff, 0xff, 0xff, 0xff, 0xff, 0xff, 0xff, 0xff, 0xff, 0xff, 0xff, 0xff, 0xff, 0xff, 0xff,
  0xff, 0xff, 0xff, 0x00, 0x00, 0x00, 0xff, 0xff, 0x00, 0xff, 0xff, 0xff, 0xff, 0xff, 0xff, 0xff, 0xff, 0xff, 0xff, 0xff, 0xff, 0xff, 0xff, 0xff,
  0xff, 0xff, 0xff, 0xff, 0xff, 0xff, 0xff, 0xff, 0xff, 0xff, 0x00, 0x00, 0xff, 0xff, 0xff, 0xff, 0xff, 0xff, 0xff, 0xff, 0xff, 0xff, 0xff, 0xff,
  0xff, 0xff, 0xff, 0xff, 0xff, 0xff, 0xff, 0xff, 0xff, 0xff, 0x00, 0x00, 0x00, 0x00, 0x00, 0x00, 0xff, 0xff, 0xff, 0xff, 0xff, 0xff, 0xff, 0xff,
  0xff, 0xff, 0xff, 0xff, 0xff, 0xff, 0xff, 0xff, 0xff, 0xff, 0xff, 0x00, 0x00, 0x00, 0x00, 0x00, 0x00, 0x00, 0x00, 0x00, 0x00, 0x00, 0x00, 0xff,
  0xff, 0xff, 0xff, 0xff, 0xff, 0xff, 0xff, 0xff, 0xff, 0xff, 0xff, 0x00, 0x00, 0x00, 0x00, 0x00, 0x00, 0x00, 0x00, 0x00, 0x00, 0x00, 0x00, 0x00,
  0x00, 0xff, 0xff, 0xff, 0xff, 0xff, 0xff, 0xff, 0xff, 0xff, 0xff, 0xff, 0x00, 0x00, 0x00, 0x00, 0x00, 0x00, 0x00, 0x00, 0x00, 0x00, 0x00, 0x00,
  0x00, 0x00, 0x00, 0xff, 0xff, 0x00, 0x00, 0x00, 0x00, 0x00, 0x00, 0x00, 0xff, 0xff, 0x00, 0x00, 0x00, 0x00, 0x00, 0x00, 0x00, 0x00, 0x00, 0x00,
  0x00, 0x00, 0x00, 0x00, 0x00, 0xff, 0xff, 0x00, 0x00, 0x00, 0x00, 0x00, 0x00, 0x00, 0xff, 0xff, 0x00, 0x00, 0x00, 0x00, 0x00, 0x00, 0x00, 0x00,
  0x00, 0x00, 0x00, 0x00, 0x00, 0x00, 0x00, 0xff, 0xff, 0x00, 0x00, 0x00, 0x00, 0x00, 0x00, 0x00, 0xff, 0xff, 0x00, 0x00, 0x00, 0x00, 0x00, 0x00,
};
static const lv_image_dsc_t spr_black_run_l3 = {
    .header = {.magic = LV_IMAGE_HEADER_MAGIC, .cf = LV_COLOR_FORMAT_RGB565A8, .flags = 0,
               .w = 26, .h = 16, .stride = 52, .reserved_2 = 0},
    .data_size = sizeof(spr_black_run_l3_px),
    .data = spr_black_run_l3_px,
    .reserved = nullptr,
};

static const uint8_t spr_bird_r0_px[] = {
  0x00, 0x00, 0x00, 0x00, 0x00, 0x00, 0x00, 0x00, 0x00, 0x00, 0x00, 0x00, 0x00, 0x00, 0x00, 0x00, 0x00, 0x00, 0x00, 0x00, 0x00, 0x00, 0x00, 0x00,
  0x00, 0x00, 0x00, 0x00, 0x00, 0x00, 0x00, 0x00, 0x00, 0x00, 0x00, 0x00, 0x00, 0x00, 0x00, 0x00, 0x00, 0x00, 0x00, 0x00, 0x00, 0x00, 0x00, 0x00,
  0x00, 0x00, 0x00, 0x00, 0x00, 0x00, 0x00, 0x00, 0x00, 0x00, 0x00, 0x00, 0x00, 0x00, 0x00, 0x00, 0x00, 0x00, 0x00, 0x00, 0x00, 0x00, 0x00, 0x00,
  0x00, 0x00, 0x00, 0x00, 0x00, 0x00, 0x00, 0x00, 0x00, 0x00, 0x00, 0x00, 0x00, 0x00, 0x00, 0x00, 0x00, 0x00, 0x00, 0x00, 0x00, 0x00, 0x00, 0x00,
  0x00, 0x00, 0x00, 0x00, 0x00, 0x00, 0x00, 0x00, 0x00, 0x00, 0x00, 0x00, 0x00, 0x00, 0x00, 0x00, 0x00, 0x00, 0x00, 0x00, 0x00, 0x00, 0x5c, 0x7d,
  0x5c, 0x7d, 0x5c, 0x7d, 0x00, 0x00, 0x00, 0x00, 0x00, 0x00, 0x00, 0x00, 0x00, 0x00, 0x00, 0x00, 0x00, 0x00, 0x5c, 0x7d, 0x5c, 0x7d, 0x5c, 0x7d,
  0x5c, 0x7d, 0x5c, 0x7d, 0x5c, 0x7d, 0x5c, 0x7d, 0xc2, 0x18, 0x5c, 0x7d, 0xe7, 0xfd, 0x00, 0x00, 0x19, 0x54, 0x19, 0x54, 0x19, 0x54, 0x19, 0x54,
  0x5c, 0x7d, 0x5c, 0x7d, 0x5c, 0x7d, 0x5c, 0x7d, 0x5c, 0x7d, 0x5c, 0x7d, 0x5c, 0x7d, 0x5c, 0x7d, 0x5c, 0x7d, 0x5c, 0x7d, 0xe7, 0xfd, 0xe7, 0xfd,
  0x00, 0x00, 0x00, 0x00, 0x19, 0x54, 0x19, 0x54, 0x5c, 0x7d, 0x19, 0x54, 0x19, 0x54, 0x19, 0x54, 0x19, 0x54, 0x19, 0x54, 0x19, 0x54, 0x5c, 0x7d,
  0x5c, 0x7d, 0x5c, 0x7d, 0xe7, 0xfd, 0x00, 0x00, 0x00, 0x00, 0x00, 0x00, 0x00, 0x00, 0x19, 0x54, 0x5c, 0x7d, 0x5c, 0x7d, 0x19, 0x54, 0x19, 0x54,
  0x19, 0x54, 0x19, 0x54, 0x5c, 0x7d, 0x5c, 0x7d, 0x00, 0x00, 0x00, 0x00, 0x00, 0x00, 0x00, 0x00, 0x00, 0x00, 0x00, 0x00, 0x00, 0x00, 0x00, 0x00,
  0x00, 0x00, 0x5c, 0x7d, 0x5c, 0x7d, 0x19, 0x54, 0x19, 0x54, 0x19, 0x54, 0x5c, 0x7d, 0x00, 0x00, 0x00, 0x00, 0x00, 0x00, 0x00, 0x00, 0x00, 0x00,
  0x00, 0x00, 0x00, 0x00, 0x00, 0x00, 0x00, 0x00, 0x00, 0x00, 0x00, 0x00, 0x00, 0x00, 0x19, 0x54, 0x19, 0x54, 0x00, 0x00, 0x00, 0x00, 0x00, 0x00,
  0x00, 0x00, 0x00, 0x00, 0x00, 0x00, 0x00, 0x00, 0x00, 0x00, 0x00, 0x00, 0x00, 0x00, 0x00, 0x00, 0x00, 0x00, 0x00, 0x00, 0x00, 0x00, 0x00, 0x00,
  0x00, 0x00, 0x00, 0x00, 0x00, 0x00, 0x00, 0x00, 0x00, 0x00, 0x00, 0x00, 0x00, 0x00, 0x00, 0x00, 0x00, 0x00, 0x00, 0x00, 0x00, 0x00, 0x00, 0x00,
  0x00, 0x00, 0x00, 0x00, 0x00, 0x00, 0x00, 0x00, 0x00, 0x00, 0x00, 0x00, 0x00, 0x00, 0x00, 0x00, 0x00, 0x00, 0x00, 0xff, 0xff, 0xff, 0x00, 0x00,
  0x00, 0x00, 0x00, 0x00, 0x00, 0xff, 0xff, 0xff, 0xff, 0xff, 0xff, 0xff, 0xff, 0xff, 0xff, 0x00, 0xff, 0xff, 0xff, 0xff, 0xff, 0xff, 0xff, 0xff,
  0xff, 0xff, 0xff, 0xff, 0xff, 0xff, 0xff, 0xff, 0x00, 0x00, 0xff, 0xff, 0xff, 0xff, 0xff, 0xff, 0xff, 0xff, 0xff, 0xff, 0xff, 0xff, 0xff, 0x00,
  0x00, 0x00, 0x00, 0xff, 0xff, 0xff, 0xff, 0xff, 0xff, 0xff, 0xff, 0xff, 0x00, 0x00, 0x00, 0x00, 0x00, 0x00, 0x00, 0x00, 0x00, 0xff, 0xff, 0xff,
  0xff, 0xff, 0xff, 0x00, 0x00, 0x00, 0x00, 0x00, 0x00, 0x00, 0x00, 0x00, 0x00, 0x00, 0x00, 0xff, 0xff, 0x00, 0x00, 0x00, 0x00, 0x00, 0x00, 0x00,
};
static const lv_image_dsc_t spr_bird_r0 = {
    .header = {.magic = LV_IMAGE_HEADER_MAGIC, .cf = LV_COLOR_FORMAT_RGB565A8, .flags = 0,
               .w = 16, .h = 10, .stride = 32, .reserved_2 = 0},
    .data_size = sizeof(spr_bird_r0_px),
    .data = spr_bird_r0_px,
    .reserved = nullptr,
};

static const uint8_t spr_bird_l0_px[] = {
  0x00, 0x00, 0x00, 0x00, 0x00, 0x00, 0x00, 0x00, 0x00, 0x00, 0x00, 0x00, 0x00, 0x00, 0x00, 0x00, 0x00, 0x00, 0x00, 0x00, 0x00, 0x00, 0x00, 0x00,
  0x00, 0x00, 0x00, 0x00, 0x00, 0x00, 0x00, 0x00, 0x00, 0x00, 0x00, 0x00, 0x00, 0x00, 0x00, 0x00, 0x00, 0x00, 0x00, 0x00, 0x00, 0x00, 0x00, 0x00,
  0x00, 0x00, 0x00, 0x00, 0x00, 0x00, 0x00, 0x00, 0x00, 0x00, 0x00, 0x00, 0x00, 0x00, 0x00, 0x00, 0x00, 0x00, 0x00, 0x00, 0x00, 0x00, 0x00, 0x00,
  0x00, 0x00, 0x00, 0x00, 0x00, 0x00, 0x00, 0x00, 0x00, 0x00, 0x00, 0x00, 0x00, 0x00, 0x00, 0x00, 0x00, 0x00, 0x00, 0x00, 0x00, 0x00, 0x00, 0x00,
  0x00, 0x00, 0x00, 0x00, 0x5c, 0x7d, 0x5c, 0x7d, 0x5c, 0x7d, 0x00, 0x00, 0x00, 0x00, 0x00, 0x00, 0x00, 0x00, 0x00, 0x00, 0x00, 0x00, 0x00, 0x00,
  0x00, 0x00, 0x00, 0x00, 0x00, 0x00, 0x00, 0x00, 0x00, 0x00, 0xe7, 0xfd, 0x5c, 0x7d, 0xc2, 0x18, 0x5c, 0x7d, 0x5c, 0x7d, 0x5c, 0x7d, 0x5c, 0x7d,
  0x5c, 0x7d, 0x5c, 0x7d, 0x5c, 0x7d, 0x00, 0x00, 0x00, 0x00, 0x00, 0x00, 0x00, 0x00, 0x00, 0x00, 0xe7, 0xfd, 0xe7, 0xfd, 0x5c, 0x7d, 0x5c, 0x7d,
  0x5c, 0x7d, 0x5c, 0x7d, 0x5c, 0x7d, 0x5c, 0x7d, 0x5c, 0x7d, 0x5c, 0x7d, 0x5c, 0x7d, 0x5c, 0x7d, 0x19, 0x54, 0x19, 0x54, 0x19, 0x54, 0x19, 0x54,
  0x00, 0x00, 0xe7, 0xfd, 0x5c, 0x7d, 0x5c, 0x7d, 0x5c, 0x7d, 0x19, 0x54, 0x19, 0x54, 0x19, 0x54, 0x19, 0x54, 0x19, 0x54, 0x19, 0x54, 0x5c, 0x7d,
  0x19, 0x54, 0x19, 0x54, 0x00, 0x00, 0x00, 0x00, 0x00, 0x00, 0x00, 0x00, 0x00, 0x00, 0x00, 0x00, 0x5c, 0x7d, 0x5c, 0x7d, 0x19, 0x54, 0x19, 0x54,
  0x19, 0x54, 0x19, 0x54, 0x5c, 0x7d, 0x5c, 0x7d, 0x19, 0x54, 0x00, 0x00, 0x00, 0x00, 0x00, 0x00, 0x00, 0x00, 0x00, 0x00, 0x00, 0x00, 0x00, 0x00,
  0x00, 0x00, 0x5c, 0x7d, 0x19, 0x54, 0x19, 0x54, 0x19, 0x54, 0x5c, 0x7d, 0x5c, 0x7d, 0x00, 0x00, 0x00, 0x00, 0x00, 0x00, 0x00, 0x00, 0x00, 0x00,
  0x00, 0x00, 0x00, 0x00, 0x00, 0x00, 0x00, 0x00, 0x00, 0x00, 0x00, 0x00, 0x00, 0x00, 0x19, 0x54, 0x19, 0x54, 0x00, 0x00, 0x00, 0x00, 0x00, 0x00,
  0x00, 0x00, 0x00, 0x00, 0x00, 0x00, 0x00, 0x00, 0x00, 0x00, 0x00, 0x00, 0x00, 0x00, 0x00, 0x00, 0x00, 0x00, 0x00, 0x00, 0x00, 0x00, 0x00, 0x00,
  0x00, 0x00, 0x00, 0x00, 0x00, 0x00, 0x00, 0x00, 0x00, 0x00, 0x00, 0x00, 0x00, 0x00, 0x00, 0x00, 0x00, 0x00, 0x00, 0x00, 0x00, 0x00, 0x00, 0x00,
  0x00, 0x00, 0x00, 0x00, 0x00, 0x00, 0x00, 0x00, 0x00, 0x00, 0xff, 0xff, 0xff, 0x00, 0x00, 0x00, 0x00, 0x00, 0x00, 0x00, 0x00, 0x00, 0x00, 0x00,
  0x00, 0xff, 0xff, 0xff, 0xff, 0xff, 0xff, 0xff, 0xff, 0xff, 0xff, 0x00, 0x00, 0x00, 0x00, 0x00, 0xff, 0xff, 0xff, 0xff, 0xff, 0xff, 0xff, 0xff,
  0xff, 0xff, 0xff, 0xff, 0xff, 0xff, 0xff, 0xff, 0x00, 0xff, 0xff, 0xff, 0xff, 0xff, 0xff, 0xff, 0xff, 0xff, 0xff, 0xff, 0xff, 0xff, 0x00, 0x00,
  0x00, 0x00, 0x00, 0x00, 0xff, 0xff, 0xff, 0xff, 0xff, 0xff, 0xff, 0xff, 0xff, 0x00, 0x00, 0x00, 0x00, 0x00, 0x00, 0x00, 0x00, 0xff, 0xff, 0xff,
  0xff, 0xff, 0xff, 0x00, 0x00, 0x00, 0x00, 0x00, 0x00, 0x00, 0x00, 0x00, 0x00, 0x00, 0x00, 0xff, 0xff, 0x00, 0x00, 0x00, 0x00, 0x00, 0x00, 0x00,
};
static const lv_image_dsc_t spr_bird_l0 = {
    .header = {.magic = LV_IMAGE_HEADER_MAGIC, .cf = LV_COLOR_FORMAT_RGB565A8, .flags = 0,
               .w = 16, .h = 10, .stride = 32, .reserved_2 = 0},
    .data_size = sizeof(spr_bird_l0_px),
    .data = spr_bird_l0_px,
    .reserved = nullptr,
};

static const uint8_t spr_snail_l0_px[] = {
  0x00, 0x00, 0x00, 0x00, 0x00, 0x00, 0x00, 0x00, 0x00, 0x00, 0x00, 0x00, 0x00, 0x00, 0x00, 0x00, 0x00, 0x00, 0x00, 0x00, 0x00, 0x00, 0x00, 0x00,
  0x00, 0x00, 0x00, 0x00, 0x00, 0x00, 0x00, 0x00, 0x00, 0x00, 0x00, 0x00, 0x00, 0x00, 0x00, 0x00, 0x00, 0x00, 0x00, 0x00, 0x00, 0x00, 0x00, 0x00,
  0x00, 0x00, 0x00, 0x00, 0x00, 0x00, 0x00, 0x00, 0x00, 0x00, 0xc8, 0xb3, 0xc8, 0xb3, 0xc8, 0xb3, 0xc8, 0xb3, 0x00, 0x00, 0x00, 0x00, 0x00, 0x00,
  0x00, 0x00, 0x00, 0x00, 0x00, 0x00, 0x00, 0x00, 0x00, 0x00, 0x00, 0x00, 0xc2, 0x18, 0x00, 0x00, 0x00, 0x00, 0x00, 0x00, 0x00, 0x00, 0xc8, 0xb3,
  0xc8, 0xb3, 0xc8, 0xb3, 0xc8, 0xb3, 0xc8, 0xb3, 0xc8, 0xb3, 0xc8, 0xb3, 0xc8, 0xb3, 0x00, 0x00, 0x00, 0x00, 0x00, 0x00, 0x00, 0x00, 0x00, 0x00,
  0xc2, 0x18, 0x00, 0x00, 0x52, 0xbe, 0x00, 0x00, 0x00, 0x00, 0x00, 0x00, 0xc8, 0xb3, 0xc8, 0xb3, 0xc8, 0xb3, 0x85, 0x82, 0x85, 0x82, 0x85, 0x82,
  0x85, 0x82, 0xc8, 0xb3, 0xc8, 0xb3, 0xc8, 0xb3, 0x00, 0x00, 0x00, 0x00, 0x00, 0x00, 0x00, 0x00, 0x52, 0xbe, 0x00, 0x00, 0x52, 0xbe, 0x00, 0x00,
  0x00, 0x00, 0xc8, 0xb3, 0xc8, 0xb3, 0xc8, 0xb3, 0xc8, 0xb3, 0xc8, 0xb3, 0xc8, 0xb3, 0xc8, 0xb3, 0xc8, 0xb3, 0x85, 0x82, 0xc8, 0xb3, 0xc8, 0xb3,
  0xc8, 0xb3, 0x00, 0x00, 0x00, 0x00, 0x00, 0x00, 0x52, 0xbe, 0x00, 0x00, 0x52, 0xbe, 0x00, 0x00, 0x00, 0x00, 0xc8, 0xb3, 0xc8, 0xb3, 0xc8, 0xb3,
  0xc8, 0xb3, 0xc8, 0xb3, 0x85, 0x82, 0x85, 0x82, 0xc8, 0xb3, 0xc8, 0xb3, 0x85, 0x82, 0xc8, 0xb3, 0xc8, 0xb3, 0x00, 0x00, 0x00, 0x00, 0x00, 0x00,
  0x52, 0xbe, 0x52, 0xbe, 0x52, 0xbe, 0x52, 0xbe, 0x00, 0x00, 0xc8, 0xb3, 0xc8, 0xb3, 0x85, 0x82, 0xc8, 0xb3, 0xc8, 0xb3, 0xc8, 0xb3, 0xc8, 0xb3,
  0x85, 0x82, 0xc8, 0xb3, 0x85, 0x82, 0xc8, 0xb3, 0xc8, 0xb3, 0x00, 0x00, 0x00, 0x00, 0x00, 0x00, 0x52, 0xbe, 0x52, 0xbe, 0x52, 0xbe, 0x52, 0xbe,
  0x52, 0xbe, 0xc8, 0xb3, 0xc8, 0xb3, 0x85, 0x82, 0xc8, 0xb3, 0x85, 0x82, 0xc8, 0xb3, 0xc8, 0xb3, 0x85, 0x82, 0xc8, 0xb3, 0x85, 0x82, 0xc8, 0xb3,
  0xc8, 0xb3, 0x00, 0x00, 0x00, 0x00, 0x00, 0x00, 0x52, 0xbe, 0x52, 0xbe, 0x52, 0xbe, 0x52, 0xbe, 0x52, 0xbe, 0x00, 0x00, 0xc8, 0xb3, 0xc8, 0xb3,
  0x85, 0x82, 0xc8, 0xb3, 0x85, 0x82, 0x85, 0x82, 0xc8, 0xb3, 0x85, 0x82, 0xc8, 0xb3, 0xc8, 0xb3, 0x00, 0x00, 0x00, 0x00, 0x00, 0x00, 0x00, 0x00,
  0x52, 0xbe, 0x52, 0xbe, 0x52, 0xbe, 0x52, 0xbe, 0x52, 0xbe, 0x52, 0xbe, 0x52, 0xbe, 0xc8, 0xb3, 0xc8, 0xb3, 0x85, 0x82, 0x85, 0x82, 0x85, 0x82,
  0x85, 0x82, 0xc8, 0xb3, 0xc8, 0xb3, 0x52, 0xbe, 0x52, 0xbe, 0x52, 0xbe, 0x00, 0x00, 0x00, 0x00, 0x52, 0xbe, 0x52, 0xbe, 0x52, 0xbe, 0x52, 0xbe,
  0x52, 0xbe, 0x52, 0xbe, 0x52, 0xbe, 0x52, 0xbe, 0x52, 0xbe, 0xc8, 0xb3, 0xc8, 0xb3, 0xc8, 0xb3, 0xc8, 0xb3, 0x52, 0xbe, 0x52, 0xbe, 0x52, 0xbe,
  0x52, 0xbe, 0x52, 0xbe, 0x00, 0x00, 0x00, 0x00, 0x00, 0x00, 0x52, 0xbe, 0x52, 0xbe, 0x52, 0xbe, 0x52, 0xbe, 0x52, 0xbe, 0x52, 0xbe, 0x52, 0xbe,
  0x52, 0xbe, 0x52, 0xbe, 0x52, 0xbe, 0x52, 0xbe, 0x52, 0xbe, 0x52, 0xbe, 0x52, 0xbe, 0x52, 0xbe, 0x52, 0xbe, 0x52, 0xbe, 0x00, 0x00, 0x00, 0x00,
  0x00, 0x00, 0x00, 0x00, 0x00, 0x00, 0x00, 0x00, 0x00, 0x00, 0x00, 0x00, 0x00, 0x00, 0x00, 0x00, 0x00, 0x00, 0x00, 0x00, 0x00, 0x00, 0x00, 0x00,
  0x00, 0x00, 0x00, 0x00, 0x00, 0xff, 0xff, 0xff, 0xff, 0x00, 0x00, 0x00, 0x00, 0x00, 0x00, 0x00, 0x00, 0x00, 0xff, 0x00, 0x00, 0x00, 0x00, 0xff,
  0xff, 0xff, 0xff, 0xff, 0xff, 0xff, 0xff, 0x00, 0x00, 0x00, 0x00, 0x00, 0xff, 0x00, 0xff, 0x00, 0x00, 0x00, 0xff, 0xff, 0xff, 0xff, 0xff, 0xff,
  0xff, 0xff, 0xff, 0xff, 0x00, 0x00, 0x00, 0x00, 0xff, 0x00, 0xff, 0x00, 0x00, 0xff, 0xff, 0xff, 0xff, 0xff, 0xff, 0xff, 0xff, 0xff, 0xff, 0xff,
  0xff, 0x00, 0x00, 0x00, 0xff, 0x00, 0xff, 0x00, 0x00, 0xff, 0xff, 0xff, 0xff, 0xff, 0xff, 0xff, 0xff, 0xff, 0xff, 0xff, 0xff, 0x00, 0x00, 0x00,
  0xff, 0xff, 0xff, 0xff, 0x00, 0xff, 0xff, 0xff, 0xff, 0xff, 0xff, 0xff, 0xff, 0xff, 0xff, 0xff, 0xff, 0x00, 0x00, 0x00, 0xff, 0xff, 0xff, 0xff,
  0xff, 0xff, 0xff, 0xff, 0xff, 0xff, 0xff, 0xff, 0xff, 0xff, 0xff, 0xff, 0xff, 0x00, 0x00, 0x00, 0xff, 0xff, 0xff, 0xff, 0xff, 0x00, 0xff, 0xff,
  0xff, 0xff, 0xff, 0xff, 0xff, 0xff, 0xff, 0xff, 0x00, 0x00, 0x00, 0x00, 0xff, 0xff, 0xff, 0xff, 0xff, 0xff, 0xff, 0xff, 0xff, 0xff, 0xff, 0xff,
  0xff, 0xff, 0xff, 0xff, 0xff, 0xff, 0x00, 0x00, 0xff, 0xff, 0xff, 0xff, 0xff, 0xff, 0xff, 0xff, 0xff, 0xff, 0xff, 0xff, 0xff, 0xff, 0xff, 0xff,
  0xff, 0xff, 0x00, 0x00, 0x00, 0xff, 0xff, 0xff, 0xff, 0xff, 0xff, 0xff, 0xff, 0xff, 0xff, 0xff, 0xff, 0xff, 0xff, 0xff, 0xff, 0xff, 0x00, 0x00,
};
static const lv_image_dsc_t spr_snail_l0 = {
    .header = {.magic = LV_IMAGE_HEADER_MAGIC, .cf = LV_COLOR_FORMAT_RGB565A8, .flags = 0,
               .w = 20, .h = 12, .stride = 40, .reserved_2 = 0},
    .data_size = sizeof(spr_snail_l0_px),
    .data = spr_snail_l0_px,
    .reserved = nullptr,
};

static const uint8_t spr_snowman0_px[] = {
  0x00, 0x00, 0x00, 0x00, 0x00, 0x00, 0x00, 0x00, 0x00, 0x00, 0x00, 0x00, 0x00, 0x00, 0x00, 0x00, 0x00, 0x00, 0x00, 0x00, 0x00, 0x00, 0x00, 0x00,
  0x00, 0x00, 0x00, 0x00, 0x00, 0x00, 0x00, 0x00, 0x00, 0x00, 0x00, 0x00, 0x00, 0x00, 0x00, 0x00, 0x00, 0x00, 0x46, 0x29, 0x46, 0x29, 0x46, 0x29,
  0x46, 0x29, 0x46, 0x29, 0x46, 0x29, 0x00, 0x00, 0x00, 0x00, 0x00, 0x00, 0x00, 0x00, 0x00, 0x00, 0x00, 0x00, 0x00, 0x00, 0x00, 0x00, 0x00, 0x00,
  0x00, 0x00, 0x46, 0x29, 0x46, 0x29, 0x46, 0x29, 0x46, 0x29, 0x46, 0x29, 0x46, 0x29, 0x00, 0x00, 0x00, 0x00, 0x00, 0x00, 0x00, 0x00, 0x00, 0x00,
  0x00, 0x00, 0x00, 0x00, 0x00, 0x00, 0x00, 0x00, 0x00, 0x00, 0x46, 0x29, 0x46, 0x29, 0x46, 0x29, 0x46, 0x29, 0x46, 0x29, 0x46, 0x29, 0x00, 0x00,
  0x00, 0x00, 0x00, 0x00, 0x00, 0x00, 0x00, 0x00, 0x00, 0x00, 0x00, 0x00, 0x00, 0x00, 0x00, 0x00, 0x00, 0x00, 0x46, 0x29, 0x46, 0x29, 0x46, 0x29,
  0x46, 0x29, 0x46, 0x29, 0x46, 0x29, 0x00, 0x00, 0x00, 0x00, 0x00, 0x00, 0x00, 0x00, 0x00, 0x00, 0x00, 0x00, 0x00, 0x00, 0x00, 0x00, 0x00, 0x00,
  0x46, 0x29, 0x46, 0x29, 0x46, 0x29, 0x46, 0x29, 0x46, 0x29, 0x46, 0x29, 0x46, 0x29, 0x46, 0x29, 0x00, 0x00, 0x00, 0x00, 0x00, 0x00, 0x00, 0x00,
  0x00, 0x00, 0x00, 0x00, 0x00, 0x00, 0x00, 0x00, 0x00, 0x00, 0x9f, 0xef, 0x9f, 0xef, 0x9f, 0xef, 0x9f, 0xef, 0x9f, 0xef, 0x9f, 0xef, 0x00, 0x00,
  0x00, 0x00, 0x00, 0x00, 0x00, 0x00, 0x00, 0x00, 0x00, 0x00, 0x00, 0x00, 0x00, 0x00, 0x00, 0x00, 0x9f, 0xef, 0x9f, 0xef, 0xc2, 0x18, 0x9f, 0xef,
  0x9f, 0xef, 0xc2, 0x18, 0x9f, 0xef, 0x9f, 0xef, 0x00, 0x00, 0x00, 0x00, 0x00, 0x00, 0x00, 0x00, 0x00, 0x00, 0x00, 0x00, 0x00, 0x00, 0x00, 0x00,
  0x9f, 0xef, 0x9f, 0xef, 0x9f, 0xef, 0x9f, 0xef, 0x9f, 0xef, 0x9f, 0xef, 0x9f, 0xef, 0x9f, 0xef, 0x00, 0x00, 0x00, 0x00, 0x00, 0x00, 0x00, 0x00,
  0x00, 0x00, 0x00, 0x00, 0x00, 0x00, 0x00, 0x00, 0x9f, 0xef, 0x9f, 0xef, 0x9f, 0xef, 0x9f, 0xef, 0x65, 0xfc, 0x65, 0xfc, 0x65, 0xfc, 0x9f, 0xef,
  0x00, 0x00, 0x00, 0x00, 0x00, 0x00, 0x00, 0x00, 0x00, 0x00, 0x00, 0x00, 0x00, 0x00, 0x00, 0x00, 0x9f, 0xef, 0x9f, 0xef, 0x9f, 0xef, 0x9f, 0xef,
  0x9f, 0xef, 0x9f, 0xef, 0x9f, 0xef, 0x9f, 0xef, 0x00, 0x00, 0x00, 0x00, 0x00, 0x00, 0x00, 0x00, 0x00, 0x00, 0x00, 0x00, 0x00, 0x00, 0x00, 0x00,
  0x00, 0x00, 0x9f, 0xef, 0x9f, 0xef, 0x9f, 0xef, 0x9f, 0xef, 0x9f, 0xef, 0x9f, 0xef, 0x00, 0x00, 0x00, 0x00, 0x00, 0x00, 0x00, 0x00, 0x00, 0x00,
  0x00, 0x00, 0x00, 0x00, 0x00, 0x00, 0x00, 0x00, 0x9f, 0xef, 0x9f, 0xef, 0x9f, 0xef, 0x9f, 0xef, 0x9f, 0xef, 0x9f, 0xef, 0x9f, 0xef, 0x9f, 0xef,
  0x00, 0x00, 0x00, 0x00, 0x00, 0x00, 0x00, 0x00, 0x00, 0x00, 0x00, 0x00, 0x00, 0x00, 0x9f, 0xef, 0x9f, 0xef, 0x9f, 0xef, 0x9f, 0xef, 0x9f, 0xef,
  0x9f, 0xef, 0x9f, 0xef, 0x9f, 0xef, 0x9f, 0xef, 0x9f, 0xef, 0x00, 0x00, 0x00, 0x00, 0x00, 0x00, 0x00, 0x00, 0x00, 0x00, 0x9f, 0xef, 0xe7, 0x8a,
  0x9f, 0xef, 0x9f, 0xef, 0x9f, 0xef, 0xc2, 0x18, 0x9f, 0xef, 0x9f, 0xef, 0x9f, 0xef, 0x9f, 0xef, 0xe7, 0x8a, 0x9f, 0xef, 0x00, 0x00, 0x00, 0x00,
  0x00, 0x00, 0xe7, 0x8a, 0xe7, 0x8a, 0x9f, 0xef, 0x9f, 0xef, 0x9f, 0xef, 0x9f, 0xef, 0x9f, 0xef, 0x9f, 0xef, 0x9f, 0xef, 0x9f, 0xef, 0x9f, 0xef,
  0x9f, 0xef, 0xe7, 0x8a, 0xe7, 0x8a, 0x00, 0x00, 0xe7, 0x8a, 0x00, 0x00, 0x9f, 0xef, 0x9f, 0xef, 0x9f, 0xef, 0x9f, 0xef, 0x9f, 0xef, 0x9f, 0xef,
  0x9f, 0xef, 0x9f, 0xef, 0x9f, 0xef, 0x9f, 0xef, 0x9f, 0xef, 0x9f, 0xef, 0x00, 0x00, 0xe7, 0x8a, 0x00, 0x00, 0x00, 0x00, 0x9f, 0xef, 0x9f, 0xef,
  0x9f, 0xef, 0x9f, 0xef, 0x9f, 0xef, 0xc2, 0x18, 0x9f, 0xef, 0x9f, 0xef, 0x9f, 0xef, 0x9f, 0xef, 0x9f, 0xef, 0x9f, 0xef, 0x00, 0x00, 0x00, 0x00,
  0x00, 0x00, 0x00, 0x00, 0x9f, 0xef, 0x9f, 0xef, 0x9f, 0xef, 0x9f, 0xef, 0x9f, 0xef, 0x9f, 0xef, 0x9f, 0xef, 0x9f, 0xef, 0x9f, 0xef, 0x9f, 0xef,
  0x9f, 0xef, 0x9f, 0xef, 0x00, 0x00, 0x00, 0x00, 0x00, 0x00, 0x00, 0x00, 0x00, 0x00, 0x9f, 0xef, 0x9f, 0xef, 0x9f, 0xef, 0x9f, 0xef, 0x9f, 0xef,
  0x9f, 0xef, 0x9f, 0xef, 0x9f, 0xef, 0x9f, 0xef, 0x9f, 0xef, 0x00, 0x00, 0x00, 0x00, 0x00, 0x00, 0x00, 0x00, 0x00, 0x00, 0x00, 0x00, 0x00, 0x00,
  0x9f, 0xef, 0x9f, 0xef, 0x9f, 0xef, 0x9f, 0xef, 0x9f, 0xef, 0x9f, 0xef, 0x9f, 0xef, 0x9f, 0xef, 0x00, 0x00, 0x00, 0x00, 0x00, 0x00, 0x00, 0x00,
  0x00, 0x00, 0x00, 0x00, 0x00, 0x00, 0x00, 0x00, 0x00, 0x00, 0x00, 0x00, 0x9f, 0xef, 0x9f, 0xef, 0x9f, 0xef, 0x9f, 0xef, 0x00, 0x00, 0x00, 0x00,
  0x00, 0x00, 0x00, 0x00, 0x00, 0x00, 0x00, 0x00, 0x00, 0x00, 0x00, 0x00, 0x00, 0x00, 0x00, 0x00, 0x00, 0x00, 0x00, 0x00, 0x00, 0x00, 0x00, 0x00,
  0x00, 0x00, 0x00, 0x00, 0x00, 0xff, 0xff, 0xff, 0xff, 0xff, 0xff, 0x00, 0x00, 0x00, 0x00, 0x00, 0x00, 0x00, 0x00, 0x00, 0x00, 0xff, 0xff, 0xff,
  0xff, 0xff, 0xff, 0x00, 0x00, 0x00, 0x00, 0x00, 0x00, 0x00, 0x00, 0x00, 0x00, 0xff, 0xff, 0xff, 0xff, 0xff, 0xff, 0x00, 0x00, 0x00, 0x00, 0x00,
  0x00, 0x00, 0x00, 0x00, 0x00, 0xff, 0xff, 0xff, 0xff, 0xff, 0xff, 0x00, 0x00, 0x00, 0x00, 0x00, 0x00, 0x00, 0x00, 0x00, 0xff, 0xff, 0xff, 0xff,
  0xff, 0xff, 0xff, 0xff, 0x00, 0x00, 0x00, 0x00, 0x00, 0x00, 0x00, 0x00, 0x00, 0xff, 0xff, 0xff, 0xff, 0xff, 0xff, 0x00, 0x00, 0x00, 0x00, 0x00,
  0x00, 0x00, 0x00, 0x00, 0xff, 0xff, 0xff, 0xff, 0xff, 0xff, 0xff, 0xff, 0x00, 0x00, 0x00, 0x00, 0x00, 0x00, 0x00, 0x00, 0xff, 0xff, 0xff, 0xff,
  0xff, 0xff, 0xff, 0xff, 0x00, 0x00, 0x00, 0x00, 0x00, 0x00, 0x00, 0x00, 0xff, 0xff, 0xff, 0xff, 0xff, 0xff, 0xff, 0xff, 0x00, 0x00, 0x00, 0x00,
  0x00, 0x00, 0x00, 0x00, 0xff, 0xff, 0xff, 0xff, 0xff, 0xff, 0xff, 0xff, 0x00, 0x00, 0x00, 0x00, 0x00, 0x00, 0x00, 0x00, 0x00, 0xff, 0xff, 0xff,
  0xff, 0xff, 0xff, 0x00, 0x00, 0x00, 0x00, 0x00, 0x00, 0x00, 0x00, 0x00, 0xff, 0xff, 0xff, 0xff, 0xff, 0xff, 0xff, 0xff, 0x00, 0x00, 0x00, 0x00,
  0x00, 0x00, 0x00, 0xff, 0xff, 0xff, 0xff, 0xff, 0xff, 0xff, 0xff, 0xff, 0xff, 0x00, 0x00, 0x00, 0x00, 0x00, 0xff, 0xff, 0xff, 0xff, 0xff, 0xff,
  0xff, 0xff, 0xff, 0xff, 0xff, 0xff, 0x00, 0x00, 0x00, 0xff, 0xff, 0xff, 0xff, 0xff, 0xff, 0xff, 0xff, 0xff, 0xff, 0xff, 0xff, 0xff, 0xff, 0x00,
  0xff, 0x00, 0xff, 0xff, 0xff, 0xff, 0xff, 0xff, 0xff, 0xff, 0xff, 0xff, 0xff, 0xff, 0x00, 0xff, 0x00, 0x00, 0xff, 0xff, 0xff, 0xff, 0xff, 0xff,
  0xff, 0xff, 0xff, 0xff, 0xff, 0xff, 0x00, 0x00, 0x00, 0x00, 0xff, 0xff, 0xff, 0xff, 0xff, 0xff, 0xff, 0xff, 0xff, 0xff, 0xff, 0xff, 0x00, 0x00,
  0x00, 0x00, 0x00, 0xff, 0xff, 0xff, 0xff, 0xff, 0xff, 0xff, 0xff, 0xff, 0xff, 0x00, 0x00, 0x00, 0x00, 0x00, 0x00, 0x00, 0xff, 0xff, 0xff, 0xff,
  0xff, 0xff, 0xff, 0xff, 0x00, 0x00, 0x00, 0x00, 0x00, 0x00, 0x00, 0x00, 0x00, 0x00, 0xff, 0xff, 0xff, 0xff, 0x00, 0x00, 0x00, 0x00, 0x00, 0x00,
};
static const lv_image_dsc_t spr_snowman0 = {
    .header = {.magic = LV_IMAGE_HEADER_MAGIC, .cf = LV_COLOR_FORMAT_RGB565A8, .flags = 0,
               .w = 16, .h = 22, .stride = 32, .reserved_2 = 0},
    .data_size = sizeof(spr_snowman0_px),
    .data = spr_snowman0_px,
    .reserved = nullptr,
};

static const uint8_t spr_bird_r1_px[] = {
  0x00, 0x00, 0x00, 0x00, 0x00, 0x00, 0x00, 0x00, 0x00, 0x00, 0x00, 0x00, 0x00, 0x00, 0x00, 0x00, 0x19, 0x54, 0x00, 0x00, 0x00, 0x00, 0x00, 0x00,
  0x00, 0x00, 0x00, 0x00, 0x00, 0x00, 0x00, 0x00, 0x00, 0x00, 0x00, 0x00, 0x00, 0x00, 0x00, 0x00, 0x00, 0x00, 0x00, 0x00, 0x00, 0x00, 0x19, 0x54,
  0x19, 0x54, 0x00, 0x00, 0x00, 0x00, 0x00, 0x00, 0x00, 0x00, 0x00, 0x00, 0x00, 0x00, 0x00, 0x00, 0x00, 0x00, 0x00, 0x00, 0x00, 0x00, 0x00, 0x00,
  0x00, 0x00, 0x00, 0x00, 0x00, 0x00, 0x19, 0x54, 0x19, 0x54, 0x19, 0x54, 0x00, 0x00, 0x00, 0x00, 0x00, 0x00, 0x00, 0x00, 0x00, 0x00, 0x00, 0x00,
  0x00, 0x00, 0x00, 0x00, 0x00, 0x00, 0x00, 0x00, 0x00, 0x00, 0x00, 0x00, 0x19, 0x54, 0x19, 0x54, 0x19, 0x54, 0x19, 0x54, 0x00, 0x00, 0x5c, 0x7d,
  0x5c, 0x7d, 0x5c, 0x7d, 0x00, 0x00, 0x00, 0x00, 0x00, 0x00, 0x00, 0x00, 0x00, 0x00, 0x00, 0x00, 0x00, 0x00, 0x5c, 0x7d, 0x19, 0x54, 0x19, 0x54,
  0x19, 0x54, 0x19, 0x54, 0x19, 0x54, 0x5c, 0x7d, 0xc2, 0x18, 0x5c, 0x7d, 0xe7, 0xfd, 0x00, 0x00, 0x19, 0x54, 0x19, 0x54, 0x19, 0x54, 0x19, 0x54,
  0x5c, 0x7d, 0x19, 0x54, 0x19, 0x54, 0x19, 0x54, 0x19, 0x54, 0x19, 0x54, 0x19, 0x54, 0x5c, 0x7d, 0x5c, 0x7d, 0x5c, 0x7d, 0xe7, 0xfd, 0xe7, 0xfd,
  0x00, 0x00, 0x00, 0x00, 0x19, 0x54, 0x19, 0x54, 0x5c, 0x7d, 0x5c, 0x7d, 0x5c, 0x7d, 0x5c, 0x7d, 0x5c, 0x7d, 0x5c, 0x7d, 0x5c, 0x7d, 0x5c, 0x7d,
  0x5c, 0x7d, 0x5c, 0x7d, 0xe7, 0xfd, 0x00, 0x00, 0x00, 0x00, 0x00, 0x00, 0x00, 0x00, 0x19, 0x54, 0x5c, 0x7d, 0x5c, 0x7d, 0x5c, 0x7d, 0x5c, 0x7d,
  0x5c, 0x7d, 0x5c, 0x7d, 0x5c, 0x7d, 0x5c, 0x7d, 0x00, 0x00, 0x00, 0x00, 0x00, 0x00, 0x00, 0x00, 0x00, 0x00, 0x00, 0x00, 0x00, 0x00, 0x00, 0x00,
  0x00, 0x00, 0x5c, 0x7d, 0x5c, 0x7d, 0x5c, 0x7d, 0x5c, 0x7d, 0x5c, 0x7d, 0x5c, 0x7d, 0x00, 0x00, 0x00, 0x00, 0x00, 0x00, 0x00, 0x00, 0x00, 0x00,
  0x00, 0x00, 0x00, 0x00, 0x00, 0x00, 0x00, 0x00, 0x00, 0x00, 0x00, 0x00, 0x00, 0x00, 0x00, 0x00, 0x00, 0x00, 0x00, 0x00, 0x00, 0x00, 0x00, 0x00,
  0x00, 0x00, 0x00, 0x00, 0x00, 0x00, 0x00, 0x00, 0x00, 0x00, 0x00, 0x00, 0x00, 0x00, 0x00, 0x00, 0xff, 0x00, 0x00, 0x00, 0x00, 0x00, 0x00, 0x00,
  0x00, 0x00, 0x00, 0x00, 0x00, 0x00, 0x00, 0xff, 0xff, 0x00, 0x00, 0x00, 0x00, 0x00, 0x00, 0x00, 0x00, 0x00, 0x00, 0x00, 0x00, 0x00, 0x00, 0xff,
  0xff, 0xff, 0x00, 0x00, 0x00, 0x00, 0x00, 0x00, 0x00, 0x00, 0x00, 0x00, 0x00, 0x00, 0xff, 0xff, 0xff, 0xff, 0x00, 0xff, 0xff, 0xff, 0x00, 0x00,
  0x00, 0x00, 0x00, 0x00, 0x00, 0xff, 0xff, 0xff, 0xff, 0xff, 0xff, 0xff, 0xff, 0xff, 0xff, 0x00, 0xff, 0xff, 0xff, 0xff, 0xff, 0xff, 0xff, 0xff,
  0xff, 0xff, 0xff, 0xff, 0xff, 0xff, 0xff, 0xff, 0x00, 0x00, 0xff, 0xff, 0xff, 0xff, 0xff, 0xff, 0xff, 0xff, 0xff, 0xff, 0xff, 0xff, 0xff, 0x00,
  0x00, 0x00, 0x00, 0xff, 0xff, 0xff, 0xff, 0xff, 0xff, 0xff, 0xff, 0xff, 0x00, 0x00, 0x00, 0x00, 0x00, 0x00, 0x00, 0x00, 0x00, 0xff, 0xff, 0xff,
  0xff, 0xff, 0xff, 0x00, 0x00, 0x00, 0x00, 0x00, 0x00, 0x00, 0x00, 0x00, 0x00, 0x00, 0x00, 0x00, 0x00, 0x00, 0x00, 0x00, 0x00, 0x00, 0x00, 0x00,
};
static const lv_image_dsc_t spr_bird_r1 = {
    .header = {.magic = LV_IMAGE_HEADER_MAGIC, .cf = LV_COLOR_FORMAT_RGB565A8, .flags = 0,
               .w = 16, .h = 10, .stride = 32, .reserved_2 = 0},
    .data_size = sizeof(spr_bird_r1_px),
    .data = spr_bird_r1_px,
    .reserved = nullptr,
};

static const uint8_t spr_bird_l1_px[] = {
  0x00, 0x00, 0x00, 0x00, 0x00, 0x00, 0x00, 0x00, 0x00, 0x00, 0x00, 0x00, 0x00, 0x00, 0x19, 0x54, 0x00, 0x00, 0x00, 0x00, 0x00, 0x00, 0x00, 0x00,
  0x00, 0x00, 0x00, 0x00, 0x00, 0x00, 0x00, 0x00, 0x00, 0x00, 0x00, 0x00, 0x00, 0x00, 0x00, 0x00, 0x00, 0x00, 0x00, 0x00, 0x00, 0x00, 0x19, 0x54,
  0x19, 0x54, 0x00, 0x00, 0x00, 0x00, 0x00, 0x00, 0x00, 0x00, 0x00, 0x00, 0x00, 0x00, 0x00, 0x00, 0x00, 0x00, 0x00, 0x00, 0x00, 0x00, 0x00, 0x00,
  0x00, 0x00, 0x00, 0x00, 0x19, 0x54, 0x19, 0x54, 0x19, 0x54, 0x00, 0x00, 0x00, 0x00, 0x00, 0x00, 0x00, 0x00, 0x00, 0x00, 0x00, 0x00, 0x00, 0x00,
  0x00, 0x00, 0x00, 0x00, 0x5c, 0x7d, 0x5c, 0x7d, 0x5c, 0x7d, 0x00, 0x00, 0x19, 0x54, 0x19, 0x54, 0x19, 0x54, 0x19, 0x54, 0x00, 0x00, 0x00, 0x00,
  0x00, 0x00, 0x00, 0x00, 0x00, 0x00, 0x00, 0x00, 0x00, 0x00, 0xe7, 0xfd, 0x5c, 0x7d, 0xc2, 0x18, 0x5c, 0x7d, 0x19, 0x54, 0x19, 0x54, 0x19, 0x54,
  0x19, 0x54, 0x19, 0x54, 0x5c, 0x7d, 0x00, 0x00, 0x00, 0x00, 0x00, 0x00, 0x00, 0x00, 0x00, 0x00, 0xe7, 0xfd, 0xe7, 0xfd, 0x5c, 0x7d, 0x5c, 0x7d,
  0x5c, 0x7d, 0x19, 0x54, 0x19, 0x54, 0x19, 0x54, 0x19, 0x54, 0x19, 0x54, 0x19, 0x54, 0x5c, 0x7d, 0x19, 0x54, 0x19, 0x54, 0x19, 0x54, 0x19, 0x54,
  0x00, 0x00, 0xe7, 0xfd, 0x5c, 0x7d, 0x5c, 0x7d, 0x5c, 0x7d, 0x5c, 0x7d, 0x5c, 0x7d, 0x5c, 0x7d, 0x5c, 0x7d, 0x5c, 0x7d, 0x5c, 0x7d, 0x5c, 0x7d,
  0x19, 0x54, 0x19, 0x54, 0x00, 0x00, 0x00, 0x00, 0x00, 0x00, 0x00, 0x00, 0x00, 0x00, 0x00, 0x00, 0x5c, 0x7d, 0x5c, 0x7d, 0x5c, 0x7d, 0x5c, 0x7d,
  0x5c, 0x7d, 0x5c, 0x7d, 0x5c, 0x7d, 0x5c, 0x7d, 0x19, 0x54, 0x00, 0x00, 0x00, 0x00, 0x00, 0x00, 0x00, 0x00, 0x00, 0x00, 0x00, 0x00, 0x00, 0x00,
  0x00, 0x00, 0x5c, 0x7d, 0x5c, 0x7d, 0x5c, 0x7d, 0x5c, 0x7d, 0x5c, 0x7d, 0x5c, 0x7d, 0x00, 0x00, 0x00, 0x00, 0x00, 0x00, 0x00, 0x00, 0x00, 0x00,
  0x00, 0x00, 0x00, 0x00, 0x00, 0x00, 0x00, 0x00, 0x00, 0x00, 0x00, 0x00, 0x00, 0x00, 0x00, 0x00, 0x00, 0x00, 0x00, 0x00, 0x00, 0x00, 0x00, 0x00,
  0x00, 0x00, 0x00, 0x00, 0x00, 0x00, 0x00, 0x00, 0x00, 0x00, 0x00, 0x00, 0x00, 0x00, 0x00, 0xff, 0x00, 0x00, 0x00, 0x00, 0x00, 0x00, 0x00, 0x00,
  0x00, 0x00, 0x00, 0x00, 0x00, 0x00, 0x00, 0xff, 0xff, 0x00, 0x00, 0x00, 0x00, 0x00, 0x00, 0x00, 0x00, 0x00, 0x00, 0x00, 0x00, 0x00, 0xff, 0xff,
  0xff, 0x00, 0x00, 0x00, 0x00, 0x00, 0x00, 0x00, 0x00, 0x00, 0xff, 0xff, 0xff, 0x00, 0xff, 0xff, 0xff, 0xff, 0x00, 0x00, 0x00, 0x00, 0x00, 0x00,
  0x00, 0xff, 0xff, 0xff, 0xff, 0xff, 0xff, 0xff, 0xff, 0xff, 0xff, 0x00, 0x00, 0x00, 0x00, 0x00, 0xff, 0xff, 0xff, 0xff, 0xff, 0xff, 0xff, 0xff,
  0xff, 0xff, 0xff, 0xff, 0xff, 0xff, 0xff, 0xff, 0x00, 0xff, 0xff, 0xff, 0xff, 0xff, 0xff, 0xff, 0xff, 0xff, 0xff, 0xff, 0xff, 0xff, 0x00, 0x00,
  0x00, 0x00, 0x00, 0x00, 0xff, 0xff, 0xff, 0xff, 0xff, 0xff, 0xff, 0xff, 0xff, 0x00, 0x00, 0x00, 0x00, 0x00, 0x00, 0x00, 0x00, 0xff, 0xff, 0xff,
  0xff, 0xff, 0xff, 0x00, 0x00, 0x00, 0x00, 0x00, 0x00, 0x00, 0x00, 0x00, 0x00, 0x00, 0x00, 0x00, 0x00, 0x00, 0x00, 0x00, 0x00, 0x00, 0x00, 0x00,
};
static const lv_image_dsc_t spr_bird_l1 = {
    .header = {.magic = LV_IMAGE_HEADER_MAGIC, .cf = LV_COLOR_FORMAT_RGB565A8, .flags = 0,
               .w = 16, .h = 10, .stride = 32, .reserved_2 = 0},
    .data_size = sizeof(spr_bird_l1_px),
    .data = spr_bird_l1_px,
    .reserved = nullptr,
};

static const uint8_t spr_snail_l1_px[] = {
  0x00, 0x00, 0x00, 0x00, 0x00, 0x00, 0x00, 0x00, 0x00, 0x00, 0x00, 0x00, 0x00, 0x00, 0x00, 0x00, 0x00, 0x00, 0x00, 0x00, 0x00, 0x00, 0x00, 0x00,
  0x00, 0x00, 0x00, 0x00, 0x00, 0x00, 0x00, 0x00, 0x00, 0x00, 0x00, 0x00, 0x00, 0x00, 0x00, 0x00, 0x00, 0x00, 0x00, 0x00, 0xc2, 0x18, 0x00, 0x00,
  0x00, 0x00, 0x00, 0x00, 0x00, 0x00, 0x00, 0x00, 0x00, 0x00, 0xc8, 0xb3, 0xc8, 0xb3, 0xc8, 0xb3, 0xc8, 0xb3, 0x00, 0x00, 0x00, 0x00, 0x00, 0x00,
  0x00, 0x00, 0x00, 0x00, 0x00, 0x00, 0x00, 0x00, 0xc2, 0x18, 0x00, 0x00, 0x52, 0xbe, 0x00, 0x00, 0x00, 0x00, 0x00, 0x00, 0x00, 0x00, 0xc8, 0xb3,
  0xc8, 0xb3, 0xc8, 0xb3, 0xc8, 0xb3, 0xc8, 0xb3, 0xc8, 0xb3, 0xc8, 0xb3, 0xc8, 0xb3, 0x00, 0x00, 0x00, 0x00, 0x00, 0x00, 0x00, 0x00, 0x00, 0x00,
  0x52, 0xbe, 0x00, 0x00, 0x52, 0xbe, 0x00, 0x00, 0x00, 0x00, 0x00, 0x00, 0xc8, 0xb3, 0xc8, 0xb3, 0xc8, 0xb3, 0x85, 0x82, 0x85, 0x82, 0x85, 0x82,
  0x85, 0x82, 0xc8, 0xb3, 0xc8, 0xb3, 0xc8, 0xb3, 0x00, 0x00, 0x00, 0x00, 0x00, 0x00, 0x00, 0x00, 0x52, 0xbe, 0x00, 0x00, 0x52, 0xbe, 0x00, 0x00,
  0x00, 0x00, 0xc8, 0xb3, 0xc8, 0xb3, 0xc8, 0xb3, 0xc8, 0xb3, 0xc8, 0xb3, 0xc8, 0xb3, 0xc8, 0xb3, 0xc8, 0xb3, 0x85, 0x82, 0xc8, 0xb3, 0xc8, 0xb3,
  0xc8, 0xb3, 0x00, 0x00, 0x00, 0x00, 0x00, 0x00, 0x52, 0xbe, 0x00, 0x00, 0x52, 0xbe, 0x00, 0x00, 0x00, 0x00, 0xc8, 0xb3, 0xc8, 0xb3, 0xc8, 0xb3,
  0xc8, 0xb3, 0xc8, 0xb3, 0x85, 0x82, 0x85, 0x82, 0xc8, 0xb3, 0xc8, 0xb3, 0x85, 0x82, 0xc8, 0xb3, 0xc8, 0xb3, 0x00, 0x00, 0x00, 0x00, 0x00, 0x00,
  0x52, 0xbe, 0x52, 0xbe, 0x52, 0xbe, 0x52, 0xbe, 0x00, 0x00, 0xc8, 0xb3, 0xc8, 0xb3, 0x85, 0x82, 0xc8, 0xb3, 0xc8, 0xb3, 0xc8, 0xb3, 0xc8, 0xb3,
  0x85, 0x82, 0xc8, 0xb3, 0x85, 0x82, 0xc8, 0xb3, 0xc8, 0xb3, 0x00, 0x00, 0x00, 0x00, 0x00, 0x00, 0x52, 0xbe, 0x52, 0xbe, 0x52, 0xbe, 0x52, 0xbe,
  0x52, 0xbe, 0xc8, 0xb3, 0xc8, 0xb3, 0x85, 0x82, 0xc8, 0xb3, 0x85, 0x82, 0xc8, 0xb3, 0xc8, 0xb3, 0x85, 0x82, 0xc8, 0xb3, 0x85, 0x82, 0xc8, 0xb3,
  0xc8, 0xb3, 0x00, 0x00, 0x00, 0x00, 0x00, 0x00, 0x52, 0xbe, 0x52, 0xbe, 0x52, 0xbe, 0x52, 0xbe, 0x52, 0xbe, 0x00, 0x00, 0xc8, 0xb3, 0xc8, 0xb3,
  0x85, 0x82, 0xc8, 0xb3, 0x85, 0x82, 0x85, 0x82, 0xc8, 0xb3, 0x85, 0x82, 0xc8, 0xb3, 0xc8, 0xb3, 0x00, 0x00, 0x00, 0x00, 0x00, 0x00, 0x00, 0x00,
  0x52, 0xbe, 0x52, 0xbe, 0x52, 0xbe, 0x52, 0xbe, 0x52, 0xbe, 0x52, 0xbe, 0x52, 0xbe, 0xc8, 0xb3, 0xc8, 0xb3, 0x85, 0x82, 0x85, 0x82, 0x85, 0x82,
  0x85, 0x82, 0xc8, 0xb3, 0xc8, 0xb3, 0x52, 0xbe, 0x52, 0xbe, 0x52, 0xbe, 0x00, 0x00, 0x00, 0x00, 0x52, 0xbe, 0x52, 0xbe, 0x52, 0xbe, 0x52, 0xbe,
  0x52, 0xbe, 0x52, 0xbe, 0x52, 0xbe, 0x52, 0xbe, 0x52, 0xbe, 0xc8, 0xb3, 0xc8, 0xb3, 0xc8, 0xb3, 0xc8, 0xb3, 0x52, 0xbe, 0x52, 0xbe, 0x52, 0xbe,
  0x52, 0xbe, 0x52, 0xbe, 0x00, 0x00, 0x00, 0x00, 0x00, 0x00, 0x52, 0xbe, 0x52, 0xbe, 0x52, 0xbe, 0x52, 0xbe, 0x52, 0xbe, 0x52, 0xbe, 0x52, 0xbe,
  0x52, 0xbe, 0x52, 0xbe, 0x52, 0xbe, 0x52, 0xbe, 0x52, 0xbe, 0x52, 0xbe, 0x52, 0xbe, 0x52, 0xbe, 0x52, 0xbe, 0x52, 0xbe, 0x00, 0x00, 0x00, 0x00,
  0x00, 0x00, 0x00, 0x00, 0x00, 0x00, 0x00, 0x00, 0x00, 0x00, 0x00, 0x00, 0x00, 0x00, 0x00, 0x00, 0x00, 0x00, 0x00, 0x00, 0x00, 0x00, 0xff, 0x00,
  0x00, 0x00, 0x00, 0x00, 0x00, 0xff, 0xff, 0xff, 0xff, 0x00, 0x00, 0x00, 0x00, 0x00, 0x00, 0x00, 0xff, 0x00, 0xff, 0x00, 0x00, 0x00, 0x00, 0xff,
  0xff, 0xff, 0xff, 0xff, 0xff, 0xff, 0xff, 0x00, 0x00, 0x00, 0x00, 0x00, 0xff, 0x00, 0xff, 0x00, 0x00, 0x00, 0xff, 0xff, 0xff, 0xff, 0xff, 0xff,
  0xff, 0xff, 0xff, 0xff, 0x00, 0x00, 0x00, 0x00, 0xff, 0x00, 0xff, 0x00, 0x00, 0xff, 0xff, 0xff, 0xff, 0xff, 0xff, 0xff, 0xff, 0xff, 0xff, 0xff,
  0xff, 0x00, 0x00, 0x00, 0xff, 0x00, 0xff, 0x00, 0x00, 0xff, 0xff, 0xff, 0xff, 0xff, 0xff, 0xff, 0xff, 0xff, 0xff, 0xff, 0xff, 0x00, 0x00, 0x00,
  0xff, 0xff, 0xff, 0xff, 0x00, 0xff, 0xff, 0xff, 0xff, 0xff, 0xff, 0xff, 0xff, 0xff, 0xff, 0xff, 0xff, 0x00, 0x00, 0x00, 0xff, 0xff, 0xff, 0xff,
  0xff, 0xff, 0xff, 0xff, 0xff, 0xff, 0xff, 0xff, 0xff, 0xff, 0xff, 0xff, 0xff, 0x00, 0x00, 0x00, 0xff, 0xff, 0xff, 0xff, 0xff, 0x00, 0xff, 0xff,
  0xff, 0xff, 0xff, 0xff, 0xff, 0xff, 0xff, 0xff, 0x00, 0x00, 0x00, 0x00, 0xff, 0xff, 0xff, 0xff, 0xff, 0xff, 0xff, 0xff, 0xff, 0xff, 0xff, 0xff,
  0xff, 0xff, 0xff, 0xff, 0xff, 0xff, 0x00, 0x00, 0xff, 0xff, 0xff, 0xff, 0xff, 0xff, 0xff, 0xff, 0xff, 0xff, 0xff, 0xff, 0xff, 0xff, 0xff, 0xff,
  0xff, 0xff, 0x00, 0x00, 0x00, 0xff, 0xff, 0xff, 0xff, 0xff, 0xff, 0xff, 0xff, 0xff, 0xff, 0xff, 0xff, 0xff, 0xff, 0xff, 0xff, 0xff, 0x00, 0x00,
};
static const lv_image_dsc_t spr_snail_l1 = {
    .header = {.magic = LV_IMAGE_HEADER_MAGIC, .cf = LV_COLOR_FORMAT_RGB565A8, .flags = 0,
               .w = 20, .h = 12, .stride = 40, .reserved_2 = 0},
    .data_size = sizeof(spr_snail_l1_px),
    .data = spr_snail_l1_px,
    .reserved = nullptr,
};

static const uint8_t spr_snowman1_px[] = {
  0x00, 0x00, 0x00, 0x00, 0x00, 0x00, 0x00, 0x00, 0x00, 0x00, 0x00, 0x00, 0x00, 0x00, 0x00, 0x00, 0x00, 0x00, 0x00, 0x00, 0x00, 0x00, 0x00, 0x00,
  0x00, 0x00, 0x00, 0x00, 0x00, 0x00, 0x00, 0x00, 0x00, 0x00, 0x00, 0x00, 0x00, 0x00, 0x00, 0x00, 0x00, 0x00, 0x46, 0x29, 0x46, 0x29, 0x46, 0x29,
  0x46, 0x29, 0x46, 0x29, 0x46, 0x29, 0x00, 0x00, 0x00, 0x00, 0x00, 0x00, 0x00, 0x00, 0x00, 0x00, 0x00, 0x00, 0x00, 0x00, 0x00, 0x00, 0x00, 0x00,
  0x00, 0x00, 0x46, 0x29, 0x46, 0x29, 0x46, 0x29, 0x46, 0x29, 0x46, 0x29, 0x46, 0x29, 0x00, 0x00, 0x00, 0x00, 0x00, 0x00, 0x00, 0x00, 0x00, 0x00,
  0x00, 0x00, 0x00, 0x00, 0x00, 0x00, 0x00, 0x00, 0x00, 0x00, 0x46, 0x29, 0x46, 0x29, 0x46, 0x29, 0x46, 0x29, 0x46, 0x29, 0x46, 0x29, 0x00, 0x00,
  0x00, 0x00, 0x00, 0x00, 0x00, 0x00, 0x00, 0x00, 0x00, 0x00, 0x00, 0x00, 0x00, 0x00, 0x00, 0x00, 0x00, 0x00, 0x46, 0x29, 0x46, 0x29, 0x46, 0x29,
  0x46, 0x29, 0x46, 0x29, 0x46, 0x29, 0x00, 0x00, 0x00, 0x00, 0x00, 0x00, 0x00, 0x00, 0x00, 0x00, 0x00, 0x00, 0x00, 0x00, 0x00, 0x00, 0x00, 0x00,
  0x46, 0x29, 0x46, 0x29, 0x46, 0x29, 0x46, 0x29, 0x46, 0x29, 0x46, 0x29, 0x46, 0x29, 0x46, 0x29, 0x00, 0x00, 0x00, 0x00, 0x00, 0x00, 0x00, 0x00,
  0x00, 0x00, 0x00, 0x00, 0x00, 0x00, 0x00, 0x00, 0x00, 0x00, 0x9f, 0xef, 0x9f, 0xef, 0x9f, 0xef, 0x9f, 0xef, 0x9f, 0xef, 0x9f, 0xef, 0x00, 0x00,
  0x00, 0x00, 0x00, 0x00, 0x00, 0x00, 0x00, 0x00, 0x00, 0x00, 0x00, 0x00, 0x00, 0x00, 0x00, 0x00, 0x9f, 0xef, 0x9f, 0xef, 0xc2, 0x18, 0x9f, 0xef,
  0x9f, 0xef, 0xc2, 0x18, 0x9f, 0xef, 0x9f, 0xef, 0x00, 0x00, 0x00, 0x00, 0x00, 0x00, 0x00, 0x00, 0x00, 0x00, 0x00, 0x00, 0x00, 0x00, 0x00, 0x00,
  0x9f, 0xef, 0x9f, 0xef, 0x9f, 0xef, 0x9f, 0xef, 0x9f, 0xef, 0x9f, 0xef, 0x9f, 0xef, 0x9f, 0xef, 0x00, 0x00, 0x00, 0x00, 0x00, 0x00, 0x00, 0x00,
  0xe7, 0x8a, 0x00, 0x00, 0x00, 0x00, 0x00, 0x00, 0x9f, 0xef, 0x9f, 0xef, 0x9f, 0xef, 0x9f, 0xef, 0x65, 0xfc, 0x65, 0xfc, 0x65, 0xfc, 0x9f, 0xef,
  0x00, 0x00, 0x00, 0x00, 0x00, 0x00, 0xe7, 0x8a, 0x00, 0x00, 0xe7, 0x8a, 0x00, 0x00, 0x00, 0x00, 0x9f, 0xef, 0x9f, 0xef, 0x9f, 0xef, 0x9f, 0xef,
  0x9f, 0xef, 0x9f, 0xef, 0x9f, 0xef, 0x9f, 0xef, 0x00, 0x00, 0x00, 0x00, 0xe7, 0x8a, 0x00, 0x00, 0x00, 0x00, 0xe7, 0x8a, 0x00, 0x00, 0x00, 0x00,
  0x00, 0x00, 0x9f, 0xef, 0x9f, 0xef, 0x9f, 0xef, 0x9f, 0xef, 0x9f, 0xef, 0x9f, 0xef, 0x00, 0x00, 0x00, 0x00, 0x00, 0x00, 0xe7, 0x8a, 0x00, 0x00,
  0x00, 0x00, 0x00, 0x00, 0xe7, 0x8a, 0x00, 0x00, 0x9f, 0xef, 0x9f, 0xef, 0x9f, 0xef, 0x9f, 0xef, 0x9f, 0xef, 0x9f, 0xef, 0x9f, 0xef, 0x9f, 0xef,
  0x00, 0x00, 0xe7, 0x8a, 0x00, 0x00, 0x00, 0x00, 0x00, 0x00, 0x00, 0x00, 0x00, 0x00, 0xe7, 0x8a, 0x9f, 0xef, 0x9f, 0xef, 0x9f, 0xef, 0x9f, 0xef,
  0x9f, 0xef, 0x9f, 0xef, 0x9f, 0xef, 0x9f, 0xef, 0xe7, 0x8a, 0x00, 0x00, 0x00, 0x00, 0x00, 0x00, 0x00, 0x00, 0x00, 0x00, 0x9f, 0xef, 0x9f, 0xef,
  0x9f, 0xef, 0x9f, 0xef, 0x9f, 0xef, 0xc2, 0x18, 0x9f, 0xef, 0x9f, 0xef, 0x9f, 0xef, 0x9f, 0xef, 0x9f, 0xef, 0x9f, 0xef, 0x00, 0x00, 0x00, 0x00,
  0x00, 0x00, 0x00, 0x00, 0x9f, 0xef, 0x9f, 0xef, 0x9f, 0xef, 0x9f, 0xef, 0x9f, 0xef, 0x9f, 0xef, 0x9f, 0xef, 0x9f, 0xef, 0x9f, 0xef, 0x9f, 0xef,
  0x9f, 0xef, 0x9f, 0xef, 0x00, 0x00, 0x00, 0x00, 0x00, 0x00, 0x00, 0x00, 0x9f, 0xef, 0x9f, 0xef, 0x9f, 0xef, 0x9f, 0xef, 0x9f, 0xef, 0x9f, 0xef,
  0x9f, 0xef, 0x9f, 0xef, 0x9f, 0xef, 0x9f, 0xef, 0x9f, 0xef, 0x9f, 0xef, 0x00, 0x00, 0x00, 0x00, 0x00, 0x00, 0x00, 0x00, 0x9f, 0xef, 0x9f, 0xef,
  0x9f, 0xef, 0x9f, 0xef, 0x9f, 0xef, 0xc2, 0x18, 0x9f, 0xef, 0x9f, 0xef, 0x9f, 0xef, 0x9f, 0xef, 0x9f, 0xef, 0x9f, 0xef, 0x00, 0x00, 0x00, 0x00,
  0x00, 0x00, 0x00, 0x00, 0x9f, 0xef, 0x9f, 0xef, 0x9f, 0xef, 0x9f, 0xef, 0x9f, 0xef, 0x9f, 0xef, 0x9f, 0xef, 0x9f, 0xef, 0x9f, 0xef, 0x9f, 0xef,
  0x9f, 0xef, 0x9f, 0xef, 0x00, 0x00, 0x00, 0x00, 0x00, 0x00, 0x00, 0x00, 0x00, 0x00, 0x9f, 0xef, 0x9f, 0xef, 0x9f, 0xef, 0x9f, 0xef, 0x9f, 0xef,
  0x9f, 0xef, 0x9f, 0xef, 0x9f, 0xef, 0x9f, 0xef, 0x9f, 0xef, 0x00, 0x00, 0x00, 0x00, 0x00, 0x00, 0x00, 0x00, 0x00, 0x00, 0x00, 0x00, 0x00, 0x00,
  0x9f, 0xef, 0x9f, 0xef, 0x9f, 0xef, 0x9f, 0xef, 0x9f, 0xef, 0x9f, 0xef, 0x9f, 0xef, 0x9f, 0xef, 0x00, 0x00, 0x00, 0x00, 0x00, 0x00, 0x00, 0x00,
  0x00, 0x00, 0x00, 0x00, 0x00, 0x00, 0x00, 0x00, 0x00, 0x00, 0x00, 0x00, 0x9f, 0xef, 0x9f, 0xef, 0x9f, 0xef, 0x9f, 0xef, 0x00, 0x00, 0x00, 0x00,
  0x00, 0x00, 0x00, 0x00, 0x00, 0x00, 0x00, 0x00, 0x00, 0x00, 0x00, 0x00, 0x00, 0x00, 0x00, 0x00, 0x00, 0x00, 0x00, 0x00, 0x00, 0x00, 0x00, 0x00,
  0x00, 0x00, 0x00, 0x00, 0x00, 0xff, 0xff, 0xff, 0xff, 0xff, 0xff, 0x00, 0x00, 0x00, 0x00, 0x00, 0x00, 0x00, 0x00, 0x00, 0x00, 0xff, 0xff, 0xff,
  0xff, 0xff, 0xff, 0x00, 0x00, 0x00, 0x00, 0x00, 0x00, 0x00, 0x00, 0x00, 0x00, 0xff, 0xff, 0xff, 0xff, 0xff, 0xff, 0x00, 0x00, 0x00, 0x00, 0x00,
  0x00, 0x00, 0x00, 0x00, 0x00, 0xff, 0xff, 0xff, 0xff, 0xff, 0xff, 0x00, 0x00, 0x00, 0x00, 0x00, 0x00, 0x00, 0x00, 0x00, 0xff, 0xff, 0xff, 0xff,
  0xff, 0xff, 0xff, 0xff, 0x00, 0x00, 0x00, 0x00, 0x00, 0x00, 0x00, 0x00, 0x00, 0xff, 0xff, 0xff, 0xff, 0xff, 0xff, 0x00, 0x00, 0x00, 0x00, 0x00,
  0x00, 0x00, 0x00, 0x00, 0xff, 0xff, 0xff, 0xff, 0xff, 0xff, 0xff, 0xff, 0x00, 0x00, 0x00, 0x00, 0x00, 0x00, 0x00, 0x00, 0xff, 0xff, 0xff, 0xff,
  0xff, 0xff, 0xff, 0xff, 0x00, 0x00, 0x00, 0x00, 0xff, 0x00, 0x00, 0x00, 0xff, 0xff, 0xff, 0xff, 0xff, 0xff, 0xff, 0xff, 0x00, 0x00, 0x00, 0xff,
  0x00, 0xff, 0x00, 0x00, 0xff, 0xff, 0xff, 0xff, 0xff, 0xff, 0xff, 0xff, 0x00, 0x00, 0xff, 0x00, 0x00, 0xff, 0x00, 0x00, 0x00, 0xff, 0xff, 0xff,
  0xff, 0xff, 0xff, 0x00, 0x00, 0x00, 0xff, 0x00, 0x00, 0x00, 0xff, 0x00, 0xff, 0xff, 0xff, 0xff, 0xff, 0xff, 0xff, 0xff, 0x00, 0xff, 0x00, 0x00,
  0x00, 0x00, 0x00, 0xff, 0xff, 0xff, 0xff, 0xff, 0xff, 0xff, 0xff, 0xff, 0xff, 0x00, 0x00, 0x00, 0x00, 0x00, 0xff, 0xff, 0xff, 0xff, 0xff, 0xff,
  0xff, 0xff, 0xff, 0xff, 0xff, 0xff, 0x00, 0x00, 0x00, 0x00, 0xff, 0xff, 0xff, 0xff, 0xff, 0xff, 0xff, 0xff, 0xff, 0xff, 0xff, 0xff, 0x00, 0x00,
  0x00, 0x00, 0xff, 0xff, 0xff, 0xff, 0xff, 0xff, 0xff, 0xff, 0xff, 0xff, 0xff, 0xff, 0x00, 0x00, 0x00, 0x00, 0xff, 0xff, 0xff, 0xff, 0xff, 0xff,
  0xff, 0xff, 0xff, 0xff, 0xff, 0xff, 0x00, 0x00, 0x00, 0x00, 0xff, 0xff, 0xff, 0xff, 0xff, 0xff, 0xff, 0xff, 0xff, 0xff, 0xff, 0xff, 0x00, 0x00,
  0x00, 0x00, 0x00, 0xff, 0xff, 0xff, 0xff, 0xff, 0xff, 0xff, 0xff, 0xff, 0xff, 0x00, 0x00, 0x00, 0x00, 0x00, 0x00, 0x00, 0xff, 0xff, 0xff, 0xff,
  0xff, 0xff, 0xff, 0xff, 0x00, 0x00, 0x00, 0x00, 0x00, 0x00, 0x00, 0x00, 0x00, 0x00, 0xff, 0xff, 0xff, 0xff, 0x00, 0x00, 0x00, 0x00, 0x00, 0x00,
};
static const lv_image_dsc_t spr_snowman1 = {
    .header = {.magic = LV_IMAGE_HEADER_MAGIC, .cf = LV_COLOR_FORMAT_RGB565A8, .flags = 0,
               .w = 16, .h = 22, .stride = 32, .reserved_2 = 0},
    .data_size = sizeof(spr_snowman1_px),
    .data = spr_snowman1_px,
    .reserved = nullptr,
};

static const uint8_t spr_owl0_px[] = {
  0x00, 0x00, 0x00, 0x00, 0x6a, 0x8b, 0x00, 0x00, 0x00, 0x00, 0x00, 0x00, 0x00, 0x00, 0x00, 0x00, 0x00, 0x00, 0x00, 0x00, 0x00, 0x00, 0x6a, 0x8b,
  0x00, 0x00, 0x00, 0x00, 0x00, 0x00, 0x00, 0x00, 0x6a, 0x8b, 0x6a, 0x8b, 0x00, 0x00, 0x00, 0x00, 0x00, 0x00, 0x00, 0x00, 0x00, 0x00, 0x00, 0x00,
  0x6a, 0x8b, 0x6a, 0x8b, 0x00, 0x00, 0x00, 0x00, 0x00, 0x00, 0x00, 0x00, 0x6a, 0x8b, 0x6a, 0x8b, 0x6a, 0x8b, 0x00, 0x00, 0x00, 0x00, 0x00, 0x00,
  0x00, 0x00, 0x6a, 0x8b, 0x6a, 0x8b, 0x6a, 0x8b, 0x00, 0x00, 0x00, 0x00, 0x00, 0x00, 0x6a, 0x8b, 0x6a, 0x8b, 0x6a, 0x8b, 0x6a, 0x8b, 0x6a, 0x8b,
  0x6a, 0x8b, 0x6a, 0x8b, 0x6a, 0x8b, 0x6a, 0x8b, 0x6a, 0x8b, 0x6a, 0x8b, 0x6a, 0x8b, 0x00, 0x00, 0x00, 0x00, 0x6a, 0x8b, 0x6a, 0x8b, 0xa9, 0xfe,
  0xa9, 0xfe, 0xa9, 0xfe, 0x6a, 0x8b, 0x6a, 0x8b, 0xa9, 0xfe, 0xa9, 0xfe, 0xa9, 0xfe, 0x6a, 0x8b, 0x6a, 0x8b, 0x00, 0x00, 0x00, 0x00, 0x6a, 0x8b,
  0xa9, 0xfe, 0xa9, 0xfe, 0xa9, 0xfe, 0xa9, 0xfe, 0xa9, 0xfe, 0xa9, 0xfe, 0xa9, 0xfe, 0xa9, 0xfe, 0xa9, 0xfe, 0xa9, 0xfe, 0x6a, 0x8b, 0x00, 0x00,
  0x00, 0x00, 0x00, 0x00, 0xa9, 0xfe, 0xa9, 0xfe, 0xc2, 0x18, 0xa9, 0xfe, 0xa9, 0xfe, 0xa9, 0xfe, 0xa9, 0xfe, 0xc2, 0x18, 0xa9, 0xfe, 0xa9, 0xfe,
  0x00, 0x00, 0x00, 0x00, 0x00, 0x00, 0x6a, 0x8b, 0xa9, 0xfe, 0xa9, 0xfe, 0xa9, 0xfe, 0xa9, 0xfe, 0xa9, 0xfe, 0xa9, 0xfe, 0xa9, 0xfe, 0xa9, 0xfe,
  0xa9, 0xfe, 0xa9, 0xfe, 0x6a, 0x8b, 0x00, 0x00, 0x00, 0x00, 0x6a, 0x8b, 0x6a, 0x8b, 0xa9, 0xfe, 0xa9, 0xfe, 0xa9, 0xfe, 0xa5, 0xfc, 0xa5, 0xfc,
  0xa9, 0xfe, 0xa9, 0xfe, 0xa9, 0xfe, 0x6a, 0x8b, 0x6a, 0x8b, 0x00, 0x00, 0x00, 0x00, 0x6a, 0x8b, 0x6a, 0x8b, 0x6a, 0x8b, 0x6a, 0x8b, 0x6a, 0x8b,
  0xa5, 0xfc, 0xb1, 0xcd, 0x6a, 0x8b, 0x6a, 0x8b, 0x6a, 0x8b, 0x6a, 0x8b, 0x6a, 0x8b, 0x00, 0x00, 0x00, 0x00, 0x6a, 0x8b, 0x6a, 0x8b, 0x6a, 0x8b,
  0x6a, 0x8b, 0xb1, 0xcd, 0xa5, 0xfc, 0xb1, 0xcd, 0xb1, 0xcd, 0x6a, 0x8b, 0x6a, 0x8b, 0x6a, 0x8b, 0x6a, 0x8b, 0x00, 0x00, 0x00, 0x00, 0x6a, 0x8b,
  0x6a, 0x8b, 0x6a, 0x8b, 0xb1, 0xcd, 0x46, 0x5a, 0xb1, 0xcd, 0xb1, 0xcd, 0x46, 0x5a, 0xb1, 0xcd, 0x6a, 0x8b, 0x6a, 0x8b, 0x6a, 0x8b, 0x00, 0x00,
  0x00, 0x00, 0x6a, 0x8b, 0x6a, 0x8b, 0x6a, 0x8b, 0xb1, 0xcd, 0xb1, 0xcd, 0xb1, 0xcd, 0xb1, 0xcd, 0xb1, 0xcd, 0xb1, 0xcd, 0x6a, 0x8b, 0x6a, 0x8b,
  0x6a, 0x8b, 0x00, 0x00, 0x00, 0x00, 0x00, 0x00, 0x6a, 0x8b, 0x6a, 0x8b, 0xb1, 0xcd, 0x46, 0x5a, 0xb1, 0xcd, 0xb1, 0xcd, 0x46, 0x5a, 0xb1, 0xcd,
  0x6a, 0x8b, 0x6a, 0x8b, 0x00, 0x00, 0x00, 0x00, 0x00, 0x00, 0x00, 0x00, 0x00, 0x00, 0x6a, 0x8b, 0xb1, 0xcd, 0xb1, 0xcd, 0xb1, 0xcd, 0xb1, 0xcd,
  0xb1, 0xcd, 0xb1, 0xcd, 0x6a, 0x8b, 0x00, 0x00, 0x00, 0x00, 0x00, 0x00, 0x00, 0x00, 0x00, 0x00, 0x00, 0x00, 0x00, 0x00, 0x6a, 0x8b, 0xb1, 0xcd,
  0xb1, 0xcd, 0xb1, 0xcd, 0xb1, 0xcd, 0x6a, 0x8b, 0x00, 0x00, 0x00, 0x00, 0x00, 0x00, 0x00, 0x00, 0x00, 0x00, 0x00, 0x00, 0x00, 0x00, 0x00, 0x00,
  0x00, 0x00, 0xa5, 0xfc, 0xb1, 0xcd, 0xb1, 0xcd, 0xa5, 0xfc, 0x00, 0x00, 0x00, 0x00, 0x00, 0x00, 0x00, 0x00, 0x00, 0x00, 0x86, 0x6a, 0x86, 0x6a,
  0x86, 0x6a, 0x86, 0x6a, 0x86, 0x6a, 0x86, 0x6a, 0x86, 0x6a, 0x86, 0x6a, 0x86, 0x6a, 0x86, 0x6a, 0x86, 0x6a, 0x86, 0x6a, 0x86, 0x6a, 0x86, 0x6a,
  0x00, 0x00, 0xff, 0x00, 0x00, 0x00, 0x00, 0x00, 0x00, 0x00, 0x00, 0xff, 0x00, 0x00, 0x00, 0x00, 0xff, 0xff, 0x00, 0x00, 0x00, 0x00, 0x00, 0x00,
  0xff, 0xff, 0x00, 0x00, 0x00, 0x00, 0xff, 0xff, 0xff, 0x00, 0x00, 0x00, 0x00, 0xff, 0xff, 0xff, 0x00, 0x00, 0x00, 0xff, 0xff, 0xff, 0xff, 0xff,
  0xff, 0xff, 0xff, 0xff, 0xff, 0xff, 0xff, 0x00, 0x00, 0xff, 0xff, 0xff, 0xff, 0xff, 0xff, 0xff, 0xff, 0xff, 0xff, 0xff, 0xff, 0x00, 0x00, 0xff,
  0xff, 0xff, 0xff, 0xff, 0xff, 0xff, 0xff, 0xff, 0xff, 0xff, 0xff, 0x00, 0x00, 0x00, 0xff, 0xff, 0xff, 0xff, 0xff, 0xff, 0xff, 0xff, 0xff, 0xff,
  0x00, 0x00, 0x00, 0xff, 0xff, 0xff, 0xff, 0xff, 0xff, 0xff, 0xff, 0xff, 0xff, 0xff, 0xff, 0x00, 0x00, 0xff, 0xff, 0xff, 0xff, 0xff, 0xff, 0xff,
  0xff, 0xff, 0xff, 0xff, 0xff, 0x00, 0x00, 0xff, 0xff, 0xff, 0xff, 0xff, 0xff, 0xff, 0xff, 0xff, 0xff, 0xff, 0xff, 0x00, 0x00, 0xff, 0xff, 0xff,
  0xff, 0xff, 0xff, 0xff, 0xff, 0xff, 0xff, 0xff, 0xff, 0x00, 0x00, 0xff, 0xff, 0xff, 0xff, 0xff, 0xff, 0xff, 0xff, 0xff, 0xff, 0xff, 0xff, 0x00,
  0x00, 0xff, 0xff, 0xff, 0xff, 0xff, 0xff, 0xff, 0xff, 0xff, 0xff, 0xff, 0xff, 0x00, 0x00, 0x00, 0xff, 0xff, 0xff, 0xff, 0xff, 0xff, 0xff, 0xff,
  0xff, 0xff, 0x00, 0x00, 0x00, 0x00, 0x00, 0xff, 0xff, 0xff, 0xff, 0xff, 0xff, 0xff, 0xff, 0x00, 0x00, 0x00, 0x00, 0x00, 0x00, 0x00, 0xff, 0xff,
  0xff, 0xff, 0xff, 0xff, 0x00, 0x00, 0x00, 0x00, 0x00, 0x00, 0x00, 0x00, 0x00, 0xff, 0xff, 0xff, 0xff, 0x00, 0x00, 0x00, 0x00, 0x00, 0xff, 0xff,
  0xff, 0xff, 0xff, 0xff, 0xff, 0xff, 0xff, 0xff, 0xff, 0xff, 0xff, 0xff,
};
static const lv_image_dsc_t spr_owl0 = {
    .header = {.magic = LV_IMAGE_HEADER_MAGIC, .cf = LV_COLOR_FORMAT_RGB565A8, .flags = 0,
               .w = 14, .h = 18, .stride = 28, .reserved_2 = 0},
    .data_size = sizeof(spr_owl0_px),
    .data = spr_owl0_px,
    .reserved = nullptr,
};

static const uint8_t spr_butterfly0_px[] = {
  0x00, 0x00, 0x00, 0x00, 0x80, 0xfc, 0x80, 0xfc, 0x80, 0xfc, 0xe3, 0x28, 0x00, 0x00, 0x00, 0x00, 0xe3, 0x28, 0x80, 0xfc, 0x80, 0xfc, 0x80, 0xfc,
  0x00, 0x00, 0x00, 0x00, 0x00, 0x00, 0x80, 0xfc, 0x80, 0xfc, 0x80, 0xfc, 0x80, 0xfc, 0x80, 0xfc, 0x00, 0x00, 0x00, 0x00, 0x80, 0xfc, 0x80, 0xfc,
  0x80, 0xfc, 0x80, 0xfc, 0x80, 0xfc, 0x00, 0x00, 0x80, 0xfc, 0x80, 0xfc, 0x80, 0xfc, 0x52, 0xff, 0x80, 0xfc, 0x80, 0xfc, 0xe3, 0x28, 0xe3, 0x28,
  0x80, 0xfc, 0x80, 0xfc, 0x52, 0xff, 0x80, 0xfc, 0x80, 0xfc, 0x80, 0xfc, 0x80, 0xfc, 0x80, 0xfc, 0x80, 0xfc, 0x80, 0xfc, 0x80, 0xfc, 0x80, 0xfc,
  0xe3, 0x28, 0xe3, 0x28, 0x80, 0xfc, 0x80, 0xfc, 0x80, 0xfc, 0x80, 0xfc, 0x80, 0xfc, 0x80, 0xfc, 0x00, 0x00, 0x80, 0xfc, 0x80, 0xfc, 0x80, 0xfc,
  0x80, 0xfc, 0x80, 0xfc, 0xe3, 0x28, 0xe3, 0x28, 0x80, 0xfc, 0x80, 0xfc, 0x80, 0xfc, 0x80, 0xfc, 0x80, 0xfc, 0x00, 0x00, 0x00, 0x00, 0x00, 0x00,
  0x36, 0x99, 0x36, 0x99, 0x36, 0x99, 0x36, 0x99, 0xe3, 0x28, 0xe3, 0x28, 0x36, 0x99, 0x36, 0x99, 0x36, 0x99, 0x36, 0x99, 0x00, 0x00, 0x00, 0x00,
  0x00, 0x00, 0x36, 0x99, 0x36, 0x99, 0x36, 0x99, 0x36, 0x99, 0x36, 0x99, 0xe3, 0x28, 0xe3, 0x28, 0x36, 0x99, 0x36, 0x99, 0x36, 0x99, 0x36, 0x99,
  0x36, 0x99, 0x00, 0x00, 0x00, 0x00, 0x36, 0x99, 0x36, 0x99, 0x36, 0x99, 0x36, 0x99, 0x36, 0x99, 0xe3, 0x28, 0xe3, 0x28, 0x36, 0x99, 0x36, 0x99,
  0x36, 0x99, 0x36, 0x99, 0x36, 0x99, 0x00, 0x00, 0x00, 0x00, 0x36, 0x99, 0x36, 0x99, 0x36, 0x99, 0x36, 0x99, 0x36, 0x99, 0xe3, 0x28, 0xe3, 0x28,
  0x36, 0x99, 0x36, 0x99, 0x36, 0x99, 0x36, 0x99, 0x36, 0x99, 0x00, 0x00, 0x00, 0x00, 0x00, 0x00, 0x36, 0x99, 0x36, 0x99, 0x36, 0x99, 0x36, 0x99,
  0x00, 0x00, 0x00, 0x00, 0x36, 0x99, 0x36, 0x99, 0x36, 0x99, 0x36, 0x99, 0x00, 0x00, 0x00, 0x00, 0x00, 0x00, 0xff, 0xff, 0xff, 0xff, 0x00, 0x00,
  0xff, 0xff, 0xff, 0xff, 0x00, 0x00, 0x00, 0xff, 0xff, 0xff, 0xff, 0xff, 0x00, 0x00, 0xff, 0xff, 0xff, 0xff, 0xff, 0x00, 0xff, 0xff, 0xff, 0xff,
  0xff, 0xff, 0xff, 0xff, 0xff, 0xff, 0xff, 0xff, 0xff, 0xff, 0xff, 0xff, 0xff, 0xff, 0xff, 0xff, 0xff, 0xff, 0xff, 0xff, 0xff, 0xff, 0xff, 0xff,
  0x00, 0xff, 0xff, 0xff, 0xff, 0xff, 0xff, 0xff, 0xff, 0xff, 0xff, 0xff, 0xff, 0x00, 0x00, 0x00, 0xff, 0xff, 0xff, 0xff, 0xff, 0xff, 0xff, 0xff,
  0xff, 0xff, 0x00, 0x00, 0x00, 0xff, 0xff, 0xff, 0xff, 0xff, 0xff, 0xff, 0xff, 0xff, 0xff, 0xff, 0xff, 0x00, 0x00, 0xff, 0xff, 0xff, 0xff, 0xff,
  0xff, 0xff, 0xff, 0xff, 0xff, 0xff, 0xff, 0x00, 0x00, 0xff, 0xff, 0xff, 0xff, 0xff, 0xff, 0xff, 0xff, 0xff, 0xff, 0xff, 0xff, 0x00, 0x00, 0x00,
  0xff, 0xff, 0xff, 0xff, 0x00, 0x00, 0xff, 0xff, 0xff, 0xff, 0x00, 0x00,
};
static const lv_image_dsc_t spr_butterfly0 = {
    .header = {.magic = LV_IMAGE_HEADER_MAGIC, .cf = LV_COLOR_FORMAT_RGB565A8, .flags = 0,
               .w = 14, .h = 10, .stride = 28, .reserved_2 = 0},
    .data_size = sizeof(spr_butterfly0_px),
    .data = spr_butterfly0_px,
    .reserved = nullptr,
};

static const uint8_t spr_hedgehog0_px[] = {
  0x00, 0x00, 0x00, 0x00, 0x00, 0x00, 0x00, 0x00, 0x00, 0x00, 0x00, 0x00, 0x00, 0x00, 0x00, 0x00, 0x00, 0x00, 0x00, 0x00, 0x00, 0x00, 0x00, 0x00,
  0x00, 0x00, 0x00, 0x00, 0x22, 0xb2, 0x00, 0x00, 0x00, 0x00, 0x00, 0x00, 0x00, 0x00, 0x00, 0x00, 0x00, 0x00, 0x00, 0x00, 0x00, 0x00, 0x00, 0x00,
  0x00, 0x00, 0x00, 0x00, 0x00, 0x00, 0x00, 0x00, 0x00, 0x00, 0x00, 0x00, 0x63, 0xe3, 0x63, 0xe3, 0x63, 0xe3, 0x22, 0xb2, 0x63, 0xe3, 0x00, 0x00,
  0x00, 0x00, 0x00, 0x00, 0x00, 0x00, 0x00, 0x00, 0x00, 0x00, 0x00, 0x00, 0x00, 0x00, 0x00, 0x00, 0x00, 0x00, 0x00, 0x00, 0xa5, 0x41, 0x00, 0x00,
  0xa5, 0x41, 0x00, 0x00, 0xa5, 0x41, 0x63, 0xe3, 0x22, 0xb2, 0x63, 0xe3, 0x63, 0xe3, 0x63, 0xe3, 0xa5, 0x41, 0x00, 0x00, 0xa5, 0x41, 0x00, 0x00,
  0x00, 0x00, 0x00, 0x00, 0x00, 0x00, 0x00, 0x00, 0x00, 0x00, 0xa5, 0x41, 0x00, 0x00, 0xa5, 0x41, 0xa8, 0x6a, 0xa5, 0x41, 0xa8, 0x6a, 0x22, 0xb2,
  0x63, 0xe3, 0x63, 0xe3, 0x63, 0xe3, 0x63, 0xe3, 0x00, 0x00, 0xa5, 0x41, 0x00, 0x00, 0x00, 0x00, 0x00, 0x00, 0x00, 0x00, 0x00, 0x00, 0x00, 0x00,
  0x00, 0x00, 0x00, 0x00, 0xa8, 0x6a, 0xa8, 0x6a, 0xa8, 0x6a, 0xa8, 0x6a, 0xa8, 0x6a, 0xa8, 0x6a, 0xa8, 0x6a, 0xa8, 0x6a, 0xa8, 0x6a, 0xa8, 0x6a,
  0xa8, 0x6a, 0xa8, 0x6a, 0x00, 0x00, 0x00, 0x00, 0x00, 0x00, 0x00, 0x00, 0x00, 0x00, 0x00, 0x00, 0x00, 0x00, 0xa8, 0x6a, 0xa8, 0x6a, 0xa8, 0x6a,
  0xa8, 0x6a, 0xa8, 0x6a, 0xa8, 0x6a, 0xa8, 0x6a, 0xa8, 0x6a, 0xa8, 0x6a, 0xa8, 0x6a, 0xa8, 0x6a, 0xa8, 0x6a, 0xa8, 0x6a, 0xa8, 0x6a, 0x00, 0x00,
  0x00, 0x00, 0x00, 0x00, 0x00, 0x00, 0x00, 0x00, 0xa8, 0x6a, 0x50, 0xcd, 0xa8, 0x6a, 0xa8, 0x6a, 0xa8, 0x6a, 0xa8, 0x6a, 0xa8, 0x6a, 0xa8, 0x6a,
  0xa8, 0x6a, 0xa8, 0x6a, 0xa8, 0x6a, 0xa8, 0x6a, 0xa8, 0x6a, 0xa8, 0x6a, 0xa8, 0x6a, 0xa5, 0x41, 0x00, 0x00, 0x00, 0x00, 0x00, 0x00, 0xc2, 0x18,
  0x50, 0xcd, 0x50, 0xcd, 0xa8, 0x6a, 0xa8, 0x6a, 0xa8, 0x6a, 0xa8, 0x6a, 0xa8, 0x6a, 0xa8, 0x6a, 0xa8, 0x6a, 0xa8, 0x6a, 0xa8, 0x6a, 0xa8, 0x6a,
  0xa8, 0x6a, 0xa8, 0x6a, 0xa8, 0x6a, 0xa5, 0x41, 0x00, 0x00, 0x00, 0x00, 0x50, 0xcd, 0x50, 0xcd, 0x50, 0xcd, 0x50, 0xcd, 0xa8, 0x6a, 0xa8, 0x6a,
  0xa8, 0x6a, 0xa8, 0x6a, 0xa8, 0x6a, 0xa8, 0x6a, 0xa8, 0x6a, 0xa8, 0x6a, 0xa8, 0x6a, 0xa8, 0x6a, 0xa8, 0x6a, 0xa8, 0x6a, 0xa8, 0x6a, 0xa5, 0x41,
  0xc2, 0x18, 0x50, 0xcd, 0x50, 0xcd, 0x50, 0xcd, 0x50, 0xcd, 0x50, 0xcd, 0xa8, 0x6a, 0xa8, 0x6a, 0xa8, 0x6a, 0xa8, 0x6a, 0xa8, 0x6a, 0xa8, 0x6a,
  0xa8, 0x6a, 0xa8, 0x6a, 0xa8, 0x6a, 0xa8, 0x6a, 0xa8, 0x6a, 0xa8, 0x6a, 0xa8, 0x6a, 0xa5, 0x41, 0x00, 0x00, 0x00, 0x00, 0x00, 0x00, 0x50, 0xcd,
  0x50, 0xcd, 0x50, 0xcd, 0xa8, 0x6a, 0xa8, 0x6a, 0xa8, 0x6a, 0xa8, 0x6a, 0xa8, 0x6a, 0xa8, 0x6a, 0xa8, 0x6a, 0xa8, 0x6a, 0xa8, 0x6a, 0xa8, 0x6a,
  0xa8, 0x6a, 0xa8, 0x6a, 0x00, 0x00, 0x00, 0x00, 0x00, 0x00, 0x00, 0x00, 0x00, 0x00, 0x00, 0x00, 0x00, 0x00, 0x50, 0xcd, 0x00, 0x00, 0x00, 0x00,
  0xa8, 0x6a, 0xa8, 0x6a, 0xa8, 0x6a, 0xa8, 0x6a, 0xa8, 0x6a, 0xa8, 0x6a, 0xa8, 0x6a, 0xa8, 0x6a, 0x00, 0x00, 0x00, 0x00, 0x00, 0x00, 0x00, 0x00,
  0x00, 0x00, 0x00, 0x00, 0x00, 0x00, 0x00, 0x00, 0x00, 0x00, 0x00, 0x00, 0x00, 0x00, 0x00, 0x00, 0x50, 0xcd, 0x50, 0xcd, 0x00, 0x00, 0x00, 0x00,
  0x00, 0x00, 0x00, 0x00, 0x50, 0xcd, 0x50, 0xcd, 0x00, 0x00, 0x00, 0x00, 0x00, 0x00, 0x00, 0x00, 0x00, 0x00, 0x00, 0x00, 0x00, 0x00, 0x00, 0x00,
  0x00, 0x00, 0x00, 0x00, 0x00, 0x00, 0xff, 0x00, 0x00, 0x00, 0x00, 0x00, 0x00, 0x00, 0x00, 0x00, 0x00, 0x00, 0x00, 0x00, 0x00, 0x00, 0xff, 0xff,
  0xff, 0xff, 0xff, 0x00, 0x00, 0x00, 0x00, 0x00, 0x00, 0x00, 0x00, 0x00, 0x00, 0x00, 0xff, 0x00, 0xff, 0x00, 0xff, 0xff, 0xff, 0xff, 0xff, 0xff,
  0xff, 0x00, 0xff, 0x00, 0x00, 0x00, 0x00, 0x00, 0x00, 0xff, 0x00, 0xff, 0xff, 0xff, 0xff, 0xff, 0xff, 0xff, 0xff, 0xff, 0x00, 0xff, 0x00, 0x00,
  0x00, 0x00, 0x00, 0x00, 0x00, 0x00, 0xff, 0xff, 0xff, 0xff, 0xff, 0xff, 0xff, 0xff, 0xff, 0xff, 0xff, 0xff, 0x00, 0x00, 0x00, 0x00, 0x00, 0x00,
  0x00, 0xff, 0xff, 0xff, 0xff, 0xff, 0xff, 0xff, 0xff, 0xff, 0xff, 0xff, 0xff, 0xff, 0xff, 0x00, 0x00, 0x00, 0x00, 0x00, 0xff, 0xff, 0xff, 0xff,
  0xff, 0xff, 0xff, 0xff, 0xff, 0xff, 0xff, 0xff, 0xff, 0xff, 0xff, 0xff, 0x00, 0x00, 0x00, 0xff, 0xff, 0xff, 0xff, 0xff, 0xff, 0xff, 0xff, 0xff,
  0xff, 0xff, 0xff, 0xff, 0xff, 0xff, 0xff, 0xff, 0x00, 0x00, 0xff, 0xff, 0xff, 0xff, 0xff, 0xff, 0xff, 0xff, 0xff, 0xff, 0xff, 0xff, 0xff, 0xff,
  0xff, 0xff, 0xff, 0xff, 0xff, 0xff, 0xff, 0xff, 0xff, 0xff, 0xff, 0xff, 0xff, 0xff, 0xff, 0xff, 0xff, 0xff, 0xff, 0xff, 0xff, 0xff, 0xff, 0xff,
  0x00, 0x00, 0x00, 0xff, 0xff, 0xff, 0xff, 0xff, 0xff, 0xff, 0xff, 0xff, 0xff, 0xff, 0xff, 0xff, 0xff, 0xff, 0x00, 0x00, 0x00, 0x00, 0x00, 0x00,
  0x00, 0xff, 0x00, 0x00, 0xff, 0xff, 0xff, 0xff, 0xff, 0xff, 0xff, 0xff, 0x00, 0x00, 0x00, 0x00, 0x00, 0x00, 0x00, 0x00, 0x00, 0x00, 0x00, 0x00,
  0xff, 0xff, 0x00, 0x00, 0x00, 0x00, 0xff, 0xff, 0x00, 0x00, 0x00, 0x00,
};
static const lv_image_dsc_t spr_hedgehog0 = {
    .header = {.magic = LV_IMAGE_HEADER_MAGIC, .cf = LV_COLOR_FORMAT_RGB565A8, .flags = 0,
               .w = 20, .h = 13, .stride = 40, .reserved_2 = 0},
    .data_size = sizeof(spr_hedgehog0_px),
    .data = spr_hedgehog0_px,
    .reserved = nullptr,
};

static const uint8_t spr_pumpkin0_px[] = {
  0x00, 0x00, 0x00, 0x00, 0x00, 0x00, 0x00, 0x00, 0x00, 0x00, 0x00, 0x00, 0x00, 0x00, 0x65, 0x5c, 0x65, 0x5c, 0x00, 0x00, 0x00, 0x00, 0x00, 0x00,
  0x00, 0x00, 0x00, 0x00, 0x00, 0x00, 0x00, 0x00, 0x00, 0x00, 0x00, 0x00, 0x00, 0x00, 0x00, 0x00, 0x00, 0x00, 0x00, 0x00, 0x00, 0x00, 0x65, 0x5c,
  0x65, 0x5c, 0x00, 0x00, 0x00, 0x00, 0x00, 0x00, 0x00, 0x00, 0x00, 0x00, 0x00, 0x00, 0x00, 0x00, 0x00, 0x00, 0x00, 0x00, 0x00, 0x00, 0x00, 0x00,
  0x00, 0x00, 0xe0, 0xf3, 0xe0, 0xf3, 0x65, 0x5c, 0x65, 0x5c, 0xe0, 0xf3, 0xe0, 0xf3, 0x00, 0x00, 0x00, 0x00, 0x00, 0x00, 0x00, 0x00, 0x00, 0x00,
  0x00, 0x00, 0x00, 0x00, 0x00, 0x00, 0xe0, 0xf3, 0xe0, 0xf3, 0xc0, 0xca, 0xe0, 0xf3, 0xe0, 0xf3, 0xe0, 0xf3, 0xe0, 0xf3, 0xc0, 0xca, 0xe0, 0xf3,
  0xe0, 0xf3, 0x00, 0x00, 0x00, 0x00, 0x00, 0x00, 0x00, 0x00, 0x00, 0x00, 0xe0, 0xf3, 0xe0, 0xf3, 0xe0, 0xf3, 0xc0, 0xca, 0xe0, 0xf3, 0xe0, 0xf3,
  0xe0, 0xf3, 0xe0, 0xf3, 0xc0, 0xca, 0xe0, 0xf3, 0xe0, 0xf3, 0xe0, 0xf3, 0x00, 0x00, 0x00, 0x00, 0x00, 0x00, 0xe0, 0xf3, 0xe0, 0xf3, 0x80, 0x79,
  0x80, 0x79, 0x80, 0x79, 0x80, 0x79, 0xe0, 0xf3, 0xe0, 0xf3, 0x80, 0x79, 0x80, 0x79, 0x80, 0x79, 0x80, 0x79, 0xe0, 0xf3, 0xe0, 0xf3, 0x00, 0x00,
  0xe0, 0xf3, 0xe0, 0xf3, 0xe0, 0xf3, 0x80, 0x79, 0x80, 0x79, 0x80, 0x79, 0xe0, 0xf3, 0xe0, 0xf3, 0xe0, 0xf3, 0xe0, 0xf3, 0x80, 0x79, 0x80, 0x79,
  0x80, 0x79, 0xe0, 0xf3, 0xe0, 0xf3, 0xe0, 0xf3, 0xe0, 0xf3, 0xe0, 0xf3, 0xe0, 0xf3, 0xe0, 0xf3, 0x80, 0x79, 0x80, 0x79, 0xe0, 0xf3, 0xe0, 0xf3,
  0xe0, 0xf3, 0xe0, 0xf3, 0x80, 0x79, 0x80, 0x79, 0xe0, 0xf3, 0xe0, 0xf3, 0xe0, 0xf3, 0xe0, 0xf3, 0xe0, 0xf3, 0xe0, 0xf3, 0xe0, 0xf3, 0xe0, 0xf3,
  0x80, 0x79, 0xe0, 0xf3, 0xe0, 0xf3, 0xe0, 0xf3, 0xe0, 0xf3, 0xe0, 0xf3, 0xe0, 0xf3, 0x80, 0x79, 0xe0, 0xf3, 0xe0, 0xf3, 0xe0, 0xf3, 0xe0, 0xf3,
  0xe0, 0xf3, 0xe0, 0xf3, 0xe0, 0xf3, 0x80, 0x79, 0x80, 0x79, 0x80, 0x79, 0x80, 0x79, 0x80, 0x79, 0x80, 0x79, 0x80, 0x79, 0x80, 0x79, 0x80, 0x79,
  0x80, 0x79, 0xe0, 0xf3, 0xe0, 0xf3, 0xe0, 0xf3, 0x00, 0x00, 0xe0, 0xf3, 0xe0, 0xf3, 0xe0, 0xf3, 0x80, 0x79, 0x80, 0x79, 0x80, 0x79, 0xe0, 0xf3,
  0x80, 0x79, 0x80, 0x79, 0x80, 0x79, 0x80, 0x79, 0xe0, 0xf3, 0xe0, 0xf3, 0xe0, 0xf3, 0x00, 0x00, 0x00, 0x00, 0x00, 0x00, 0xe0, 0xf3, 0xe0, 0xf3,
  0xc0, 0xca, 0x80, 0x79, 0x80, 0x79, 0x80, 0x79, 0x80, 0x79, 0x80, 0x79, 0x80, 0x79, 0xc0, 0xca, 0xe0, 0xf3, 0xe0, 0xf3, 0x00, 0x00, 0x00, 0x00,
  0x00, 0x00, 0x00, 0x00, 0x00, 0x00, 0xe0, 0xf3, 0xc0, 0xca, 0xe0, 0xf3, 0xe0, 0xf3, 0xe0, 0xf3, 0xe0, 0xf3, 0xe0, 0xf3, 0xe0, 0xf3, 0xc0, 0xca,
  0xe0, 0xf3, 0x00, 0x00, 0x00, 0x00, 0x00, 0x00, 0x00, 0x00, 0x00, 0x00, 0x00, 0x00, 0x00, 0x00, 0x00, 0x00, 0xe0, 0xf3, 0xe0, 0xf3, 0xe0, 0xf3,
  0xe0, 0xf3, 0xe0, 0xf3, 0xe0, 0xf3, 0x00, 0x00, 0x00, 0x00, 0x00, 0x00, 0x00, 0x00, 0x00, 0x00, 0x00, 0x00, 0x00, 0x00, 0x00, 0x00, 0x00, 0xff,
  0xff, 0x00, 0x00, 0x00, 0x00, 0x00, 0x00, 0x00, 0x00, 0x00, 0x00, 0x00, 0x00, 0x00, 0x00, 0xff, 0xff, 0x00, 0x00, 0x00, 0x00, 0x00, 0x00, 0x00,
  0x00, 0x00, 0x00, 0x00, 0x00, 0xff, 0xff, 0xff, 0xff, 0xff, 0xff, 0x00, 0x00, 0x00, 0x00, 0x00, 0x00, 0x00, 0x00, 0xff, 0xff, 0xff, 0xff, 0xff,
  0xff, 0xff, 0xff, 0xff, 0xff, 0x00, 0x00, 0x00, 0x00, 0x00, 0xff, 0xff, 0xff, 0xff, 0xff, 0xff, 0xff, 0xff, 0xff, 0xff, 0xff, 0xff, 0x00, 0x00,
  0x00, 0xff, 0xff, 0xff, 0xff, 0xff, 0xff, 0xff, 0xff, 0xff, 0xff, 0xff, 0xff, 0xff, 0xff, 0x00, 0xff, 0xff, 0xff, 0xff, 0xff, 0xff, 0xff, 0xff,
  0xff, 0xff, 0xff, 0xff, 0xff, 0xff, 0xff, 0xff, 0xff, 0xff, 0xff, 0xff, 0xff, 0xff, 0xff, 0xff, 0xff, 0xff, 0xff, 0xff, 0xff, 0xff, 0xff, 0xff,
  0xff, 0xff, 0xff, 0xff, 0xff, 0xff, 0xff, 0xff, 0xff, 0xff, 0xff, 0xff, 0xff, 0xff, 0xff, 0xff, 0xff, 0xff, 0xff, 0xff, 0xff, 0xff, 0xff, 0xff,
  0xff, 0xff, 0xff, 0xff, 0xff, 0xff, 0xff, 0xff, 0x00, 0xff, 0xff, 0xff, 0xff, 0xff, 0xff, 0xff, 0xff, 0xff, 0xff, 0xff, 0xff, 0xff, 0xff, 0x00,
  0x00, 0x00, 0xff, 0xff, 0xff, 0xff, 0xff, 0xff, 0xff, 0xff, 0xff, 0xff, 0xff, 0xff, 0x00, 0x00, 0x00, 0x00, 0x00, 0xff, 0xff, 0xff, 0xff, 0xff,
  0xff, 0xff, 0xff, 0xff, 0xff, 0x00, 0x00, 0x00, 0x00, 0x00, 0x00, 0x00, 0x00, 0xff, 0xff, 0xff, 0xff, 0xff, 0xff, 0x00, 0x00, 0x00, 0x00, 0x00,
};
static const lv_image_dsc_t spr_pumpkin0 = {
    .header = {.magic = LV_IMAGE_HEADER_MAGIC, .cf = LV_COLOR_FORMAT_RGB565A8, .flags = 0,
               .w = 16, .h = 14, .stride = 32, .reserved_2 = 0},
    .data_size = sizeof(spr_pumpkin0_px),
    .data = spr_pumpkin0_px,
    .reserved = nullptr,
};

static const uint8_t spr_owl1_px[] = {
  0x00, 0x00, 0x00, 0x00, 0x6a, 0x8b, 0x00, 0x00, 0x00, 0x00, 0x00, 0x00, 0x00, 0x00, 0x00, 0x00, 0x00, 0x00, 0x00, 0x00, 0x00, 0x00, 0x6a, 0x8b,
  0x00, 0x00, 0x00, 0x00, 0x00, 0x00, 0x00, 0x00, 0x6a, 0x8b, 0x6a, 0x8b, 0x00, 0x00, 0x00, 0x00, 0x00, 0x00, 0x00, 0x00, 0x00, 0x00, 0x00, 0x00,
  0x6a, 0x8b, 0x6a, 0x8b, 0x00, 0x00, 0x00, 0x00, 0x00, 0x00, 0x00, 0x00, 0x6a, 0x8b, 0x6a, 0x8b, 0x6a, 0x8b, 0x00, 0x00, 0x00, 0x00, 0x00, 0x00,
  0x00, 0x00, 0x6a, 0x8b, 0x6a, 0x8b, 0x6a, 0x8b, 0x00, 0x00, 0x00, 0x00, 0x00, 0x00, 0x6a, 0x8b, 0x6a, 0x8b, 0x6a, 0x8b, 0x6a, 0x8b, 0x6a, 0x8b,
  0x6a, 0x8b, 0x6a, 0x8b, 0x6a, 0x8b, 0x6a, 0x8b, 0x6a, 0x8b, 0x6a, 0x8b, 0x6a, 0x8b, 0x00, 0x00, 0x00, 0x00, 0x6a, 0x8b, 0x6a, 0x8b, 0x6a, 0x8b,
  0x6a, 0x8b, 0x6a, 0x8b, 0x6a, 0x8b, 0x6a, 0x8b, 0x6a, 0x8b, 0x6a, 0x8b, 0x6a, 0x8b, 0x6a, 0x8b, 0x6a, 0x8b, 0x00, 0x00, 0x00, 0x00, 0x6a, 0x8b,
  0x00, 0x00, 0x6a, 0x8b, 0x6a, 0x8b, 0x6a, 0x8b, 0x6a, 0x8b, 0x6a, 0x8b, 0x6a, 0x8b, 0x6a, 0x8b, 0x6a, 0x8b, 0x00, 0x00, 0x6a, 0x8b, 0x00, 0x00,
  0x00, 0x00, 0x00, 0x00, 0x46, 0x5a, 0x46, 0x5a, 0x46, 0x5a, 0x46, 0x5a, 0x6a, 0x8b, 0x6a, 0x8b, 0x46, 0x5a, 0x46, 0x5a, 0x46, 0x5a, 0x46, 0x5a,
  0x00, 0x00, 0x00, 0x00, 0x00, 0x00, 0x6a, 0x8b, 0x6a, 0x8b, 0x6a, 0x8b, 0x6a, 0x8b, 0x6a, 0x8b, 0x6a, 0x8b, 0x6a, 0x8b, 0x6a, 0x8b, 0x6a, 0x8b,
  0x6a, 0x8b, 0x6a, 0x8b, 0x6a, 0x8b, 0x00, 0x00, 0x00, 0x00, 0x6a, 0x8b, 0x6a, 0x8b, 0x6a, 0x8b, 0x6a, 0x8b, 0x6a, 0x8b, 0xa5, 0xfc, 0xa5, 0xfc,
  0x6a, 0x8b, 0x6a, 0x8b, 0x6a, 0x8b, 0x6a, 0x8b, 0x6a, 0x8b, 0x00, 0x00, 0x00, 0x00, 0x6a, 0x8b, 0x6a, 0x8b, 0x6a, 0x8b, 0x6a, 0x8b, 0x6a, 0x8b,
  0xa5, 0xfc, 0xb1, 0xcd, 0x6a, 0x8b, 0x6a, 0x8b, 0x6a, 0x8b, 0x6a, 0x8b, 0x6a, 0x8b, 0x00, 0x00, 0x00, 0x00, 0x6a, 0x8b, 0x6a, 0x8b, 0x6a, 0x8b,
  0x6a, 0x8b, 0xb1, 0xcd, 0xa5, 0xfc, 0xb1, 0xcd, 0xb1, 0xcd, 0x6a, 0x8b, 0x6a, 0x8b, 0x6a, 0x8b, 0x6a, 0x8b, 0x00, 0x00, 0x00, 0x00, 0x6a, 0x8b,
  0x6a, 0x8b, 0x6a, 0x8b, 0xb1, 0xcd, 0x46, 0x5a, 0xb1, 0xcd, 0xb1, 0xcd, 0x46, 0x5a, 0xb1, 0xcd, 0x6a, 0x8b, 0x6a, 0x8b, 0x6a, 0x8b, 0x00, 0x00,
  0x00, 0x00, 0x6a, 0x8b, 0x6a, 0x8b, 0x6a, 0x8b, 0xb1, 0xcd, 0xb1, 0xcd, 0xb1, 0xcd, 0xb1, 0xcd, 0xb1, 0xcd, 0xb1, 0xcd, 0x6a, 0x8b, 0x6a, 0x8b,
  0x6a, 0x8b, 0x00, 0x00, 0x00, 0x00, 0x00, 0x00, 0x6a, 0x8b, 0x6a, 0x8b, 0xb1, 0xcd, 0x46, 0x5a, 0xb1, 0xcd, 0xb1, 0xcd, 0x46, 0x5a, 0xb1, 0xcd,
  0x6a, 0x8b, 0x6a, 0x8b, 0x00, 0x00, 0x00, 0x00, 0x00, 0x00, 0x00, 0x00, 0x00, 0x00, 0x6a, 0x8b, 0xb1, 0xcd, 0xb1, 0xcd, 0xb1, 0xcd, 0xb1, 0xcd,
  0xb1, 0xcd, 0xb1, 0xcd, 0x6a, 0x8b, 0x00, 0x00, 0x00, 0x00, 0x00, 0x00, 0x00, 0x00, 0x00, 0x00, 0x00, 0x00, 0x00, 0x00, 0x6a, 0x8b, 0xb1, 0xcd,
  0xb1, 0xcd, 0xb1, 0xcd, 0xb1, 0xcd, 0x6a, 0x8b, 0x00, 0x00, 0x00, 0x00, 0x00, 0x00, 0x00, 0x00, 0x00, 0x00, 0x00, 0x00, 0x00, 0x00, 0x00, 0x00,
  0x00, 0x00, 0xa5, 0xfc, 0xb1, 0xcd, 0xb1, 0xcd, 0xa5, 0xfc, 0x00, 0x00, 0x00, 0x00, 0x00, 0x00, 0x00, 0x00, 0x00, 0x00, 0x86, 0x6a, 0x86, 0x6a,
  0x86, 0x6a, 0x86, 0x6a, 0x86, 0x6a, 0x86, 0x6a, 0x86, 0x6a, 0x86, 0x6a, 0x86, 0x6a, 0x86, 0x6a, 0x86, 0x6a, 0x86, 0x6a, 0x86, 0x6a, 0x86, 0x6a,
  0x00, 0x00, 0xff, 0x00, 0x00, 0x00, 0x00, 0x00, 0x00, 0x00, 0x00, 0xff, 0x00, 0x00, 0x00, 0x00, 0xff, 0xff, 0x00, 0x00, 0x00, 0x00, 0x00, 0x00,
  0xff, 0xff, 0x00, 0x00, 0x00, 0x00, 0xff, 0xff, 0xff, 0x00, 0x00, 0x00, 0x00, 0xff, 0xff, 0xff, 0x00, 0x00, 0x00, 0xff, 0xff, 0xff, 0xff, 0xff,
  0xff, 0xff, 0xff, 0xff, 0xff, 0xff, 0xff, 0x00, 0x00, 0xff, 0xff, 0xff, 0xff, 0xff, 0xff, 0xff, 0xff, 0xff, 0xff, 0xff, 0xff, 0x00, 0x00, 0xff,
  0x00, 0xff, 0xff, 0xff, 0xff, 0xff, 0xff, 0xff, 0xff, 0x00, 0xff, 0x00, 0x00, 0x00, 0xff, 0xff, 0xff, 0xff, 0xff, 0xff, 0xff, 0xff, 0xff, 0xff,
  0x00, 0x00, 0x00, 0xff, 0xff, 0xff, 0xff, 0xff, 0xff, 0xff, 0xff, 0xff, 0xff, 0xff, 0xff, 0x00, 0x00, 0xff, 0xff, 0xff, 0xff, 0xff, 0xff, 0xff,
  0xff, 0xff, 0xff, 0xff, 0xff, 0x00, 0x00, 0xff, 0xff, 0xff, 0xff, 0xff, 0xff, 0xff, 0xff, 0xff, 0xff, 0xff, 0xff, 0x00, 0x00, 0xff, 0xff, 0xff,
  0xff, 0xff, 0xff, 0xff, 0xff, 0xff, 0xff, 0xff, 0xff, 0x00, 0x00, 0xff, 0xff, 0xff, 0xff, 0xff, 0xff, 0xff, 0xff, 0xff, 0xff, 0xff, 0xff, 0x00,
  0x00, 0xff, 0xff, 0xff, 0xff, 0xff, 0xff, 0xff, 0xff, 0xff, 0xff, 0xff, 0xff, 0x00, 0x00, 0x00, 0xff, 0xff, 0xff, 0xff, 0xff, 0xff, 0xff, 0xff,
  0xff, 0xff, 0x00, 0x00, 0x00, 0x00, 0x00, 0xff, 0xff, 0xff, 0xff, 0xff, 0xff, 0xff, 0xff, 0x00, 0x00, 0x00, 0x00, 0x00, 0x00, 0x00, 0xff, 0xff,
  0xff, 0xff, 0xff, 0xff, 0x00, 0x00, 0x00, 0x00, 0x00, 0x00, 0x00, 0x00, 0x00, 0xff, 0xff, 0xff, 0xff, 0x00, 0x00, 0x00, 0x00, 0x00, 0xff, 0xff,
  0xff, 0xff, 0xff, 0xff, 0xff, 0xff, 0xff, 0xff, 0xff, 0xff, 0xff, 0xff,
};
static const lv_image_dsc_t spr_owl1 = {
    .header = {.magic = LV_IMAGE_HEADER_MAGIC, .cf = LV_COLOR_FORMAT_RGB565A8, .flags = 0,
               .w = 14, .h = 18, .stride = 28, .reserved_2 = 0},
    .data_size = sizeof(spr_owl1_px),
    .data = spr_owl1_px,
    .reserved = nullptr,
};

static const uint8_t spr_butterfly1_px[] = {
  0x00, 0x00, 0x00, 0x00, 0x00, 0x00, 0x00, 0x00, 0x00, 0x00, 0xe3, 0x28, 0x00, 0x00, 0x00, 0x00, 0xe3, 0x28, 0x00, 0x00, 0x00, 0x00, 0x00, 0x00,
  0x00, 0x00, 0x00, 0x00, 0x00, 0x00, 0x00, 0x00, 0x00, 0x00, 0x00, 0x00, 0x80, 0xfc, 0x80, 0xfc, 0x80, 0xfc, 0x80, 0xfc, 0x80, 0xfc, 0x80, 0xfc,
  0x00, 0x00, 0x00, 0x00, 0x00, 0x00, 0x00, 0x00, 0x00, 0x00, 0x00, 0x00, 0x00, 0x00, 0x00, 0x00, 0x80, 0xfc, 0x80, 0xfc, 0xe3, 0x28, 0xe3, 0x28,
  0x80, 0xfc, 0x80, 0xfc, 0x00, 0x00, 0x00, 0x00, 0x00, 0x00, 0x00, 0x00, 0x00, 0x00, 0x00, 0x00, 0x00, 0x00, 0x00, 0x00, 0x80, 0xfc, 0x80, 0xfc,
  0xe3, 0x28, 0xe3, 0x28, 0x80, 0xfc, 0x80, 0xfc, 0x00, 0x00, 0x00, 0x00, 0x00, 0x00, 0x00, 0x00, 0x00, 0x00, 0x00, 0x00, 0x00, 0x00, 0x00, 0x00,
  0x80, 0xfc, 0x80, 0xfc, 0xe3, 0x28, 0xe3, 0x28, 0x80, 0xfc, 0x80, 0xfc, 0x00, 0x00, 0x00, 0x00, 0x00, 0x00, 0x00, 0x00, 0x00, 0x00, 0x00, 0x00,
  0x00, 0x00, 0x00, 0x00, 0x80, 0xfc, 0x36, 0x99, 0xe3, 0x28, 0xe3, 0x28, 0x36, 0x99, 0x80, 0xfc, 0x00, 0x00, 0x00, 0x00, 0x00, 0x00, 0x00, 0x00,
  0x00, 0x00, 0x00, 0x00, 0x00, 0x00, 0x00, 0x00, 0x36, 0x99, 0x36, 0x99, 0xe3, 0x28, 0xe3, 0x28, 0x36, 0x99, 0x36, 0x99, 0x00, 0x00, 0x00, 0x00,
  0x00, 0x00, 0x00, 0x00, 0x00, 0x00, 0x00, 0x00, 0x00, 0x00, 0x00, 0x00, 0x36, 0x99, 0x36, 0x99, 0xe3, 0x28, 0xe3, 0x28, 0x36, 0x99, 0x36, 0x99,
  0x00, 0x00, 0x00, 0x00, 0x00, 0x00, 0x00, 0x00, 0x00, 0x00, 0x00, 0x00, 0x00, 0x00, 0x00, 0x00, 0x00, 0x00, 0x36, 0x99, 0xe3, 0x28, 0xe3, 0x28,
  0x36, 0x99, 0x00, 0x00, 0x00, 0x00, 0x00, 0x00, 0x00, 0x00, 0x00, 0x00, 0x00, 0x00, 0x00, 0x00, 0x00, 0x00, 0x00, 0x00, 0x00, 0x00, 0x00, 0x00,
  0x00, 0x00, 0x00, 0x00, 0x00, 0x00, 0x00, 0x00, 0x00, 0x00, 0x00, 0x00, 0x00, 0x00, 0x00, 0x00, 0x00, 0x00, 0x00, 0x00, 0x00, 0xff, 0x00, 0x00,
  0xff, 0x00, 0x00, 0x00, 0x00, 0x00, 0x00, 0x00, 0x00, 0x00, 0xff, 0xff, 0xff, 0xff, 0xff, 0xff, 0x00, 0x00, 0x00, 0x00, 0x00, 0x00, 0x00, 0x00,
  0xff, 0xff, 0xff, 0xff, 0xff, 0xff, 0x00, 0x00, 0x00, 0x00, 0x00, 0x00, 0x00, 0x00, 0xff, 0xff, 0xff, 0xff, 0xff, 0xff, 0x00, 0x00, 0x00, 0x00,
  0x00, 0x00, 0x00, 0x00, 0xff, 0xff, 0xff, 0xff, 0xff, 0xff, 0x00, 0x00, 0x00, 0x00, 0x00, 0x00, 0x00, 0x00, 0xff, 0xff, 0xff, 0xff, 0xff, 0xff,
  0x00, 0x00, 0x00, 0x00, 0x00, 0x00, 0x00, 0x00, 0xff, 0xff, 0xff, 0xff, 0xff, 0xff, 0x00, 0x00, 0x00, 0x00, 0x00, 0x00, 0x00, 0x00, 0xff, 0xff,
  0xff, 0xff, 0xff, 0xff, 0x00, 0x00, 0x00, 0x00, 0x00, 0x00, 0x00, 0x00, 0x00, 0xff, 0xff, 0xff, 0xff, 0x00, 0x00, 0x00, 0x00, 0x00, 0x00, 0x00,
  0x00, 0x00, 0x00, 0x00, 0x00, 0x00, 0x00, 0x00, 0x00, 0x00, 0x00, 0x00,
};
static const lv_image_dsc_t spr_butterfly1 = {
    .header = {.magic = LV_IMAGE_HEADER_MAGIC, .cf = LV_COLOR_FORMAT_RGB565A8, .flags = 0,
               .w = 14, .h = 10, .stride = 28, .reserved_2 = 0},
    .data_size = sizeof(spr_butterfly1_px),
    .data = spr_butterfly1_px,
    .reserved = nullptr,
};

static const uint8_t spr_hedgehog1_px[] = {
  0x00, 0x00, 0x00, 0x00, 0x00, 0x00, 0x00, 0x00, 0x00, 0x00, 0x00, 0x00, 0x00, 0x00, 0x00, 0x00, 0x00, 0x00, 0x00, 0x00, 0x00, 0x00, 0x00, 0x00,
  0x00, 0x00, 0x00, 0x00, 0x22, 0xb2, 0x00, 0x00, 0x00, 0x00, 0x00, 0x00, 0x00, 0x00, 0x00, 0x00, 0x00, 0x00, 0x00, 0x00, 0x00, 0x00, 0x00, 0x00,
  0x00, 0x00, 0x00, 0x00, 0x00, 0x00, 0x00, 0x00, 0x00, 0x00, 0x00, 0x00, 0x63, 0xe3, 0x63, 0xe3, 0x63, 0xe3, 0x22, 0xb2, 0x63, 0xe3, 0x00, 0x00,
  0x00, 0x00, 0x00, 0x00, 0x00, 0x00, 0x00, 0x00, 0x00, 0x00, 0x00, 0x00, 0x00, 0x00, 0x00, 0x00, 0x00, 0x00, 0x00, 0x00, 0xa5, 0x41, 0x00, 0x00,
  0xa5, 0x41, 0x00, 0x00, 0xa5, 0x41, 0x63, 0xe3, 0x22, 0xb2, 0x63, 0xe3, 0x63, 0xe3, 0x63, 0xe3, 0xa5, 0x41, 0x00, 0x00, 0xa5, 0x41, 0x00, 0x00,
  0x00, 0x00, 0x00, 0x00, 0x00, 0x00, 0x00, 0x00, 0x00, 0x00, 0xa5, 0x41, 0x00, 0x00, 0xa5, 0x41, 0xa8, 0x6a, 0xa5, 0x41, 0xa8, 0x6a, 0x22, 0xb2,
  0x63, 0xe3, 0x63, 0xe3, 0x63, 0xe3, 0x63, 0xe3, 0x00, 0x00, 0xa5, 0x41, 0x00, 0x00, 0x00, 0x00, 0x00, 0x00, 0x00, 0x00, 0x00, 0x00, 0x00, 0x00,
  0x00, 0x00, 0x00, 0x00, 0xa8, 0x6a, 0xa8, 0x6a, 0xa8, 0x6a, 0xa8, 0x6a, 0xa8, 0x6a, 0xa8, 0x6a, 0xa8, 0x6a, 0xa8, 0x6a, 0xa8, 0x6a, 0xa8, 0x6a,
  0xa8, 0x6a, 0xa8, 0x6a, 0x00, 0x00, 0x00, 0x00, 0x00, 0x00, 0x00, 0x00, 0x00, 0x00, 0x00, 0x00, 0x00, 0x00, 0xa8, 0x6a, 0xa8, 0x6a, 0xa8, 0x6a,
  0xa8, 0x6a, 0xa8, 0x6a, 0xa8, 0x6a, 0xa8, 0x6a, 0xa8, 0x6a, 0xa8, 0x6a, 0xa8, 0x6a, 0xa8, 0x6a, 0xa8, 0x6a, 0xa8, 0x6a, 0xa8, 0x6a, 0x00, 0x00,
  0x00, 0x00, 0x00, 0x00, 0x00, 0x00, 0x00, 0x00, 0xa8, 0x6a, 0x50, 0xcd, 0xa8, 0x6a, 0xa8, 0x6a, 0xa8, 0x6a, 0xa8, 0x6a, 0xa8, 0x6a, 0xa8, 0x6a,
  0xa8, 0x6a, 0xa8, 0x6a, 0xa8, 0x6a, 0xa8, 0x6a, 0xa8, 0x6a, 0xa8, 0x6a, 0xa8, 0x6a, 0xa5, 0x41, 0x00, 0x00, 0x00, 0x00, 0x00, 0x00, 0xc2, 0x18,
  0x50, 0xcd, 0x50, 0xcd, 0xa8, 0x6a, 0xa8, 0x6a, 0xa8, 0x6a, 0xa8, 0x6a, 0xa8, 0x6a, 0xa8, 0x6a, 0xa8, 0x6a, 0xa8, 0x6a, 0xa8, 0x6a, 0xa8, 0x6a,
  0xa8, 0x6a, 0xa8, 0x6a, 0xa8, 0x6a, 0xa5, 0x41, 0x00, 0x00, 0x00, 0x00, 0x50, 0xcd, 0x50, 0xcd, 0x50, 0xcd, 0x50, 0xcd, 0xa8, 0x6a, 0xa8, 0x6a,
  0xa8, 0x6a, 0xa8, 0x6a, 0xa8, 0x6a, 0xa8, 0x6a, 0xa8, 0x6a, 0xa8, 0x6a, 0xa8, 0x6a, 0xa8, 0x6a, 0xa8, 0x6a, 0xa8, 0x6a, 0xa8, 0x6a, 0xa5, 0x41,
  0xc2, 0x18, 0x50, 0xcd, 0x50, 0xcd, 0x50, 0xcd, 0x50, 0xcd, 0x50, 0xcd, 0xa8, 0x6a, 0xa8, 0x6a, 0xa8, 0x6a, 0xa8, 0x6a, 0xa8, 0x6a, 0xa8, 0x6a,
  0xa8, 0x6a, 0xa8, 0x6a, 0xa8, 0x6a, 0xa8, 0x6a, 0xa8, 0x6a, 0xa8, 0x6a, 0xa8, 0x6a, 0xa5, 0x41, 0x00, 0x00, 0x00, 0x00, 0x00, 0x00, 0x50, 0xcd,
  0x50, 0xcd, 0x50, 0xcd, 0xa8, 0x6a, 0xa8, 0x6a, 0xa8, 0x6a, 0xa8, 0x6a, 0xa8, 0x6a, 0xa8, 0x6a, 0xa8, 0x6a, 0xa8, 0x6a, 0xa8, 0x6a, 0xa8, 0x6a,
  0xa8, 0x6a, 0xa8, 0x6a, 0x00, 0x00, 0x00, 0x00, 0x00, 0x00, 0x00, 0x00, 0x00, 0x00, 0x00, 0x00, 0x00, 0x00, 0x50, 0xcd, 0x00, 0x00, 0x00, 0x00,
  0xa8, 0x6a, 0xa8, 0x6a, 0xa8, 0x6a, 0xa8, 0x6a, 0xa8, 0x6a, 0xa8, 0x6a, 0xa8, 0x6a, 0xa8, 0x6a, 0x00, 0x00, 0x00, 0x00, 0x00, 0x00, 0x00, 0x00,
  0x00, 0x00, 0x00, 0x00, 0x00, 0x00, 0x00, 0x00, 0x00, 0x00, 0x00, 0x00, 0x00, 0x00, 0x50, 0xcd, 0x50, 0xcd, 0x00, 0x00, 0x00, 0x00, 0x00, 0x00,
  0x00, 0x00, 0x00, 0x00, 0x00, 0x00, 0x50, 0xcd, 0x50, 0xcd, 0x00, 0x00, 0x00, 0x00, 0x00, 0x00, 0x00, 0x00, 0x00, 0x00, 0x00, 0x00, 0x00, 0x00,
  0x00, 0x00, 0x00, 0x00, 0x00, 0x00, 0xff, 0x00, 0x00, 0x00, 0x00, 0x00, 0x00, 0x00, 0x00, 0x00, 0x00, 0x00, 0x00, 0x00, 0x00, 0x00, 0xff, 0xff,
  0xff, 0xff, 0xff, 0x00, 0x00, 0x00, 0x00, 0x00, 0x00, 0x00, 0x00, 0x00, 0x00, 0x00, 0xff, 0x00, 0xff, 0x00, 0xff, 0xff, 0xff, 0xff, 0xff, 0xff,
  0xff, 0x00, 0xff, 0x00, 0x00, 0x00, 0x00, 0x00, 0x00, 0xff, 0x00, 0xff, 0xff, 0xff, 0xff, 0xff, 0xff, 0xff, 0xff, 0xff, 0x00, 0xff, 0x00, 0x00,
  0x00, 0x00, 0x00, 0x00, 0x00, 0x00, 0xff, 0xff, 0xff, 0xff, 0xff, 0xff, 0xff, 0xff, 0xff, 0xff, 0xff, 0xff, 0x00, 0x00, 0x00, 0x00, 0x00, 0x00,
  0x00, 0xff, 0xff, 0xff, 0xff, 0xff, 0xff, 0xff, 0xff, 0xff, 0xff, 0xff, 0xff, 0xff, 0xff, 0x00, 0x00, 0x00, 0x00, 0x00, 0xff, 0xff, 0xff, 0xff,
  0xff, 0xff, 0xff, 0xff, 0xff, 0xff, 0xff, 0xff, 0xff, 0xff, 0xff, 0xff, 0x00, 0x00, 0x00, 0xff, 0xff, 0xff, 0xff, 0xff, 0xff, 0xff, 0xff, 0xff,
  0xff, 0xff, 0xff, 0xff, 0xff, 0xff, 0xff, 0xff, 0x00, 0x00, 0xff, 0xff, 0xff, 0xff, 0xff, 0xff, 0xff, 0xff, 0xff, 0xff, 0xff, 0xff, 0xff, 0xff,
  0xff, 0xff, 0xff, 0xff, 0xff, 0xff, 0xff, 0xff, 0xff, 0xff, 0xff, 0xff, 0xff, 0xff, 0xff, 0xff, 0xff, 0xff, 0xff, 0xff, 0xff, 0xff, 0xff, 0xff,
  0x00, 0x00, 0x00, 0xff, 0xff, 0xff, 0xff, 0xff, 0xff, 0xff, 0xff, 0xff, 0xff, 0xff, 0xff, 0xff, 0xff, 0xff, 0x00, 0x00, 0x00, 0x00, 0x00, 0x00,
  0x00, 0xff, 0x00, 0x00, 0xff, 0xff, 0xff, 0xff, 0xff, 0xff, 0xff, 0xff, 0x00, 0x00, 0x00, 0x00, 0x00, 0x00, 0x00, 0x00, 0x00, 0x00, 0x00, 0xff,
  0xff, 0x00, 0x00, 0x00, 0x00, 0x00, 0x00, 0xff, 0xff, 0x00, 0x00, 0x00,
};
static const lv_image_dsc_t spr_hedgehog1 = {
    .header = {.magic = LV_IMAGE_HEADER_MAGIC, .cf = LV_COLOR_FORMAT_RGB565A8, .flags = 0,
               .w = 20, .h = 13, .stride = 40, .reserved_2 = 0},
    .data_size = sizeof(spr_hedgehog1_px),
    .data = spr_hedgehog1_px,
    .reserved = nullptr,
};

static const uint8_t spr_pumpkin1_px[] = {
  0x00, 0x00, 0x00, 0x00, 0x00, 0x00, 0x00, 0x00, 0x00, 0x00, 0x00, 0x00, 0x00, 0x00, 0x65, 0x5c, 0x65, 0x5c, 0x00, 0x00, 0x00, 0x00, 0x00, 0x00,
  0x00, 0x00, 0x00, 0x00, 0x00, 0x00, 0x00, 0x00, 0x00, 0x00, 0x00, 0x00, 0x00, 0x00, 0x00, 0x00, 0x00, 0x00, 0x00, 0x00, 0x00, 0x00, 0x65, 0x5c,
  0x65, 0x5c, 0x00, 0x00, 0x00, 0x00, 0x00, 0x00, 0x00, 0x00, 0x00, 0x00, 0x00, 0x00, 0x00, 0x00, 0x00, 0x00, 0x00, 0x00, 0x00, 0x00, 0x00, 0x00,
  0x00, 0x00, 0xe0, 0xf3, 0xe0, 0xf3, 0x65, 0x5c, 0x65, 0x5c, 0xe0, 0xf3, 0xe0, 0xf3, 0x00, 0x00, 0x00, 0x00, 0x00, 0x00, 0x00, 0x00, 0x00, 0x00,
  0x00, 0x00, 0x00, 0x00, 0x00, 0x00, 0xe0, 0xf3, 0xe0, 0xf3, 0xc0, 0xca, 0xe0, 0xf3, 0xe0, 0xf3, 0xe0, 0xf3, 0xe0, 0xf3, 0xc0, 0xca, 0xe0, 0xf3,
  0xe0, 0xf3, 0x00, 0x00, 0x00, 0x00, 0x00, 0x00, 0x00, 0x00, 0x00, 0x00, 0xe0, 0xf3, 0xe0, 0xf3, 0xe0, 0xf3, 0xc0, 0xca, 0xe0, 0xf3, 0xe0, 0xf3,
  0xe0, 0xf3, 0xe0, 0xf3, 0xc0, 0xca, 0xe0, 0xf3, 0xe0, 0xf3, 0xe0, 0xf3, 0x00, 0x00, 0x00, 0x00, 0x00, 0x00, 0xe0, 0xf3, 0xe0, 0xf3, 0x2b, 0xff,
  0x2b, 0xff, 0x2b, 0xff, 0x2b, 0xff, 0xe0, 0xf3, 0xe0, 0xf3, 0x2b, 0xff, 0x2b, 0xff, 0x2b, 0xff, 0x2b, 0xff, 0xe0, 0xf3, 0xe0, 0xf3, 0x00, 0x00,
  0xe0, 0xf3, 0xe0, 0xf3, 0xe0, 0xf3, 0x2b, 0xff, 0x2b, 0xff, 0x2b, 0xff, 0xe0, 0xf3, 0xe0, 0xf3, 0xe0, 0xf3, 0xe0, 0xf3, 0x2b, 0xff, 0x2b, 0xff,
  0x2b, 0xff, 0xe0, 0xf3, 0xe0, 0xf3, 0xe0, 0xf3, 0xe0, 0xf3, 0xe0, 0xf3, 0xe0, 0xf3, 0xe0, 0xf3, 0x2b, 0xff, 0x2b, 0xff, 0xe0, 0xf3, 0xe0, 0xf3,
  0xe0, 0xf3, 0xe0, 0xf3, 0x2b, 0xff, 0x2b, 0xff, 0xe0, 0xf3, 0xe0, 0xf3, 0xe0, 0xf3, 0xe0, 0xf3, 0xe0, 0xf3, 0xe0, 0xf3, 0xe0, 0xf3, 0xe0, 0xf3,
  0x2b, 0xff, 0xe0, 0xf3, 0xe0, 0xf3, 0xe0, 0xf3, 0xe0, 0xf3, 0xe0, 0xf3, 0xe0, 0xf3, 0x2b, 0xff, 0xe0, 0xf3, 0xe0, 0xf3, 0xe0, 0xf3, 0xe0, 0xf3,
  0xe0, 0xf3, 0xe0, 0xf3, 0xe0, 0xf3, 0x2b, 0xff, 0x2b, 0xff, 0x2b, 0xff, 0x2b, 0xff, 0x2b, 0xff, 0x2b, 0xff, 0x2b, 0xff, 0x2b, 0xff, 0x2b, 0xff,
  0x2b, 0xff, 0xe0, 0xf3, 0xe0, 0xf3, 0xe0, 0xf3, 0x00, 0x00, 0xe0, 0xf3, 0xe0, 0xf3, 0xe0, 0xf3, 0x2b, 0xff, 0x2b, 0xff, 0x2b, 0xff, 0xe0, 0xf3,
  0x2b, 0xff, 0x2b, 0xff, 0x2b, 0xff, 0x2b, 0xff, 0xe0, 0xf3, 0xe0, 0xf3, 0xe0, 0xf3, 0x00, 0x00, 0x00, 0x00, 0x00, 0x00, 0xe0, 0xf3, 0xe0, 0xf3,
  0xc0, 0xca, 0x2b, 0xff, 0x2b, 0xff, 0x2b, 0xff, 0x2b, 0xff, 0x2b, 0xff, 0x2b, 0xff, 0xc0, 0xca, 0xe0, 0xf3, 0xe0, 0xf3, 0x00, 0x00, 0x00, 0x00,
  0x00, 0x00, 0x00, 0x00, 0x00, 0x00, 0xe0, 0xf3, 0xc0, 0xca, 0xe0, 0xf3, 0xe0, 0xf3, 0xe0, 0xf3, 0xe0, 0xf3, 0xe0, 0xf3, 0xe0, 0xf3, 0xc0, 0xca,
  0xe0, 0xf3, 0x00, 0x00, 0x00, 0x00, 0x00, 0x00, 0x00, 0x00, 0x00, 0x00, 0x00, 0x00, 0x00, 0x00, 0x00, 0x00, 0xe0, 0xf3, 0xe0, 0xf3, 0xe0, 0xf3,
  0xe0, 0xf3, 0xe0, 0xf3, 0xe0, 0xf3, 0x00, 0x00, 0x00, 0x00, 0x00, 0x00, 0x00, 0x00, 0x00, 0x00, 0x00, 0x00, 0x00, 0x00, 0x00, 0x00, 0x00, 0xff,
  0xff, 0x00, 0x00, 0x00, 0x00, 0x00, 0x00, 0x00, 0x00, 0x00, 0x00, 0x00, 0x00, 0x00, 0x00, 0xff, 0xff, 0x00, 0x00, 0x00, 0x00, 0x00, 0x00, 0x00,
  0x00, 0x00, 0x00, 0x00, 0x00, 0xff, 0xff, 0xff, 0xff, 0xff, 0xff, 0x00, 0x00, 0x00, 0x00, 0x00, 0x00, 0x00, 0x00, 0xff, 0xff, 0xff, 0xff, 0xff,
  0xff, 0xff, 0xff, 0xff, 0xff, 0x00, 0x00, 0x00, 0x00, 0x00, 0xff, 0xff, 0xff, 0xff, 0xff, 0xff, 0xff, 0xff, 0xff, 0xff, 0xff, 0xff, 0x00, 0x00,
  0x00, 0xff, 0xff, 0xff, 0xff, 0xff, 0xff, 0xff, 0xff, 0xff, 0xff, 0xff, 0xff, 0xff, 0xff, 0x00, 0xff, 0xff, 0xff, 0xff, 0xff, 0xff, 0xff, 0xff,
  0xff, 0xff, 0xff, 0xff, 0xff, 0xff, 0xff, 0xff, 0xff, 0xff, 0xff, 0xff, 0xff, 0xff, 0xff, 0xff, 0xff, 0xff, 0xff, 0xff, 0xff, 0xff, 0xff, 0xff,
  0xff, 0xff, 0xff, 0xff, 0xff, 0xff, 0xff, 0xff, 0xff, 0xff, 0xff, 0xff, 0xff, 0xff, 0xff, 0xff, 0xff, 0xff, 0xff, 0xff, 0xff, 0xff, 0xff, 0xff,
  0xff, 0xff, 0xff, 0xff, 0xff, 0xff, 0xff, 0xff, 0x00, 0xff, 0xff, 0xff, 0xff, 0xff, 0xff, 0xff, 0xff, 0xff, 0xff, 0xff, 0xff, 0xff, 0xff, 0x00,
  0x00, 0x00, 0xff, 0xff, 0xff, 0xff, 0xff, 0xff, 0xff, 0xff, 0xff, 0xff, 0xff, 0xff, 0x00, 0x00, 0x00, 0x00, 0x00, 0xff, 0xff, 0xff, 0xff, 0xff,
  0xff, 0xff, 0xff, 0xff, 0xff, 0x00, 0x00, 0x00, 0x00, 0x00, 0x00, 0x00, 0x00, 0xff, 0xff, 0xff, 0xff, 0xff, 0xff, 0x00, 0x00, 0x00, 0x00, 0x00,
};
static const lv_image_dsc_t spr_pumpkin1 = {
    .header = {.magic = LV_IMAGE_HEADER_MAGIC, .cf = LV_COLOR_FORMAT_RGB565A8, .flags = 0,
               .w = 16, .h = 14, .stride = 32, .reserved_2 = 0},
    .data_size = sizeof(spr_pumpkin1_px),
    .data = spr_pumpkin1_px,
    .reserved = nullptr,
};

static const uint8_t spr_cat_hat_px[] = {
  0x00, 0x00, 0x00, 0x00, 0x00, 0x00, 0x00, 0x00, 0xff, 0xff, 0x00, 0x00, 0x00, 0x00, 0x00, 0x00, 0x00, 0x00, 0x00, 0x00, 0x00, 0x00, 0xff, 0xff,
  0xff, 0xff, 0xff, 0xff, 0x00, 0x00, 0x00, 0x00, 0x00, 0x00, 0x00, 0x00, 0x00, 0x00, 0x00, 0x00, 0xff, 0xff, 0x00, 0x00, 0x00, 0x00, 0x00, 0x00,
  0x00, 0x00, 0x00, 0x00, 0x00, 0x00, 0x00, 0x00, 0x0f, 0xea, 0x00, 0x00, 0x00, 0x00, 0x00, 0x00, 0x00, 0x00, 0x00, 0x00, 0x00, 0x00, 0x0f, 0xea,
  0x0f, 0xea, 0x0f, 0xea, 0x00, 0x00, 0x00, 0x00, 0x00, 0x00, 0x00, 0x00, 0x00, 0x00, 0xa9, 0xfe, 0xa9, 0xfe, 0xa9, 0xfe, 0x00, 0x00, 0x00, 0x00,
  0x00, 0x00, 0x00, 0x00, 0x0f, 0xea, 0x0f, 0xea, 0x0f, 0xea, 0x0f, 0xea, 0x0f, 0xea, 0x00, 0x00, 0x00, 0x00, 0x00, 0x00, 0xa9, 0xfe, 0xa9, 0xfe,
  0xa9, 0xfe, 0xa9, 0xfe, 0xa9, 0xfe, 0x00, 0x00, 0x00, 0x00, 0x0f, 0xea, 0x0f, 0xea, 0x0f, 0xea, 0x0f, 0xea, 0x0f, 0xea, 0x0f, 0xea, 0x0f, 0xea,
  0x00, 0x00, 0x0f, 0xea, 0x0f, 0xea, 0x0f, 0xea, 0x0f, 0xea, 0x0f, 0xea, 0x0f, 0xea, 0x0f, 0xea, 0x00, 0x00, 0x00, 0x00, 0xff, 0x00, 0x00, 0x00,
  0x00, 0x00, 0x00, 0xff, 0xff, 0xff, 0x00, 0x00, 0x00, 0x00, 0x00, 0x00, 0xff, 0x00, 0x00, 0x00, 0x00, 0x00, 0x00, 0x00, 0xff, 0x00, 0x00, 0x00,
  0x00, 0x00, 0x00, 0xff, 0xff, 0xff, 0x00, 0x00, 0x00, 0x00, 0x00, 0xff, 0xff, 0xff, 0x00, 0x00, 0x00, 0x00, 0xff, 0xff, 0xff, 0xff, 0xff, 0x00,
  0x00, 0x00, 0xff, 0xff, 0xff, 0xff, 0xff, 0x00, 0x00, 0xff, 0xff, 0xff, 0xff, 0xff, 0xff, 0xff, 0x00, 0xff, 0xff, 0xff, 0xff, 0xff, 0xff, 0xff,
};
static const lv_image_dsc_t spr_cat_hat = {
    .header = {.magic = LV_IMAGE_HEADER_MAGIC, .cf = LV_COLOR_FORMAT_RGB565A8, .flags = 0,
               .w = 8, .h = 10, .stride = 16, .reserved_2 = 0},
    .data_size = sizeof(spr_cat_hat_px),
    .data = spr_cat_hat_px,
    .reserved = nullptr,
};

static const uint8_t spr_cat_santa_px[] = {
  0x00, 0x00, 0x00, 0x00, 0x00, 0x00, 0x00, 0x00, 0x00, 0x00, 0x00, 0x00, 0x00, 0x00, 0x00, 0x00, 0xa3, 0xa8, 0x00, 0x00, 0x00, 0x00, 0x00, 0x00,
  0x00, 0x00, 0x00, 0x00, 0x00, 0x00, 0x00, 0x00, 0x00, 0x00, 0xa3, 0xa8, 0xa3, 0xa8, 0xa3, 0xa8, 0xa3, 0xa8, 0xa3, 0xa8, 0xff, 0xff, 0x00, 0x00,
  0x00, 0x00, 0x00, 0x00, 0x00, 0x00, 0x00, 0x00, 0x24, 0xd9, 0x24, 0xd9, 0x24, 0xd9, 0xa3, 0xa8, 0xa3, 0xa8, 0xff, 0xff, 0xff, 0xff, 0xff, 0xff,
  0x00, 0x00, 0x00, 0x00, 0x00, 0x00, 0x24, 0xd9, 0x24, 0xd9, 0x24, 0xd9, 0x24, 0xd9, 0x24, 0xd9, 0xa3, 0xa8, 0x00, 0x00, 0xff, 0xff, 0x00, 0x00,
  0x00, 0x00, 0x00, 0x00, 0x00, 0x00, 0x24, 0xd9, 0x24, 0xd9, 0x24, 0xd9, 0x24, 0xd9, 0x24, 0xd9, 0x24, 0xd9, 0x00, 0x00, 0x00, 0x00, 0x00, 0x00,
  0x00, 0x00, 0x00, 0x00, 0x24, 0xd9, 0x24, 0xd9, 0x24, 0xd9, 0x24, 0xd9, 0x24, 0xd9, 0x24, 0xd9, 0x24, 0xd9, 0x24, 0xd9, 0x00, 0x00, 0x00, 0x00,
  0x00, 0x00, 0x00, 0x00, 0x24, 0xd9, 0x24, 0xd9, 0x24, 0xd9, 0x24, 0xd9, 0x24, 0xd9, 0x24, 0xd9, 0x24, 0xd9, 0x24, 0xd9, 0x00, 0x00, 0x00, 0x00,
  0xbe, 0xf7, 0xbe, 0xf7, 0xbe, 0xf7, 0xbe, 0xf7, 0xbe, 0xf7, 0xbe, 0xf7, 0xbe, 0xf7, 0xbe, 0xf7, 0xbe, 0xf7, 0xbe, 0xf7, 0xbe, 0xf7, 0xbe, 0xf7,
  0xbe, 0xf7, 0xbe, 0xf7, 0xbe, 0xf7, 0xbe, 0xf7, 0xbe, 0xf7, 0xbe, 0xf7, 0xbe, 0xf7, 0xbe, 0xf7, 0xbe, 0xf7, 0xbe, 0xf7, 0xbe, 0xf7, 0xbe, 0xf7,
  0xbe, 0xf7, 0xfc, 0xd6, 0xfc, 0xd6, 0xfc, 0xd6, 0xfc, 0xd6, 0xfc, 0xd6, 0xfc, 0xd6, 0xfc, 0xd6, 0xfc, 0xd6, 0xfc, 0xd6, 0xfc, 0xd6, 0xbe, 0xf7,
  0x00, 0x00, 0x00, 0x00, 0x00, 0x00, 0x00, 0x00, 0xff, 0x00, 0x00, 0x00, 0x00, 0x00, 0x00, 0x00, 0x00, 0xff, 0xff, 0xff, 0xff, 0xff, 0xff, 0x00,
  0x00, 0x00, 0x00, 0x00, 0xff, 0xff, 0xff, 0xff, 0xff, 0xff, 0xff, 0xff, 0x00, 0x00, 0x00, 0xff, 0xff, 0xff, 0xff, 0xff, 0xff, 0x00, 0xff, 0x00,
  0x00, 0x00, 0x00, 0xff, 0xff, 0xff, 0xff, 0xff, 0xff, 0x00, 0x00, 0x00, 0x00, 0x00, 0xff, 0xff, 0xff, 0xff, 0xff, 0xff, 0xff, 0xff, 0x00, 0x00,
  0x00, 0x00, 0xff, 0xff, 0xff, 0xff, 0xff, 0xff, 0xff, 0xff, 0x00, 0x00, 0xff, 0xff, 0xff, 0xff, 0xff, 0xff, 0xff, 0xff, 0xff, 0xff, 0xff, 0xff,
  0xff, 0xff, 0xff, 0xff, 0xff, 0xff, 0xff, 0xff, 0xff, 0xff, 0xff, 0xff, 0xff, 0xff, 0xff, 0xff, 0xff, 0xff, 0xff, 0xff, 0xff, 0xff, 0xff, 0xff,
};
static const lv_image_dsc_t spr_cat_santa = {
    .header = {.magic = LV_IMAGE_HEADER_MAGIC, .cf = LV_COLOR_FORMAT_RGB565A8, .flags = 0,
               .w = 12, .h = 10, .stride = 24, .reserved_2 = 0},
    .data_size = sizeof(spr_cat_santa_px),
    .data = spr_cat_santa_px,
    .reserved = nullptr,
};

static const uint8_t spr_cat_pilotka_px[] = {
  0x00, 0x00, 0x00, 0x00, 0x00, 0x00, 0x00, 0x00, 0x00, 0x00, 0xc7, 0x6b, 0x00, 0x00, 0x00, 0x00, 0x00, 0x00, 0x00, 0x00, 0x00, 0x00, 0x00, 0x00,
  0x00, 0x00, 0xc7, 0x6b, 0xc7, 0x6b, 0xc7, 0x6b, 0xc7, 0x6b, 0xc7, 0x6b, 0xc7, 0x6b, 0x45, 0xe1, 0xc7, 0x6b, 0xc7, 0x6b, 0xc7, 0x6b, 0xc7, 0x6b,
  0x00, 0x00, 0xc7, 0x6b, 0xc7, 0x6b, 0xc7, 0x6b, 0xc7, 0x6b, 0xc7, 0x6b, 0x45, 0xe1, 0x87, 0xfa, 0x45, 0xe1, 0xc7, 0x6b, 0xc7, 0x6b, 0xc7, 0x6b,
  0xc7, 0x6b, 0xc5, 0x4a, 0xc5, 0x4a, 0xc5, 0x4a, 0xc5, 0x4a, 0xc5, 0x4a, 0xc5, 0x4a, 0xc5, 0x4a, 0xc5, 0x4a, 0xc5, 0x4a, 0xc5, 0x4a, 0xc5, 0x4a,
  0xc7, 0x6b, 0xc7, 0x6b, 0xc7, 0x6b, 0xc7, 0x6b, 0xc7, 0x6b, 0xc7, 0x6b, 0xc7, 0x6b, 0xc7, 0x6b, 0xc7, 0x6b, 0xc7, 0x6b, 0xc7, 0x6b, 0xc7, 0x6b,
  0x00, 0x00, 0x00, 0x00, 0x00, 0xff, 0x00, 0x00, 0x00, 0x00, 0x00, 0x00, 0x00, 0xff, 0xff, 0xff, 0xff, 0xff, 0xff, 0xff, 0xff, 0xff, 0xff, 0xff,
  0x00, 0xff, 0xff, 0xff, 0xff, 0xff, 0xff, 0xff, 0xff, 0xff, 0xff, 0xff, 0xff, 0xff, 0xff, 0xff, 0xff, 0xff, 0xff, 0xff, 0xff, 0xff, 0xff, 0xff,
  0xff, 0xff, 0xff, 0xff, 0xff, 0xff, 0xff, 0xff, 0xff, 0xff, 0xff, 0xff,
};
static const lv_image_dsc_t spr_cat_pilotka = {
    .header = {.magic = LV_IMAGE_HEADER_MAGIC, .cf = LV_COLOR_FORMAT_RGB565A8, .flags = 0,
               .w = 12, .h = 5, .stride = 24, .reserved_2 = 0},
    .data_size = sizeof(spr_cat_pilotka_px),
    .data = spr_cat_pilotka_px,
    .reserved = nullptr,
};

static const uint8_t spr_cat_crown_px[] = {
  0x00, 0x00, 0x00, 0x00, 0x00, 0x00, 0x00, 0x00, 0x00, 0x00, 0x94, 0xff, 0x00, 0x00, 0x00, 0x00, 0x00, 0x00, 0x00, 0x00, 0x23, 0xfe, 0x00, 0x00,
  0x00, 0x00, 0x00, 0x00, 0x23, 0xfe, 0x23, 0xfe, 0x23, 0xfe, 0x00, 0x00, 0x00, 0x00, 0x23, 0xfe, 0x23, 0xfe, 0x23, 0xfe, 0x00, 0x00, 0x23, 0xfe,
  0x23, 0xfe, 0x23, 0xfe, 0x23, 0xfe, 0x00, 0x00, 0x23, 0xfe, 0x23, 0xfe, 0x23, 0xfe, 0x23, 0xfe, 0x23, 0xfe, 0x23, 0xfe, 0x23, 0xfe, 0x23, 0xfe,
  0x23, 0xfe, 0x23, 0xfe, 0x23, 0xfe, 0x23, 0xfe, 0x23, 0xfe, 0x23, 0xfe, 0x47, 0xe1, 0x23, 0xfe, 0x23, 0xfe, 0xdf, 0x2b, 0x23, 0xfe, 0x47, 0xe1,
  0x23, 0xfe, 0x23, 0xfe, 0x23, 0xfe, 0x23, 0xfe, 0x23, 0xfe, 0x23, 0xfe, 0x23, 0xfe, 0x23, 0xfe, 0x23, 0xfe, 0x23, 0xfe, 0x23, 0xfe, 0x23, 0xfe,
  0x81, 0xcc, 0x81, 0xcc, 0x81, 0xcc, 0x81, 0xcc, 0x81, 0xcc, 0x81, 0xcc, 0x81, 0xcc, 0x81, 0xcc, 0x81, 0xcc, 0x81, 0xcc, 0x00, 0x00, 0x00, 0x00,
  0x00, 0xff, 0x00, 0x00, 0x00, 0x00, 0xff, 0x00, 0x00, 0x00, 0xff, 0xff, 0xff, 0x00, 0x00, 0xff, 0xff, 0xff, 0x00, 0xff, 0xff, 0xff, 0xff, 0x00,
  0xff, 0xff, 0xff, 0xff, 0xff, 0xff, 0xff, 0xff, 0xff, 0xff, 0xff, 0xff, 0xff, 0xff, 0xff, 0xff, 0xff, 0xff, 0xff, 0xff, 0xff, 0xff, 0xff, 0xff,
  0xff, 0xff, 0xff, 0xff, 0xff, 0xff, 0xff, 0xff, 0xff, 0xff, 0xff, 0xff, 0xff, 0xff, 0xff, 0xff, 0xff, 0xff,
};
static const lv_image_dsc_t spr_cat_crown = {
    .header = {.magic = LV_IMAGE_HEADER_MAGIC, .cf = LV_COLOR_FORMAT_RGB565A8, .flags = 0,
               .w = 10, .h = 7, .stride = 20, .reserved_2 = 0},
    .data_size = sizeof(spr_cat_crown_px),
    .data = spr_cat_crown_px,
    .reserved = nullptr,
};

static const uint8_t spr_cat_helmet_px[] = {
  0x00, 0x00, 0x00, 0x00, 0x00, 0x00, 0x00, 0x00, 0x9f, 0xe7, 0x9f, 0xe7, 0x9f, 0xe7, 0x9f, 0xe7, 0x9f, 0xe7, 0x00, 0x00, 0x00, 0x00, 0x00, 0x00,
  0x00, 0x00, 0x00, 0x00, 0x00, 0x00, 0x9f, 0xe7, 0x9f, 0xe7, 0xff, 0xff, 0xff, 0xff, 0x9f, 0x96, 0x9f, 0x96, 0x9f, 0x96, 0x9f, 0xe7, 0x9f, 0xe7,
  0x00, 0x00, 0x00, 0x00, 0x00, 0x00, 0x9f, 0xe7, 0x9f, 0x96, 0xff, 0xff, 0x9f, 0x96, 0x9f, 0x96, 0x9f, 0x96, 0x9f, 0x96, 0x9f, 0x96, 0x9f, 0x96,
  0x9f, 0x96, 0x9f, 0xe7, 0x00, 0x00, 0x00, 0x00, 0x9f, 0xe7, 0xff, 0xff, 0x9f, 0x96, 0x9f, 0x96, 0x9f, 0x96, 0x9f, 0x96, 0x9f, 0x96, 0x9f, 0x96,
  0x9f, 0x96, 0x9f, 0x96, 0x9f, 0xe7, 0x00, 0x00, 0x9f, 0xe7, 0x9f, 0x96, 0x9f, 0x96, 0x9f, 0x96, 0x9f, 0x96, 0x9f, 0x96, 0x9f, 0x96, 0x9f, 0x96,
  0x9f, 0x96, 0x9f, 0x96, 0x9f, 0x96, 0x9f, 0x96, 0x9f, 0xe7, 0x9f, 0xe7, 0x9f, 0x96, 0x9f, 0x96, 0x9f, 0x96, 0x9f, 0x96, 0x9f, 0x96, 0x9f, 0x96,
  0x9f, 0x96, 0x9f, 0x96, 0x9f, 0x96, 0x9f, 0x96, 0x9f, 0x96, 0x9f, 0xe7, 0x9f, 0xe7, 0x9f, 0x96, 0x9f, 0x96, 0x9f, 0x96, 0x9f, 0x96, 0x9f, 0x96,
  0x9f, 0x96, 0x9f, 0x96, 0x9f, 0x96, 0x9f, 0x96, 0x9f, 0x96, 0x9f, 0x96, 0x9f, 0xe7, 0x9f, 0xe7, 0x9f, 0x96, 0x9f, 0x96, 0x9f, 0x96, 0x9f, 0x96,
  0x9f, 0x96, 0x9f, 0x96, 0x9f, 0x96, 0x9f, 0x96, 0x9f, 0x96, 0x9f, 0x96, 0x9f, 0x96, 0x9f, 0xe7, 0x00, 0x00, 0x9f, 0xe7, 0x9f, 0x96, 0x9f, 0x96,
  0x9f, 0x96, 0x9f, 0x96, 0x9f, 0x96, 0x9f, 0x96, 0x9f, 0x96, 0x9f, 0x96, 0x9f, 0x96, 0x9f, 0xe7, 0x00, 0x00, 0x00, 0x00, 0x9f, 0xe7, 0x9f, 0x96,
  0x9f, 0x96, 0x9f, 0x96, 0x9f, 0x96, 0x9f, 0x96, 0x9f, 0x96, 0x9f, 0x96, 0x9f, 0x96, 0x9f, 0x96, 0x9f, 0xe7, 0x00, 0x00, 0x00, 0x00, 0x00, 0x00,
  0x7a, 0xce, 0x7a, 0xce, 0x7a, 0xce, 0x7a, 0xce, 0x7a, 0xce, 0x7a, 0xce, 0x7a, 0xce, 0x7a, 0xce, 0x7a, 0xce, 0x00, 0x00, 0x00, 0x00, 0x00, 0x00,
  0x00, 0x00, 0x7a, 0xce, 0x7a, 0xce, 0x7a, 0xce, 0x7a, 0xce, 0x7a, 0xce, 0x7a, 0xce, 0x7a, 0xce, 0x7a, 0xce, 0x7a, 0xce, 0x00, 0x00, 0x00, 0x00,
  0x00, 0x00, 0x00, 0x00, 0xe6, 0xe6, 0xe6, 0xe6, 0xe6, 0x00, 0x00, 0x00, 0x00, 0x00, 0x00, 0xe6, 0xe6, 0xdc, 0xdc, 0x30, 0x30, 0x30, 0xe6, 0xe6,
  0x00, 0x00, 0x00, 0xe6, 0x30, 0xdc, 0x30, 0x30, 0x30, 0x30, 0x30, 0x30, 0x30, 0xe6, 0x00, 0x00, 0xe6, 0xc8, 0x30, 0x30, 0x30, 0x30, 0x30, 0x30,
  0x30, 0x30, 0xe6, 0x00, 0xe6, 0x30, 0x30, 0x30, 0x30, 0x30, 0x30, 0x30, 0x30, 0x30, 0x30, 0x30, 0xe6, 0xe6, 0x30, 0x30, 0x30, 0x30, 0x30, 0x30,
  0x30, 0x30, 0x30, 0x30, 0x30, 0xe6, 0xe6, 0x30, 0x30, 0x30, 0x30, 0x30, 0x30, 0x30, 0x30, 0x30, 0x30, 0x30, 0xe6, 0xe6, 0x30, 0x30, 0x30, 0x30,
  0x30, 0x30, 0x30, 0x30, 0x30, 0x30, 0x30, 0xe6, 0x00, 0xe6, 0x30, 0x30, 0x30, 0x30, 0x30, 0x30, 0x30, 0x30, 0x30, 0xe6, 0x00, 0x00, 0xe6, 0x30,
  0x30, 0x30, 0x30, 0x30, 0x30, 0x30, 0x30, 0x30, 0xe6, 0x00, 0x00, 0x00, 0xff, 0xff, 0xff, 0xff, 0xff, 0xff, 0xff, 0xff, 0xff, 0x00, 0x00, 0x00,
  0x00, 0xff, 0xff, 0xff, 0xff, 0xff, 0xff, 0xff, 0xff, 0xff, 0x00, 0x00,
};
static const lv_image_dsc_t spr_cat_helmet = {
    .header = {.magic = LV_IMAGE_HEADER_MAGIC, .cf = LV_COLOR_FORMAT_RGB565A8, .flags = 0,
               .w = 13, .h = 12, .stride = 26, .reserved_2 = 0},
    .data_size = sizeof(spr_cat_helmet_px),
    .data = spr_cat_helmet_px,
    .reserved = nullptr,
};

static const uint8_t spr_cat_backpack_px[] = {
  0x00, 0x00, 0xe5, 0x79, 0xe5, 0x79, 0xe5, 0x79, 0xe5, 0x79, 0xe5, 0x79, 0x00, 0x00, 0xd9, 0x2a, 0xd9, 0x2a, 0xd9, 0x2a, 0xd9, 0x2a, 0xd9, 0x2a,
  0xd9, 0x2a, 0xd9, 0x2a, 0xd9, 0x2a, 0xd9, 0x2a, 0xd9, 0x2a, 0xd9, 0x2a, 0xd9, 0x2a, 0xd9, 0x2a, 0xd9, 0x2a, 0xd9, 0x2a, 0xd9, 0x2a, 0xd9, 0x2a,
  0x87, 0xfe, 0xd9, 0x2a, 0xd9, 0x2a, 0xd9, 0x2a, 0x86, 0xd9, 0x86, 0xd9, 0x86, 0xd9, 0x86, 0xd9, 0x86, 0xd9, 0x86, 0xd9, 0x86, 0xd9, 0x86, 0xd9,
  0x86, 0xd9, 0x86, 0xd9, 0x86, 0xd9, 0x86, 0xd9, 0x86, 0xd9, 0x86, 0xd9, 0x86, 0xd9, 0x86, 0xd9, 0x86, 0xd9, 0x86, 0xd9, 0x86, 0xd9, 0x86, 0xd9,
  0x86, 0xd9, 0x00, 0xff, 0xff, 0xff, 0xff, 0xff, 0x00, 0xff, 0xff, 0xff, 0xff, 0xff, 0xff, 0xff, 0xff, 0xff, 0xff, 0xff, 0xff, 0xff, 0xff, 0xff,
  0xff, 0xff, 0xff, 0xff, 0xff, 0xff, 0xff, 0xff, 0xff, 0xff, 0xff, 0xff, 0xff, 0xff, 0xff, 0xff, 0xff, 0xff, 0xff, 0xff, 0xff, 0xff, 0xff, 0xff,
  0xff, 0xff, 0xff,
};
static const lv_image_dsc_t spr_cat_backpack = {
    .header = {.magic = LV_IMAGE_HEADER_MAGIC, .cf = LV_COLOR_FORMAT_RGB565A8, .flags = 0,
               .w = 7, .h = 7, .stride = 14, .reserved_2 = 0},
    .data_size = sizeof(spr_cat_backpack_px),
    .data = spr_cat_backpack_px,
    .reserved = nullptr,
};

static const uint8_t spr_cat_umbrella_px[] = {
  0x00, 0x00, 0x00, 0x00, 0x00, 0x00, 0x00, 0x00, 0x00, 0x00, 0x00, 0x00, 0x00, 0x00, 0x00, 0x00, 0x00, 0x00, 0x46, 0x29, 0x00, 0x00, 0x00, 0x00,
  0x00, 0x00, 0x00, 0x00, 0x00, 0x00, 0x00, 0x00, 0x00, 0x00, 0x00, 0x00, 0x00, 0x00, 0x00, 0x00, 0x00, 0x00, 0x00, 0x00, 0x00, 0x00, 0x00, 0x00,
  0x3e, 0x45, 0x3e, 0x45, 0x3e, 0x45, 0xba, 0x1b, 0x3e, 0x45, 0x3e, 0x45, 0x00, 0x00, 0x00, 0x00, 0x00, 0x00, 0x00, 0x00, 0x00, 0x00, 0x00, 0x00,
  0x00, 0x00, 0x00, 0x00, 0x00, 0x00, 0x3e, 0x45, 0x3e, 0x45, 0x3e, 0x45, 0x3e, 0x45, 0x3e, 0x45, 0xba, 0x1b, 0x3e, 0x45, 0xba, 0x1b, 0x3e, 0x45,
  0x3e, 0x45, 0x3e, 0x45, 0x3e, 0x45, 0x00, 0x00, 0x00, 0x00, 0x00, 0x00, 0x00, 0x00, 0x00, 0x00, 0x3e, 0x45, 0x3e, 0x45, 0x3e, 0x45, 0x3e, 0x45,
  0x3e, 0x45, 0xba, 0x1b, 0x3e, 0x45, 0x3e, 0x45, 0xba, 0x1b, 0x3e, 0x45, 0x3e, 0x45, 0x3e, 0x45, 0x3e, 0x45, 0x3e, 0x45, 0x00, 0x00, 0x00, 0x00,
  0x00, 0x00, 0x3e, 0x45, 0x3e, 0x45, 0x3e, 0x45, 0x3e, 0x45, 0x3e, 0x45, 0xba, 0x1b, 0x3e, 0x45, 0x3e, 0x45, 0x3e, 0x45, 0x3e, 0x45, 0xba, 0x1b,
  0x3e, 0x45, 0x3e, 0x45, 0x3e, 0x45, 0x3e, 0x45, 0x3e, 0x45, 0x00, 0x00, 0x00, 0x00, 0x3e, 0x45, 0x3e, 0x45, 0x3e, 0x45, 0x3e, 0x45, 0x3e, 0x45,
  0xba, 0x1b, 0x3e, 0x45, 0x3e, 0x45, 0x3e, 0x45, 0x3e, 0x45, 0x3e, 0x45, 0xba, 0x1b, 0x3e, 0x45, 0x3e, 0x45, 0x3e, 0x45, 0x3e, 0x45, 0x00, 0x00,
  0x3e, 0x45, 0x3e, 0x45, 0x3e, 0x45, 0x3e, 0x45, 0x3e, 0x45, 0xba, 0x1b, 0x3e, 0x45, 0x3e, 0x45, 0x3e, 0x45, 0x3e, 0x45, 0x3e, 0x45, 0x3e, 0x45,
  0xba, 0x1b, 0x3e, 0x45, 0x3e, 0x45, 0x3e, 0x45, 0x3e, 0x45, 0x3e, 0x45, 0xba, 0x1b, 0xba, 0x1b, 0xba, 0x1b, 0xba, 0x1b, 0xba, 0x1b, 0xba, 0x1b,
  0xba, 0x1b, 0xba, 0x1b, 0xba, 0x1b, 0xba, 0x1b, 0xba, 0x1b, 0xba, 0x1b, 0xba, 0x1b, 0xba, 0x1b, 0xba, 0x1b, 0xba, 0x1b, 0xba, 0x1b, 0xba, 0x1b,
  0x00, 0x00, 0x00, 0x00, 0x00, 0x00, 0x00, 0x00, 0x00, 0x00, 0x00, 0x00, 0x00, 0x00, 0x00, 0x00, 0x00, 0x00, 0x27, 0x5a, 0x00, 0x00, 0x00, 0x00,
  0x00, 0x00, 0x00, 0x00, 0x00, 0x00, 0x00, 0x00, 0x00, 0x00, 0x00, 0x00, 0x00, 0x00, 0x00, 0x00, 0x00, 0x00, 0x00, 0x00, 0x00, 0x00, 0x00, 0x00,
  0x00, 0x00, 0x00, 0x00, 0x00, 0x00, 0x27, 0x5a, 0x00, 0x00, 0x00, 0x00, 0x00, 0x00, 0x00, 0x00, 0x00, 0x00, 0x00, 0x00, 0x00, 0x00, 0x00, 0x00,
  0x00, 0x00, 0x00, 0x00, 0x00, 0x00, 0x00, 0x00, 0x00, 0x00, 0x00, 0x00, 0x00, 0x00, 0x00, 0x00, 0x00, 0x00, 0x27, 0x5a, 0x00, 0x00, 0x00, 0x00,
  0x00, 0x00, 0x00, 0x00, 0x00, 0x00, 0x00, 0x00, 0x00, 0x00, 0x00, 0x00, 0x00, 0x00, 0x00, 0x00, 0x00, 0x00, 0x00, 0x00, 0x00, 0x00, 0x00, 0x00,
  0x00, 0x00, 0x00, 0x00, 0x00, 0x00, 0x27, 0x5a, 0x00, 0x00, 0x00, 0x00, 0x00, 0x00, 0x00, 0x00, 0x00, 0x00, 0x00, 0x00, 0x00, 0x00, 0x00, 0x00,
  0x00, 0x00, 0x00, 0x00, 0x00, 0x00, 0x00, 0x00, 0x00, 0x00, 0x00, 0x00, 0x00, 0x00, 0x27, 0x5a, 0x00, 0x00, 0x27, 0x5a, 0x00, 0x00, 0x00, 0x00,
  0x00, 0x00, 0x00, 0x00, 0x00, 0x00, 0x00, 0x00, 0x00, 0x00, 0x00, 0x00, 0x00, 0x00, 0x00, 0x00, 0x00, 0x00, 0x00, 0x00, 0x00, 0x00, 0x00, 0x00,
  0x00, 0x00, 0x00, 0x00, 0x27, 0x5a, 0x00, 0x00, 0x00, 0x00, 0x00, 0x00, 0x00, 0x00, 0x00, 0x00, 0x00, 0x00, 0x00, 0x00, 0x00, 0x00, 0x00, 0x00,
  0x00, 0x00, 0x00, 0x00, 0x00, 0x00, 0x00, 0x00, 0x00, 0xff, 0x00, 0x00, 0x00, 0x00, 0x00, 0x00, 0x00, 0x00, 0x00, 0x00, 0x00, 0x00, 0x00, 0x00,
  0xff, 0xff, 0xff, 0xff, 0xff, 0xff, 0x00, 0x00, 0x00, 0x00, 0x00, 0x00, 0x00, 0x00, 0x00, 0xff, 0xff, 0xff, 0xff, 0xff, 0xff, 0xff, 0xff, 0xff,
  0xff, 0xff, 0xff, 0x00, 0x00, 0x00, 0x00, 0x00, 0xff, 0xff, 0xff, 0xff, 0xff, 0xff, 0xff, 0xff, 0xff, 0xff, 0xff, 0xff, 0xff, 0xff, 0x00, 0x00,
  0x00, 0xff, 0xff, 0xff, 0xff, 0xff, 0xff, 0xff, 0xff, 0xff, 0xff, 0xff, 0xff, 0xff, 0xff, 0xff, 0xff, 0x00, 0x00, 0xff, 0xff, 0xff, 0xff, 0xff,
  0xff, 0xff, 0xff, 0xff, 0xff, 0xff, 0xff, 0xff, 0xff, 0xff, 0xff, 0x00, 0xff, 0xff, 0xff, 0xff, 0xff, 0xff, 0xff, 0xff, 0xff, 0xff, 0xff, 0xff,
  0xff, 0xff, 0xff, 0xff, 0xff, 0xff, 0xff, 0xff, 0xff, 0xff, 0xff, 0xff, 0xff, 0xff, 0xff, 0xff, 0xff, 0xff, 0xff, 0xff, 0xff, 0xff, 0xff, 0xff,
  0x00, 0x00, 0x00, 0x00, 0x00, 0x00, 0x00, 0x00, 0x00, 0xff, 0x00, 0x00, 0x00, 0x00, 0x00, 0x00, 0x00, 0x00, 0x00, 0x00, 0x00, 0x00, 0x00, 0x00,
  0x00, 0x00, 0x00, 0xff, 0x00, 0x00, 0x00, 0x00, 0x00, 0x00, 0x00, 0x00, 0x00, 0x00, 0x00, 0x00, 0x00, 0x00, 0x00, 0x00, 0x00, 0xff, 0x00, 0x00,
  0x00, 0x00, 0x00, 0x00, 0x00, 0x00, 0x00, 0x00, 0x00, 0x00, 0x00, 0x00, 0x00, 0x00, 0x00, 0xff, 0x00, 0x00, 0x00, 0x00, 0x00, 0x00, 0x00, 0x00,
  0x00, 0x00, 0x00, 0x00, 0x00, 0x00, 0x00, 0xff, 0x00, 0xff, 0x00, 0x00, 0x00, 0x00, 0x00, 0x00, 0x00, 0x00, 0x00, 0x00, 0x00, 0x00, 0x00, 0x00,
  0x00, 0x00, 0xff, 0x00, 0x00, 0x00, 0x00, 0x00, 0x00, 0x00, 0x00, 0x00,
};
static const lv_image_dsc_t spr_cat_umbrella = {
    .header = {.magic = LV_IMAGE_HEADER_MAGIC, .cf = LV_COLOR_FORMAT_RGB565A8, .flags = 0,
               .w = 18, .h = 14, .stride = 36, .reserved_2 = 0},
    .data_size = sizeof(spr_cat_umbrella_px),
    .data = spr_cat_umbrella_px,
    .reserved = nullptr,
};

static const uint8_t spr_cat_bowl_px[] = {
  0x00, 0x00, 0x00, 0x00, 0x00, 0x00, 0x00, 0x00, 0x00, 0x00, 0x00, 0x00, 0x00, 0x00, 0x00, 0x00, 0x00, 0x00, 0x3e, 0x45, 0x3f, 0xb7, 0x3f, 0xb7,
  0x3f, 0xb7, 0x3f, 0xb7, 0x3f, 0xb7, 0x3f, 0xb7, 0x3f, 0xb7, 0x3e, 0x45, 0x3e, 0x45, 0x3e, 0x45, 0x3e, 0x45, 0x3e, 0x45, 0x3e, 0x45, 0x3e, 0x45,
  0x3e, 0x45, 0x3e, 0x45, 0x3e, 0x45, 0x00, 0x00, 0x3e, 0x45, 0x3e, 0x45, 0x3e, 0x45, 0x3e, 0x45, 0x3e, 0x45, 0x3e, 0x45, 0x3e, 0x45, 0x00, 0x00,
  0x00, 0x00, 0x3e, 0x45, 0xba, 0x1b, 0xba, 0x1b, 0xba, 0x1b, 0xba, 0x1b, 0xba, 0x1b, 0x3e, 0x45, 0x00, 0x00, 0x00, 0x00, 0x00, 0x00, 0x00, 0x00,
  0x00, 0x00, 0x00, 0xff, 0xff, 0xff, 0xff, 0xff, 0xff, 0xff, 0xff, 0xff, 0xff, 0xff, 0xff, 0xff, 0xff, 0xff, 0xff, 0xff, 0xff, 0x00, 0xff, 0xff,
  0xff, 0xff, 0xff, 0xff, 0xff, 0x00, 0x00, 0xff, 0xff, 0xff, 0xff, 0xff, 0xff, 0xff, 0x00,
};
static const lv_image_dsc_t spr_cat_bowl = {
    .header = {.magic = LV_IMAGE_HEADER_MAGIC, .cf = LV_COLOR_FORMAT_RGB565A8, .flags = 0,
               .w = 9, .h = 5, .stride = 18, .reserved_2 = 0},
    .data_size = sizeof(spr_cat_bowl_px),
    .data = spr_cat_bowl_px,
    .reserved = nullptr,
};

static const uint8_t spr_cat_kulich_px[] = {
  0x00, 0x00, 0x00, 0x00, 0xde, 0xff, 0xde, 0xff, 0xde, 0xff, 0xde, 0xff, 0xde, 0xff, 0x00, 0x00, 0x00, 0x00, 0x00, 0x00, 0xde, 0xff, 0xde, 0xff,
  0xde, 0xff, 0x3f, 0x46, 0xde, 0xff, 0xde, 0xff, 0xde, 0xff, 0x00, 0x00, 0xde, 0xff, 0xde, 0xff, 0x10, 0xfa, 0xde, 0xff, 0xde, 0xff, 0xde, 0xff,
  0xa0, 0xfe, 0xde, 0xff, 0xde, 0xff, 0xde, 0xff, 0xde, 0xff, 0xde, 0xff, 0x95, 0x6f, 0xde, 0xff, 0x10, 0xfa, 0xde, 0xff, 0xde, 0xff, 0xde, 0xff,
  0x00, 0x00, 0xde, 0xff, 0xde, 0xff, 0xde, 0xff, 0xde, 0xff, 0xde, 0xff, 0xde, 0xff, 0xde, 0xff, 0x00, 0x00, 0x00, 0x00, 0xde, 0xff, 0xde, 0xff,
  0xde, 0xff, 0xde, 0xff, 0xde, 0xff, 0xde, 0xff, 0xde, 0xff, 0x00, 0x00, 0x00, 0x00, 0xde, 0xff, 0x85, 0xbb, 0x85, 0xbb, 0xde, 0xff, 0x85, 0xbb,
  0x85, 0xbb, 0xde, 0xff, 0x00, 0x00, 0x00, 0x00, 0x85, 0xbb, 0x85, 0xbb, 0x85, 0xbb, 0xde, 0xff, 0x85, 0xbb, 0x85, 0xbb, 0x83, 0x92, 0x00, 0x00,
  0x00, 0x00, 0x85, 0xbb, 0x85, 0xbb, 0x85, 0xbb, 0x85, 0xbb, 0x85, 0xbb, 0x85, 0xbb, 0x83, 0x92, 0x00, 0x00, 0x00, 0x00, 0x85, 0xbb, 0x85, 0xbb,
  0x85, 0xbb, 0x85, 0xbb, 0x85, 0xbb, 0x85, 0xbb, 0x83, 0x92, 0x00, 0x00, 0x00, 0x00, 0x85, 0xbb, 0x85, 0xbb, 0x85, 0xbb, 0x85, 0xbb, 0x85, 0xbb,
  0x85, 0xbb, 0x83, 0x92, 0x00, 0x00, 0x00, 0x00, 0x83, 0x92, 0x83, 0x92, 0x83, 0x92, 0x83, 0x92, 0x83, 0x92, 0x83, 0x92, 0x83, 0x92, 0x00, 0x00,
  0x00, 0x00, 0xff, 0xff, 0xff, 0xff, 0xff, 0x00, 0x00, 0x00, 0xff, 0xff, 0xff, 0xff, 0xff, 0xff, 0xff, 0x00, 0xff, 0xff, 0xff, 0xff, 0xff, 0xff,
  0xff, 0xff, 0xff, 0xff, 0xff, 0xff, 0xff, 0xff, 0xff, 0xff, 0xff, 0xff, 0x00, 0xff, 0xff, 0xff, 0xff, 0xff, 0xff, 0xff, 0x00, 0x00, 0xff, 0xff,
  0xff, 0xff, 0xff, 0xff, 0xff, 0x00, 0x00, 0xff, 0xff, 0xff, 0xff, 0xff, 0xff, 0xff, 0x00, 0x00, 0xff, 0xff, 0xff, 0xff, 0xff, 0xff, 0xff, 0x00,
  0x00, 0xff, 0xff, 0xff, 0xff, 0xff, 0xff, 0xff, 0x00, 0x00, 0xff, 0xff, 0xff, 0xff, 0xff, 0xff, 0xff, 0x00, 0x00, 0xff, 0xff, 0xff, 0xff, 0xff,
  0xff, 0xff, 0x00, 0x00, 0xff, 0xff, 0xff, 0xff, 0xff, 0xff, 0xff, 0x00,
};
static const lv_image_dsc_t spr_cat_kulich = {
    .header = {.magic = LV_IMAGE_HEADER_MAGIC, .cf = LV_COLOR_FORMAT_RGB565A8, .flags = 0,
               .w = 9, .h = 12, .stride = 18, .reserved_2 = 0},
    .data_size = sizeof(spr_cat_kulich_px),
    .data = spr_cat_kulich_px,
    .reserved = nullptr,
};

static const uint8_t spr_cat_pancakes_px[] = {
  0x00, 0x00, 0x00, 0x00, 0xc9, 0xf5, 0xc9, 0xf5, 0xc9, 0xf5, 0x71, 0xff, 0x71, 0xff, 0xc9, 0xf5, 0xc9, 0xf5, 0xc9, 0xf5, 0x00, 0x00, 0x00, 0x00,
  0x00, 0x00, 0xc9, 0xf5, 0xc9, 0xf5, 0xc9, 0xf5, 0xc9, 0xf5, 0xc9, 0xf5, 0xc9, 0xf5, 0xc9, 0xf5, 0xc9, 0xf5, 0xc9, 0xf5, 0xc9, 0xf5, 0x00, 0x00,
  0x00, 0x00, 0x00, 0x00, 0x45, 0xd4, 0x45, 0xd4, 0x45, 0xd4, 0x45, 0xd4, 0x45, 0xd4, 0x45, 0xd4, 0x45, 0xd4, 0x45, 0xd4, 0x00, 0x00, 0x00, 0x00,
  0x00, 0x00, 0xc9, 0xf5, 0xc9, 0xf5, 0xc9, 0xf5, 0xc9, 0xf5, 0xc9, 0xf5, 0xc9, 0xf5, 0xc9, 0xf5, 0xc9, 0xf5, 0xc9, 0xf5, 0xc9, 0xf5, 0x00, 0x00,
  0x9e, 0xef, 0x9e, 0xef, 0x9e, 0xef, 0x9e, 0xef, 0x9e, 0xef, 0x9e, 0xef, 0x9e, 0xef, 0x9e, 0xef, 0x9e, 0xef, 0x9e, 0xef, 0x9e, 0xef, 0x9e, 0xef,
  0x00, 0x00, 0x00, 0x00, 0x9e, 0xef, 0x9e, 0xef, 0x9e, 0xef, 0x9e, 0xef, 0x9e, 0xef, 0x9e, 0xef, 0x9e, 0xef, 0x9e, 0xef, 0x00, 0x00, 0x00, 0x00,
  0x00, 0x00, 0xff, 0xff, 0xff, 0xff, 0xff, 0xff, 0xff, 0xff, 0x00, 0x00, 0x00, 0xff, 0xff, 0xff, 0xff, 0xff, 0xff, 0xff, 0xff, 0xff, 0xff, 0x00,
  0x00, 0x00, 0xff, 0xff, 0xff, 0xff, 0xff, 0xff, 0xff, 0xff, 0x00, 0x00, 0x00, 0xff, 0xff, 0xff, 0xff, 0xff, 0xff, 0xff, 0xff, 0xff, 0xff, 0x00,
  0xff, 0xff, 0xff, 0xff, 0xff, 0xff, 0xff, 0xff, 0xff, 0xff, 0xff, 0xff, 0x00, 0x00, 0xff, 0xff, 0xff, 0xff, 0xff, 0xff, 0xff, 0xff, 0x00, 0x00,
};
static const lv_image_dsc_t spr_cat_pancakes = {
    .header = {.magic = LV_IMAGE_HEADER_MAGIC, .cf = LV_COLOR_FORMAT_RGB565A8, .flags = 0,
               .w = 12, .h = 6, .stride = 24, .reserved_2 = 0},
    .data_size = sizeof(spr_cat_pancakes_px),
    .data = spr_cat_pancakes_px,
    .reserved = nullptr,
};

static const uint8_t spr_flake_px[] = {
  0x00, 0x00, 0x00, 0x00, 0x00, 0x00, 0xbf, 0xef, 0x00, 0x00, 0x00, 0x00, 0x00, 0x00, 0x00, 0x00, 0xbf, 0xef, 0x00, 0x00, 0xbf, 0xef, 0x00, 0x00,
  0xbf, 0xef, 0x00, 0x00, 0x00, 0x00, 0x00, 0x00, 0xbf, 0xef, 0xbf, 0xef, 0xbf, 0xef, 0x00, 0x00, 0x00, 0x00, 0xbf, 0xef, 0xbf, 0xef, 0xbf, 0xef,
  0xbf, 0xef, 0xbf, 0xef, 0xbf, 0xef, 0xbf, 0xef, 0x00, 0x00, 0x00, 0x00, 0xbf, 0xef, 0xbf, 0xef, 0xbf, 0xef, 0x00, 0x00, 0x00, 0x00, 0x00, 0x00,
  0xbf, 0xef, 0x00, 0x00, 0xbf, 0xef, 0x00, 0x00, 0xbf, 0xef, 0x00, 0x00, 0x00, 0x00, 0x00, 0x00, 0x00, 0x00, 0xbf, 0xef, 0x00, 0x00, 0x00, 0x00,
  0x00, 0x00, 0x00, 0x00, 0x00, 0xff, 0x00, 0x00, 0x00, 0x00, 0xff, 0x00, 0xff, 0x00, 0xff, 0x00, 0x00, 0x00, 0xff, 0xff, 0xff, 0x00, 0x00, 0xff,
  0xff, 0xff, 0xff, 0xff, 0xff, 0xff, 0x00, 0x00, 0xff, 0xff, 0xff, 0x00, 0x00, 0x00, 0xff, 0x00, 0xff, 0x00, 0xff, 0x00, 0x00, 0x00, 0x00, 0xff,
  0x00, 0x00, 0x00,
};
static const lv_image_dsc_t spr_flake = {
    .header = {.magic = LV_IMAGE_HEADER_MAGIC, .cf = LV_COLOR_FORMAT_RGB565A8, .flags = 0,
               .w = 7, .h = 7, .stride = 14, .reserved_2 = 0},
    .data_size = sizeof(spr_flake_px),
    .data = spr_flake_px,
    .reserved = nullptr,
};

static const uint8_t spr_mouse_r0_px[] = {
  0x00, 0x00, 0x00, 0x00, 0x00, 0x00, 0x00, 0x00, 0x00, 0x00, 0x00, 0x00, 0x00, 0x00, 0x00, 0x00, 0x00, 0x00, 0x00, 0x00, 0x00, 0x00, 0x00, 0x00,
  0x00, 0x00, 0x00, 0x00, 0x00, 0x00, 0x00, 0x00, 0x00, 0x00, 0x00, 0x00, 0x00, 0x00, 0x00, 0x00, 0x00, 0x00, 0x00, 0x00, 0x00, 0x00, 0x56, 0xf5,
  0x00, 0x00, 0x00, 0x00, 0x00, 0x00, 0x00, 0x00, 0x00, 0x00, 0x00, 0x00, 0x00, 0x00, 0x00, 0x00, 0x00, 0x00, 0x56, 0xad, 0x56, 0xad, 0x56, 0xad,
  0x56, 0xf5, 0x56, 0xf5, 0x56, 0xf5, 0x00, 0x00, 0x00, 0x00, 0x00, 0x00, 0x15, 0xe5, 0x15, 0xe5, 0x00, 0x00, 0x00, 0x00, 0x56, 0xad, 0x56, 0xad,
  0x56, 0xad, 0x56, 0xad, 0x56, 0xad, 0x56, 0xf5, 0x56, 0xad, 0xc2, 0x18, 0x00, 0x00, 0x00, 0x00, 0x00, 0x00, 0x00, 0x00, 0x15, 0xe5, 0x56, 0xad,
  0x56, 0xad, 0x56, 0xad, 0x56, 0xad, 0x56, 0xad, 0x56, 0xad, 0x56, 0xad, 0x56, 0xad, 0x56, 0xad, 0x56, 0xad, 0xb4, 0xf4, 0x00, 0x00, 0x00, 0x00,
  0x00, 0x00, 0x00, 0x00, 0x56, 0xad, 0x56, 0xad, 0x56, 0xad, 0x56, 0xad, 0x56, 0xad, 0x56, 0xad, 0x56, 0xad, 0x00, 0x00, 0x00, 0x00, 0x00, 0x00,
  0x00, 0x00, 0x00, 0x00, 0x00, 0x00, 0x00, 0x00, 0xd0, 0x7b, 0x56, 0xad, 0x56, 0xad, 0x56, 0xad, 0x56, 0xad, 0x56, 0xad, 0xd0, 0x7b, 0x00, 0x00,
  0x00, 0x00, 0x00, 0x00, 0x00, 0x00, 0x00, 0x00, 0x00, 0x00, 0x00, 0x00, 0x00, 0x00, 0x00, 0x00, 0x00, 0x00, 0x00, 0x00, 0x00, 0x00, 0x00, 0x00,
  0x00, 0x00, 0x00, 0xff, 0x00, 0x00, 0x00, 0x00, 0x00, 0x00, 0x00, 0x00, 0x00, 0xff, 0xff, 0xff, 0xff, 0xff, 0xff, 0x00, 0x00, 0x00, 0xff, 0xff,
  0x00, 0x00, 0xff, 0xff, 0xff, 0xff, 0xff, 0xff, 0xff, 0xff, 0x00, 0x00, 0x00, 0x00, 0xff, 0xff, 0xff, 0xff, 0xff, 0xff, 0xff, 0xff, 0xff, 0xff,
  0xff, 0xff, 0x00, 0x00, 0x00, 0x00, 0xff, 0xff, 0xff, 0xff, 0xff, 0xff, 0xff, 0x00, 0x00, 0x00, 0x00, 0x00, 0x00, 0x00, 0xff, 0xff, 0xff, 0xff,
  0xff, 0xff, 0xff, 0x00, 0x00, 0x00,
};
static const lv_image_dsc_t spr_mouse_r0 = {
    .header = {.magic = LV_IMAGE_HEADER_MAGIC, .cf = LV_COLOR_FORMAT_RGB565A8, .flags = 0,
               .w = 14, .h = 7, .stride = 28, .reserved_2 = 0},
    .data_size = sizeof(spr_mouse_r0_px),
    .data = spr_mouse_r0_px,
    .reserved = nullptr,
};

static const uint8_t spr_mouse_l0_px[] = {
  0x00, 0x00, 0x00, 0x00, 0x00, 0x00, 0x00, 0x00, 0x00, 0x00, 0x00, 0x00, 0x00, 0x00, 0x00, 0x00, 0x00, 0x00, 0x00, 0x00, 0x00, 0x00, 0x00, 0x00,
  0x00, 0x00, 0x00, 0x00, 0x00, 0x00, 0x00, 0x00, 0x00, 0x00, 0x00, 0x00, 0x56, 0xf5, 0x00, 0x00, 0x00, 0x00, 0x00, 0x00, 0x00, 0x00, 0x00, 0x00,
  0x00, 0x00, 0x00, 0x00, 0x00, 0x00, 0x00, 0x00, 0x00, 0x00, 0x00, 0x00, 0x00, 0x00, 0x56, 0xf5, 0x56, 0xf5, 0x56, 0xf5, 0x56, 0xad, 0x56, 0xad,
  0x56, 0xad, 0x00, 0x00, 0x00, 0x00, 0x00, 0x00, 0x00, 0x00, 0x00, 0x00, 0x00, 0x00, 0x00, 0x00, 0xc2, 0x18, 0x56, 0xad, 0x56, 0xf5, 0x56, 0xad,
  0x56, 0xad, 0x56, 0xad, 0x56, 0xad, 0x56, 0xad, 0x00, 0x00, 0x00, 0x00, 0x15, 0xe5, 0x15, 0xe5, 0xb4, 0xf4, 0x56, 0xad, 0x56, 0xad, 0x56, 0xad,
  0x56, 0xad, 0x56, 0xad, 0x56, 0xad, 0x56, 0xad, 0x56, 0xad, 0x56, 0xad, 0x56, 0xad, 0x15, 0xe5, 0x00, 0x00, 0x00, 0x00, 0x00, 0x00, 0x00, 0x00,
  0x00, 0x00, 0x56, 0xad, 0x56, 0xad, 0x56, 0xad, 0x56, 0xad, 0x56, 0xad, 0x56, 0xad, 0x56, 0xad, 0x00, 0x00, 0x00, 0x00, 0x00, 0x00, 0x00, 0x00,
  0x00, 0x00, 0x00, 0x00, 0x00, 0x00, 0xd0, 0x7b, 0x56, 0xad, 0x56, 0xad, 0x56, 0xad, 0x56, 0xad, 0x56, 0xad, 0xd0, 0x7b, 0x00, 0x00, 0x00, 0x00,
  0x00, 0x00, 0x00, 0x00, 0x00, 0x00, 0x00, 0x00, 0x00, 0x00, 0x00, 0x00, 0x00, 0x00, 0x00, 0x00, 0x00, 0x00, 0x00, 0x00, 0x00, 0x00, 0xff, 0x00,
  0x00, 0x00, 0x00, 0x00, 0x00, 0x00, 0x00, 0x00, 0x00, 0x00, 0x00, 0xff, 0xff, 0xff, 0xff, 0xff, 0xff, 0x00, 0x00, 0x00, 0x00, 0x00, 0x00, 0x00,
  0xff, 0xff, 0xff, 0xff, 0xff, 0xff, 0xff, 0xff, 0x00, 0x00, 0xff, 0xff, 0xff, 0xff, 0xff, 0xff, 0xff, 0xff, 0xff, 0xff, 0xff, 0xff, 0xff, 0xff,
  0x00, 0x00, 0x00, 0x00, 0x00, 0xff, 0xff, 0xff, 0xff, 0xff, 0xff, 0xff, 0x00, 0x00, 0x00, 0x00, 0x00, 0x00, 0x00, 0xff, 0xff, 0xff, 0xff, 0xff,
  0xff, 0xff, 0x00, 0x00, 0x00, 0x00,
};
static const lv_image_dsc_t spr_mouse_l0 = {
    .header = {.magic = LV_IMAGE_HEADER_MAGIC, .cf = LV_COLOR_FORMAT_RGB565A8, .flags = 0,
               .w = 14, .h = 7, .stride = 28, .reserved_2 = 0},
    .data_size = sizeof(spr_mouse_l0_px),
    .data = spr_mouse_l0_px,
    .reserved = nullptr,
};

static const uint8_t spr_mouse_r1_px[] = {
  0x00, 0x00, 0x00, 0x00, 0x00, 0x00, 0x00, 0x00, 0x00, 0x00, 0x00, 0x00, 0x00, 0x00, 0x00, 0x00, 0x00, 0x00, 0x00, 0x00, 0x00, 0x00, 0x00, 0x00,
  0x00, 0x00, 0x00, 0x00, 0x00, 0x00, 0x00, 0x00, 0x00, 0x00, 0x00, 0x00, 0x00, 0x00, 0x00, 0x00, 0x00, 0x00, 0x00, 0x00, 0x00, 0x00, 0x56, 0xf5,
  0x00, 0x00, 0x00, 0x00, 0x00, 0x00, 0x00, 0x00, 0x00, 0x00, 0x00, 0x00, 0x00, 0x00, 0x00, 0x00, 0x00, 0x00, 0x56, 0xad, 0x56, 0xad, 0x56, 0xad,
  0x56, 0xf5, 0x56, 0xf5, 0x56, 0xf5, 0x00, 0x00, 0x00, 0x00, 0x00, 0x00, 0x15, 0xe5, 0x15, 0xe5, 0x00, 0x00, 0x00, 0x00, 0x56, 0xad, 0x56, 0xad,
  0x56, 0xad, 0x56, 0xad, 0x56, 0xad, 0x56, 0xf5, 0x56, 0xad, 0xc2, 0x18, 0x00, 0x00, 0x00, 0x00, 0x00, 0x00, 0x00, 0x00, 0x15, 0xe5, 0x56, 0xad,
  0x56, 0xad, 0x56, 0xad, 0x56, 0xad, 0x56, 0xad, 0x56, 0xad, 0x56, 0xad, 0x56, 0xad, 0x56, 0xad, 0x56, 0xad, 0xb4, 0xf4, 0x00, 0x00, 0x00, 0x00,
  0x00, 0x00, 0x00, 0x00, 0x56, 0xad, 0x56, 0xad, 0x56, 0xad, 0x56, 0xad, 0x56, 0xad, 0x56, 0xad, 0x56, 0xad, 0x00, 0x00, 0x00, 0x00, 0x00, 0x00,
  0x00, 0x00, 0x00, 0x00, 0x00, 0x00, 0x00, 0x00, 0x00, 0x00, 0xd0, 0x7b, 0x56, 0xad, 0x56, 0xad, 0x56, 0xad, 0xd0, 0x7b, 0x00, 0x00, 0x00, 0x00,
  0x00, 0x00, 0x00, 0x00, 0x00, 0x00, 0x00, 0x00, 0x00, 0x00, 0x00, 0x00, 0x00, 0x00, 0x00, 0x00, 0x00, 0x00, 0x00, 0x00, 0x00, 0x00, 0x00, 0x00,
  0x00, 0x00, 0x00, 0xff, 0x00, 0x00, 0x00, 0x00, 0x00, 0x00, 0x00, 0x00, 0x00, 0xff, 0xff, 0xff, 0xff, 0xff, 0xff, 0x00, 0x00, 0x00, 0xff, 0xff,
  0x00, 0x00, 0xff, 0xff, 0xff, 0xff, 0xff, 0xff, 0xff, 0xff, 0x00, 0x00, 0x00, 0x00, 0xff, 0xff, 0xff, 0xff, 0xff, 0xff, 0xff, 0xff, 0xff, 0xff,
  0xff, 0xff, 0x00, 0x00, 0x00, 0x00, 0xff, 0xff, 0xff, 0xff, 0xff, 0xff, 0xff, 0x00, 0x00, 0x00, 0x00, 0x00, 0x00, 0x00, 0x00, 0xff, 0xff, 0xff,
  0xff, 0xff, 0x00, 0x00, 0x00, 0x00,
};
static const lv_image_dsc_t spr_mouse_r1 = {
    .header = {.magic = LV_IMAGE_HEADER_MAGIC, .cf = LV_COLOR_FORMAT_RGB565A8, .flags = 0,
               .w = 14, .h = 7, .stride = 28, .reserved_2 = 0},
    .data_size = sizeof(spr_mouse_r1_px),
    .data = spr_mouse_r1_px,
    .reserved = nullptr,
};

static const uint8_t spr_mouse_l1_px[] = {
  0x00, 0x00, 0x00, 0x00, 0x00, 0x00, 0x00, 0x00, 0x00, 0x00, 0x00, 0x00, 0x00, 0x00, 0x00, 0x00, 0x00, 0x00, 0x00, 0x00, 0x00, 0x00, 0x00, 0x00,
  0x00, 0x00, 0x00, 0x00, 0x00, 0x00, 0x00, 0x00, 0x00, 0x00, 0x00, 0x00, 0x56, 0xf5, 0x00, 0x00, 0x00, 0x00, 0x00, 0x00, 0x00, 0x00, 0x00, 0x00,
  0x00, 0x00, 0x00, 0x00, 0x00, 0x00, 0x00, 0x00, 0x00, 0x00, 0x00, 0x00, 0x00, 0x00, 0x56, 0xf5, 0x56, 0xf5, 0x56, 0xf5, 0x56, 0xad, 0x56, 0xad,
  0x56, 0xad, 0x00, 0x00, 0x00, 0x00, 0x00, 0x00, 0x00, 0x00, 0x00, 0x00, 0x00, 0x00, 0x00, 0x00, 0xc2, 0x18, 0x56, 0xad, 0x56, 0xf5, 0x56, 0xad,
  0x56, 0xad, 0x56, 0xad, 0x56, 0xad, 0x56, 0xad, 0x00, 0x00, 0x00, 0x00, 0x15, 0xe5, 0x15, 0xe5, 0xb4, 0xf4, 0x56, 0xad, 0x56, 0xad, 0x56, 0xad,
  0x56, 0xad, 0x56, 0xad, 0x56, 0xad, 0x56, 0xad, 0x56, 0xad, 0x56, 0xad, 0x56, 0xad, 0x15, 0xe5, 0x00, 0x00, 0x00, 0x00, 0x00, 0x00, 0x00, 0x00,
  0x00, 0x00, 0x56, 0xad, 0x56, 0xad, 0x56, 0xad, 0x56, 0xad, 0x56, 0xad, 0x56, 0xad, 0x56, 0xad, 0x00, 0x00, 0x00, 0x00, 0x00, 0x00, 0x00, 0x00,
  0x00, 0x00, 0x00, 0x00, 0x00, 0x00, 0x00, 0x00, 0xd0, 0x7b, 0x56, 0xad, 0x56, 0xad, 0x56, 0xad, 0xd0, 0x7b, 0x00, 0x00, 0x00, 0x00, 0x00, 0x00,
  0x00, 0x00, 0x00, 0x00, 0x00, 0x00, 0x00, 0x00, 0x00, 0x00, 0x00, 0x00, 0x00, 0x00, 0x00, 0x00, 0x00, 0x00, 0x00, 0x00, 0x00, 0x00, 0xff, 0x00,
  0x00, 0x00, 0x00, 0x00, 0x00, 0x00, 0x00, 0x00, 0x00, 0x00, 0x00, 0xff, 0xff, 0xff, 0xff, 0xff, 0xff, 0x00, 0x00, 0x00, 0x00, 0x00, 0x00, 0x00,
  0xff, 0xff, 0xff, 0xff, 0xff, 0xff, 0xff, 0xff, 0x00, 0x00, 0xff, 0xff, 0xff, 0xff, 0xff, 0xff, 0xff, 0xff, 0xff, 0xff, 0xff, 0xff, 0xff, 0xff,
  0x00, 0x00, 0x00, 0x00, 0x00, 0xff, 0xff, 0xff, 0xff, 0xff, 0xff, 0xff, 0x00, 0x00, 0x00, 0x00, 0x00, 0x00, 0x00, 0x00, 0xff, 0xff, 0xff, 0xff,
  0xff, 0x00, 0x00, 0x00, 0x00, 0x00,
};
static const lv_image_dsc_t spr_mouse_l1 = {
    .header = {.magic = LV_IMAGE_HEADER_MAGIC, .cf = LV_COLOR_FORMAT_RGB565A8, .flags = 0,
               .w = 14, .h = 7, .stride = 28, .reserved_2 = 0},
    .data_size = sizeof(spr_mouse_l1_px),
    .data = spr_mouse_l1_px,
    .reserved = nullptr,
};

// Точки на коте, в полуклетках сетки спрайта: макушка (низ шапки),
// середина головы (шлем) и спина (ранец)
struct CatAnchor {
  const lv_image_dsc_t *img;
  int16_t hat_x, hat_y, head_x, head_y, back_x, back_y;
};
static const CatAnchor CAT_ANCHORS[] = {
    {&spr_cat_run_r0, 42, 6, 41, 11, 20, 11},
    {&spr_cat_run_l0, 10, 6, 11, 11, 32, 11},
    {&spr_cat_run_r1, 42, 4, 41, 9, 20, 9},
    {&spr_cat_run_l1, 10, 4, 11, 9, 32, 9},
    {&spr_cat_run_r2, 42, 6, 41, 11, 20, 11},
    {&spr_cat_run_l2, 10, 6, 11, 11, 32, 11},
    {&spr_cat_run_r3, 42, 8, 41, 13, 20, 13},
    {&spr_cat_run_l3, 10, 8, 11, 13, 32, 13},
    {&spr_cat_sit_r, 32, 4, 31, 9, 16, 19},
    {&spr_cat_sit_l, 20, 4, 21, 9, 36, 19},
    {&spr_cat_blink_r, 32, 4, 31, 9, 16, 19},
    {&spr_cat_blink_l, 20, 4, 21, 9, 36, 19},
    {&spr_cat_look_r, 32, 4, 31, 9, 16, 19},
    {&spr_cat_look_l, 20, 4, 21, 9, 36, 19},
    {&spr_cat_paw_r, 32, 4, 31, 9, 16, 19},
    {&spr_cat_paw_l, 20, 4, 21, 9, 36, 19},
    {&spr_cat_drink_r0, 40, 12, 39, 20, 20, 16},
    {&spr_cat_drink_l0, 12, 12, 13, 20, 32, 16},
    {&spr_cat_drink_r1, 40, 14, 39, 22, 20, 16},
    {&spr_cat_drink_l1, 12, 14, 13, 22, 32, 16},
    {&spr_cat_sleep, 40, 12, 38, 17, 20, 14},
};

// Кончик поднятой лапы, в полуклетках: [0] — кот смотрит вправо, [1] — влево
static const int16_t PAW_TIP[2][2] = {{43, 13}, {9, 13}};

// Где стоит миска (кулич, блины) у морды кота: середина её низа, в
// полуклетках; [0] — вправо, [1] — влево
static const int16_t BOWL_AT[2][2] = {{50, 32}, {2, 32}};

}  // namespace critters
}  // namespace esphome
