// Сгенерировано tools/make_planets.py — не править вручную.
#pragma once

#include <lvgl.h>

namespace esphome {
namespace weather_fx {

static const uint8_t pl_venus_px[] = {
  0x00, 0x00, 0x00, 0x00, 0x00, 0x00, 0x00, 0x00, 0x00, 0x00, 0x00, 0x00, 0x00, 0x00, 0x00, 0x00, 0x00, 0x00, 0x00, 0x00, 0x00, 0x00, 0x00, 0x00,
  0x00, 0x00, 0x77, 0xff, 0x77, 0xff, 0x77, 0xff, 0x77, 0xff, 0x77, 0xff, 0x77, 0xff, 0x77, 0xff, 0x77, 0xff, 0x77, 0xff, 0x77, 0xff, 0x77, 0xff,
  0x77, 0xff, 0x77, 0xff, 0x77, 0xff, 0x00, 0x00, 0x00, 0x00, 0x00, 0x00, 0x00, 0x00, 0x00, 0x00, 0x00, 0x00, 0x00, 0x00, 0x00, 0x00, 0x00, 0x00,
  0x00, 0x00, 0x00, 0x00, 0x00, 0x00, 0x00, 0x00, 0x00, 0x00, 0x00, 0x00, 0x00, 0x00, 0x00, 0x00, 0x00, 0x00, 0x00, 0x00, 0x00, 0x00, 0x00, 0x00,
  0x00, 0x00, 0x00, 0x00, 0x00, 0x00, 0x77, 0xff, 0x77, 0xff, 0x77, 0xff, 0x77, 0xff, 0x77, 0xff, 0x77, 0xff, 0x77, 0xff, 0x77, 0xff, 0x77, 0xff,
  0x77, 0xff, 0x77, 0xff, 0x77, 0xff, 0x77, 0xff, 0x77, 0xff, 0x77, 0xff, 0x77, 0xff, 0x77, 0xff, 0x77, 0xff, 0x00, 0x00, 0x00, 0x00, 0x00, 0x00,
  0x00, 0x00, 0x00, 0x00, 0x00, 0x00, 0x00, 0x00, 0x00, 0x00, 0x00, 0x00, 0x00, 0x00, 0x00, 0x00, 0x00, 0x00, 0x00, 0x00, 0x00, 0x00, 0x00, 0x00,
  0x00, 0x00, 0x00, 0x00, 0x00, 0x00, 0x00, 0x00, 0x00, 0x00, 0x77, 0xff, 0x77, 0xff, 0x77, 0xff, 0x77, 0xff, 0x77, 0xff, 0x77, 0xff, 0x77, 0xff,
  0x77, 0xff, 0x77, 0xff, 0x77, 0xff, 0x77, 0xff, 0x77, 0xff, 0x77, 0xff, 0x77, 0xff, 0x77, 0xff, 0x77, 0xff, 0x77, 0xff, 0x77, 0xff, 0x77, 0xff,
  0x77, 0xff, 0x77, 0xff, 0x77, 0xff, 0x00, 0x00, 0x00, 0x00, 0x00, 0x00, 0x00, 0x00, 0x00, 0x00, 0x00, 0x00, 0x00, 0x00, 0x00, 0x00, 0x00, 0x00,
  0x00, 0x00, 0x00, 0x00, 0x00, 0x00, 0x00, 0x00, 0x00, 0x00, 0x00, 0x00, 0x00, 0x00, 0x77, 0xff, 0x77, 0xff, 0x77, 0xff, 0x77, 0xff, 0x77, 0xff,
  0x77, 0xff, 0x77, 0xff, 0x77, 0xff, 0x77, 0xff, 0x77, 0xff, 0x77, 0xff, 0x77, 0xff, 0x77, 0xff, 0x77, 0xff, 0x77, 0xff, 0x77, 0xff, 0x77, 0xff,
  0x77, 0xff, 0x77, 0xff, 0x77, 0xff, 0x77, 0xff, 0x77, 0xff, 0x77, 0xff, 0x77, 0xff, 0x77, 0xff, 0x77, 0xff, 0x00, 0x00, 0x00, 0x00, 0x00, 0x00,
  0x00, 0x00, 0x00, 0x00, 0x00, 0x00, 0x00, 0x00, 0x00, 0x00, 0x00, 0x00, 0x00, 0x00, 0x00, 0x00, 0x00, 0x00, 0x00, 0x00, 0x77, 0xff, 0x77, 0xff,
  0x77, 0xff, 0x77, 0xff, 0x77, 0xff, 0x77, 0xff, 0x77, 0xff, 0x77, 0xff, 0x77, 0xff, 0x77, 0xff, 0x77, 0xff, 0x77, 0xff, 0x77, 0xff, 0x77, 0xff,
  0x77, 0xff, 0x77, 0xff, 0x77, 0xff, 0x77, 0xff, 0x77, 0xff, 0x77, 0xff, 0x77, 0xff, 0x77, 0xff, 0x77, 0xff, 0x77, 0xff, 0x77, 0xff, 0x77, 0xff,
  0x77, 0xff, 0x77, 0xff, 0x00, 0x00, 0x00, 0x00, 0x00, 0x00, 0x00, 0x00, 0x00, 0x00, 0x00, 0x00, 0x00, 0x00, 0x00, 0x00, 0x00, 0x00, 0x00, 0x00,
  0x00, 0x00, 0x77, 0xff, 0x77, 0xff, 0x77, 0xff, 0x77, 0xff, 0x77, 0xff, 0x77, 0xff, 0x77, 0xff, 0x77, 0xff, 0x77, 0xff, 0x77, 0xff, 0x77, 0xff,
  0x77, 0xff, 0x77, 0xff, 0x77, 0xff, 0x77, 0xff, 0x77, 0xff, 0x77, 0xff, 0x77, 0xff, 0x77, 0xff, 0x77, 0xff, 0x77, 0xff, 0x77, 0xff, 0x77, 0xff,
  0x77, 0xff, 0x77, 0xff, 0x77, 0xff, 0x77, 0xff, 0x77, 0xff, 0x77, 0xff, 0x77, 0xff, 0x00, 0x00, 0x00, 0x00, 0x00, 0x00, 0x00, 0x00, 0x00, 0x00,
  0x00, 0x00, 0x00, 0x00, 0x00, 0x00, 0x00, 0x00, 0x77, 0xff, 0x77, 0xff, 0x77, 0xff, 0x77, 0xff, 0x77, 0xff, 0x77, 0xff, 0x77, 0xff, 0x77, 0xff,
  0x77, 0xff, 0x77, 0xff, 0x77, 0xff, 0x77, 0xff, 0x77, 0xff, 0x77, 0xff, 0x77, 0xff, 0x77, 0xff, 0x77, 0xff, 0x77, 0xff, 0x77, 0xff, 0x77, 0xff,
  0x77, 0xff, 0x77, 0xff, 0x77, 0xff, 0x77, 0xff, 0x77, 0xff, 0x77, 0xff, 0x77, 0xff, 0x77, 0xff, 0x77, 0xff, 0x77, 0xff, 0x77, 0xff, 0x77, 0xff,
  0x00, 0x00, 0x00, 0x00, 0x00, 0x00, 0x00, 0x00, 0x00, 0x00, 0x00, 0x00, 0x00, 0x00, 0x77, 0xff, 0x77, 0xff, 0x77, 0xff, 0x77, 0xff, 0x77, 0xff,
  0x77, 0xff, 0x77, 0xff, 0x77, 0xff, 0x77, 0xff, 0x77, 0xff, 0x77, 0xff, 0x77, 0xff, 0xb5, 0xe6, 0xcf, 0xa4, 0xcc, 0x7b, 0x2b, 0x6b, 0x4b, 0x6b,
  0x4b, 0x6b, 0x2b, 0x6b, 0xcc, 0x7b, 0xcf, 0xa4, 0xb5, 0xe6, 0x77, 0xff, 0x77, 0xff, 0x77, 0xff, 0x77, 0xff, 0x77, 0xff, 0x77, 0xff, 0x77, 0xff,
  0x77, 0xff, 0x77, 0xff, 0x77, 0xff, 0x77, 0xff, 0x77, 0xff, 0x00, 0x00, 0x00, 0x00, 0x00, 0x00, 0x00, 0x00, 0x00, 0x00, 0x00, 0x00, 0x77, 0xff,
  0x77, 0xff, 0x77, 0xff, 0x77, 0xff, 0x77, 0xff, 0x77, 0xff, 0x77, 0xff, 0x77, 0xff, 0x77, 0xff, 0x77, 0xff, 0x13, 0xce, 0x8c, 0x73, 0xc9, 0x5a,
  0xa9, 0x5a, 0xa9, 0x5a, 0xa9, 0x5a, 0xa9, 0x5a, 0xa9, 0x5a, 0xa9, 0x5a, 0xa9, 0x5a, 0xa9, 0x5a, 0xc9, 0x5a, 0x8c, 0x73, 0x13, 0xce, 0x77, 0xff,
  0x77, 0xff, 0x77, 0xff, 0x77, 0xff, 0x77, 0xff, 0x77, 0xff, 0x77, 0xff, 0x77, 0xff, 0x77, 0xff, 0x77, 0xff, 0x00, 0x00, 0x00, 0x00, 0x00, 0x00,
  0x00, 0x00, 0x00, 0x00, 0x77, 0xff, 0x77, 0xff, 0x77, 0xff, 0x77, 0xff, 0x77, 0xff, 0x77, 0xff, 0x77, 0xff, 0x77, 0xff, 0x77, 0xff, 0x77, 0xff,
  0x6e, 0x9c, 0xc9, 0x5a, 0xa9, 0x5a, 0xa9, 0x5a, 0xa9, 0x5a, 0xa9, 0x5a, 0xa9, 0x5a, 0xa9, 0x5a, 0xa9, 0x5a, 0xa9, 0x5a, 0xa9, 0x5a, 0xa9, 0x5a,
  0xa9, 0x5a, 0xa9, 0x5a, 0xc9, 0x5a, 0x6e, 0x9c, 0x77, 0xff, 0x77, 0xff, 0x77, 0xff, 0x77, 0xff, 0x77, 0xff, 0x77, 0xff, 0x77, 0xff, 0x77, 0xff,
  0x77, 0xff, 0x77, 0xff, 0x00, 0x00, 0x00, 0x00, 0x00, 0x00, 0x00, 0x00, 0x77, 0xff, 0x77, 0xff, 0x77, 0xff, 0x77, 0xff, 0x77, 0xff, 0x77, 0xff,
  0x77, 0xff, 0x77, 0xff, 0x77, 0xff, 0x8b, 0x73, 0xa9, 0x5a, 0xa9, 0x5a, 0xa9, 0x5a, 0xa9, 0x5a, 0xa9, 0x5a, 0xa9, 0x5a, 0xa9, 0x5a, 0xa9, 0x5a,
  0xc9, 0x5a, 0xea, 0x62, 0x0a, 0x63, 0x2a, 0x6b, 0x2b, 0x6b, 0x2b, 0x6b, 0x2a, 0x6b, 0xea, 0x62, 0xac, 0x7b, 0x77, 0xff, 0x77, 0xff, 0x77, 0xff,
  0x77, 0xff, 0x77, 0xff, 0x77, 0xff, 0x77, 0xff, 0x77, 0xff, 0x77, 0xff, 0x00, 0x00, 0x00, 0x00, 0x00, 0x00, 0x77, 0xff, 0x77, 0xff, 0x77, 0xff,
  0x77, 0xff, 0x77, 0xff, 0x77, 0xff, 0x77, 0xff, 0x77, 0xff, 0x77, 0xff, 0x8b, 0x73, 0xa9, 0x5a, 0xa9, 0x5a, 0xa9, 0x5a, 0xa9, 0x5a, 0xa9, 0x5a,
  0xa9, 0x5a, 0xa9, 0x5a, 0xc9, 0x5a, 0x0a, 0x63, 0x2b, 0x6b, 0x6b, 0x73, 0x8c, 0x73, 0x8c, 0x7b, 0xac, 0x7b, 0xac, 0x7b, 0xac, 0x7b, 0x8c, 0x73,
  0x6b, 0x73, 0xcd, 0x83, 0x77, 0xff, 0x77, 0xff, 0x77, 0xff, 0x77, 0xff, 0x77, 0xff, 0x77, 0xff, 0x77, 0xff, 0x77, 0xff, 0x77, 0xff, 0x00, 0x00,
  0x00, 0x00, 0x77, 0xff, 0x77, 0xff, 0x77, 0xff, 0x77, 0xff, 0x77, 0xff, 0x77, 0xff, 0x77, 0xff, 0x77, 0xff, 0x6e, 0x9c, 0xa9, 0x5a, 0xa9, 0x5a,
  0xa9, 0x5a, 0xa9, 0x5a, 0xa9, 0x5a, 0xa9, 0x5a, 0xc9, 0x5a, 0x0a, 0x63, 0x4b, 0x6b, 0x6b, 0x73, 0xac, 0x7b, 0xcc, 0x7b, 0xed, 0x83, 0x0d, 0x84,
  0x0d, 0x8c, 0x0e, 0x8c, 0x0e, 0x8c, 0x0d, 0x8c, 0xed, 0x83, 0xac, 0x7b, 0xf0, 0xa4, 0x77, 0xff, 0x77, 0xff, 0x77, 0xff, 0x77, 0xff, 0x77, 0xff,
  0x77, 0xff, 0x77, 0xff, 0x77, 0xff, 0x00, 0x00, 0x77, 0xff, 0x77, 0xff, 0x77, 0xff, 0x77, 0xff, 0x77, 0xff, 0x77, 0xff, 0x77, 0xff, 0x77, 0xff,
  0x13, 0xce, 0xc9, 0x5a, 0xa8, 0x5a, 0xa8, 0x5a, 0xa8, 0x5a, 0xa8, 0x5a, 0xa9, 0x5a, 0xe9, 0x62, 0x2a, 0x6b, 0x6b, 0x73, 0x8c, 0x7b, 0xcc, 0x7b,
  0xed, 0x83, 0x2e, 0x8c, 0x4e, 0x8c, 0x4e, 0x94, 0x6f, 0x94, 0x6f, 0x94, 0x8f, 0x94, 0x6f, 0x94, 0x6e, 0x94, 0x2e, 0x8c, 0xed, 0x83, 0x54, 0xd6,
  0x77, 0xff, 0x77, 0xff, 0x77, 0xff, 0x77, 0xff, 0x77, 0xff, 0x77, 0xff, 0x77, 0xff, 0x77, 0xff, 0x77, 0xff, 0x77, 0xff, 0x77, 0xff, 0x77, 0xff,
  0x77, 0xff, 0x77, 0xff, 0x77, 0xff, 0x77, 0xff, 0x8b, 0x73, 0xa8, 0x5a, 0xa8, 0x5a, 0xa8, 0x5a, 0xa8, 0x5a, 0xa9, 0x5a, 0xe9, 0x62, 0x2a, 0x6b,
  0x6b, 0x73, 0xac, 0x7b, 0xed, 0x83, 0x0d, 0x8c, 0x4e, 0x94, 0x6e, 0x94, 0x8f, 0x9c, 0xaf, 0x9c, 0xd0, 0xa4, 0xd0, 0xa4, 0xd0, 0xa4, 0xd0, 0xa4,
  0xd0, 0xa4, 0xaf, 0x9c, 0x6e, 0x94, 0x8f, 0x9c, 0x77, 0xff, 0x77, 0xff, 0x77, 0xff, 0x77, 0xff, 0x77, 0xff, 0x77, 0xff, 0x77, 0xff, 0x77, 0xff,
  0x77, 0xff, 0x77, 0xff, 0x77, 0xff, 0x77, 0xff, 0x77, 0xff, 0x77, 0xff, 0x77, 0xff, 0xb5, 0xe6, 0xa9, 0x5a, 0x88, 0x5a, 0x88, 0x5a, 0x88, 0x5a,
  0xa8, 0x5a, 0xe9, 0x62, 0x2a, 0x6b, 0x8b, 0x73, 0xcc, 0x7b, 0x0d, 0x84, 0x2e, 0x8c, 0x6e, 0x94, 0x8f, 0x9c, 0xaf, 0x9c, 0xd0, 0xa4, 0xf0, 0xa4,
  0x10, 0xad, 0x11, 0xad, 0x31, 0xad, 0x31, 0xad, 0x11, 0xad, 0x10, 0xad, 0xd0, 0xa4, 0x8f, 0x9c, 0xd6, 0xee, 0x77, 0xff, 0x77, 0xff, 0x77, 0xff,
  0x77, 0xff, 0x77, 0xff, 0x77, 0xff, 0x77, 0xff, 0x77, 0xff, 0x77, 0xff, 0x77, 0xff, 0x77, 0xff, 0x77, 0xff, 0x77, 0xff, 0x77, 0xff, 0xaf, 0xa4,
  0x88, 0x5a, 0x88, 0x5a, 0x88, 0x5a, 0xa8, 0x5a, 0xe9, 0x62, 0x2a, 0x6b, 0x8b, 0x73, 0xcc, 0x83, 0x0d, 0x8c, 0x4e, 0x94, 0x6e, 0x94, 0xaf, 0x9c,
  0xd0, 0xa4, 0xf0, 0xac, 0x11, 0xad, 0x31, 0xb5, 0x51, 0xb5, 0x71, 0xb5, 0x72, 0xb5, 0x72, 0xbd, 0x71, 0xb5, 0x51, 0xb5, 0x31, 0xad, 0xd0, 0xa4,
  0xd2, 0xc5, 0x77, 0xff, 0x77, 0xff, 0x77, 0xff, 0x77, 0xff, 0x77, 0xff, 0x77, 0xff, 0x77, 0xff, 0x77, 0xff, 0x77, 0xff, 0x77, 0xff, 0x77, 0xff,
  0x77, 0xff, 0x77, 0xff, 0x77, 0xff, 0xac, 0x7b, 0x88, 0x5a, 0x88, 0x5a, 0x88, 0x5a, 0xc9, 0x5a, 0x2a, 0x6b, 0x6b, 0x73, 0xcc, 0x83, 0x0d, 0x8c,
  0x4e, 0x94, 0x8e, 0x9c, 0xaf, 0xa4, 0xf0, 0xa4, 0x10, 0xad, 0x31, 0xb5, 0x51, 0xb5, 0x72, 0xbd, 0x92, 0xbd, 0xb2, 0xbd, 0xb2, 0xc5, 0xb2, 0xc5,
  0xb2, 0xc5, 0x92, 0xbd, 0x71, 0xbd, 0x31, 0xb5, 0x51, 0xb5, 0x77, 0xff, 0x77, 0xff, 0x77, 0xff, 0x77, 0xff, 0x77, 0xff, 0x77, 0xff, 0x77, 0xff,
  0x77, 0xff, 0x77, 0xff, 0x77, 0xff, 0x77, 0xff, 0x77, 0xff, 0x77, 0xff, 0x77, 0xff, 0x2a, 0x6b, 0x88, 0x5a, 0x88, 0x5a, 0xa8, 0x5a, 0x09, 0x63,
  0x6b, 0x73, 0xac, 0x7b, 0x0d, 0x8c, 0x4d, 0x94, 0x8e, 0x9c, 0xaf, 0xa4, 0xf0, 0xac, 0x30, 0xad, 0x51, 0xb5, 0x71, 0xbd, 0x92, 0xbd, 0xb2, 0xc5,
  0xd2, 0xc5, 0xd3, 0xc5, 0xf3, 0xcd, 0xf3, 0xcd, 0xf3, 0xcd, 0xd3, 0xc5, 0xb2, 0xc5, 0x71, 0xbd, 0x51, 0xb5, 0x77, 0xff, 0x77, 0xff, 0x77, 0xff,
  0x77, 0xff, 0x77, 0xff, 0x77, 0xff, 0x77, 0xff, 0x77, 0xff, 0x77, 0xff, 0x77, 0xff, 0x77, 0xff, 0x77, 0xff, 0x77, 0xff, 0x77, 0xff, 0x2a, 0x6b,
  0x88, 0x5a, 0x88, 0x5a, 0xc9, 0x62, 0x4a, 0x6b, 0x8b, 0x7b, 0xec, 0x83, 0x2d, 0x94, 0x6e, 0x9c, 0xaf, 0xa4, 0xf0, 0xac, 0x30, 0xad, 0x51, 0xb5,
  0x71, 0xbd, 0xb2, 0xc5, 0xd2, 0xc5, 0xf3, 0xcd, 0xf3, 0xcd, 0x13, 0xce, 0x13, 0xd6, 0x13, 0xd6, 0x13, 0xd6, 0x13, 0xce, 0xf3, 0xcd, 0xb2, 0xc5,
  0x91, 0xbd, 0x77, 0xff, 0x77, 0xff, 0x77, 0xff, 0x77, 0xff, 0x77, 0xff, 0x77, 0xff, 0x77, 0xff, 0x77, 0xff, 0x77, 0xff, 0x77, 0xff, 0x77, 0xff,
  0x77, 0xff, 0x77, 0xff, 0x77, 0xff, 0x0a, 0x6b, 0x88, 0x52, 0xa8, 0x5a, 0x09, 0x6b, 0x6b, 0x73, 0xcc, 0x83, 0x0d, 0x8c, 0x6e, 0x94, 0xaf, 0x9c,
  0xef, 0xac, 0x10, 0xad, 0x51, 0xb5, 0x91, 0xbd, 0xb2, 0xc5, 0xd2, 0xc5, 0xf3, 0xcd, 0x13, 0xce, 0x33, 0xd6, 0x34, 0xd6, 0x54, 0xd6, 0x54, 0xd6,
  0x54, 0xd6, 0x33, 0xd6, 0x13, 0xd6, 0xd2, 0xcd, 0xb2, 0xc5, 0x77, 0xff, 0x77, 0xff, 0x77, 0xff, 0x77, 0xff, 0x77, 0xff, 0x77, 0xff, 0x77, 0xff,
  0x77, 0xff, 0x77, 0xff, 0x77, 0xff, 0x77, 0xff, 0x77, 0xff, 0x77, 0xff, 0x77, 0xff, 0x09, 0x6b, 0x88, 0x52, 0xc8, 0x5a, 0x2a, 0x6b, 0x8b, 0x7b,
  0xec, 0x8b, 0x4d, 0x94, 0x8e, 0x9c, 0xcf, 0xa4, 0x10, 0xad, 0x50, 0xb5, 0x71, 0xbd, 0xb2, 0xc5, 0xd2, 0xcd, 0xf3, 0xcd, 0x13, 0xd6, 0x33, 0xd6,
  0x54, 0xde, 0x54, 0xde, 0x74, 0xde, 0x74, 0xde, 0x74, 0xde, 0x54, 0xde, 0x33, 0xd6, 0xf3, 0xcd, 0xd2, 0xc5, 0x77, 0xff, 0x77, 0xff, 0x77, 0xff,
  0x77, 0xff, 0x77, 0xff, 0x77, 0xff, 0x77, 0xff, 0x77, 0xff, 0x77, 0xff, 0x77, 0xff, 0x77, 0xff, 0x77, 0xff, 0x77, 0xff, 0x77, 0xff, 0xab, 0x7b,
  0x88, 0x52, 0xe9, 0x62, 0x4a, 0x73, 0xab, 0x83, 0x0c, 0x8c, 0x6d, 0x9c, 0xae, 0xa4, 0xef, 0xac, 0x30, 0xb5, 0x71, 0xbd, 0x91, 0xc5, 0xd2, 0xcd,
  0xf2, 0xcd, 0x13, 0xd6, 0x33, 0xd6, 0x54, 0xde, 0x74, 0xde, 0x94, 0xe6, 0x94, 0xe6, 0x94, 0xe6, 0x94, 0xe6, 0x74, 0xde, 0x54, 0xde, 0x13, 0xd6,
  0x13, 0xd6, 0x77, 0xff, 0x77, 0xff, 0x77, 0xff, 0x77, 0xff, 0x77, 0xff, 0x77, 0xff, 0x77, 0xff, 0x77, 0xff, 0x77, 0xff, 0x77, 0xff, 0x77, 0xff,
  0x77, 0xff, 0x77, 0xff, 0x77, 0xff, 0xaf, 0xa4, 0x88, 0x5a, 0xe9, 0x62, 0x6a, 0x73, 0xcc, 0x83, 0x2d, 0x94, 0x8e, 0x9c, 0xcf, 0xa4, 0x0f, 0xad,
  0x50, 0xbd, 0x91, 0xbd, 0xb2, 0xc5, 0xf2, 0xcd, 0x13, 0xd6, 0x33, 0xd6, 0x53, 0xde, 0x74, 0xde, 0x94, 0xe6, 0x94, 0xe6, 0xb4, 0xe6, 0xb4, 0xe6,
  0xb4, 0xe6, 0x94, 0xe6, 0x74, 0xde, 0x13, 0xd6, 0x74, 0xde, 0x77, 0xff, 0x77, 0xff, 0x77, 0xff, 0x77, 0xff, 0x77, 0xff, 0x77, 0xff, 0x77, 0xff,
  0x77, 0xff, 0x77, 0xff, 0x77, 0xff, 0x77, 0xff, 0x77, 0xff, 0x77, 0xff, 0x77, 0xff, 0xb5, 0xe6, 0xa8, 0x5a, 0xe9, 0x6a, 0x8a, 0x7b, 0xec, 0x8b,
  0x4d, 0x94, 0x8e, 0xa4, 0xef, 0xac, 0x30, 0xb5, 0x70, 0xbd, 0xb1, 0xc5, 0xd2, 0xcd, 0x12, 0xd6, 0x33, 0xd6, 0x53, 0xde, 0x74, 0xe6, 0x94, 0xe6,
  0xb4, 0xe6, 0xb4, 0xee, 0xb4, 0xee, 0xb4, 0xee, 0xb4, 0xee, 0x94, 0xe6, 0x74, 0xde, 0x12, 0xd6, 0x16, 0xf7, 0x77, 0xff, 0x77, 0xff, 0x77, 0xff,
  0x77, 0xff, 0x77, 0xff, 0x77, 0xff, 0x77, 0xff, 0x77, 0xff, 0x77, 0xff, 0x77, 0xff, 0x77, 0xff, 0x77, 0xff, 0x77, 0xff, 0x77, 0xff, 0x77, 0xff,
  0x6a, 0x73, 0xe9, 0x62, 0x8a, 0x7b, 0xec, 0x8b, 0x4d, 0x94, 0xae, 0xa4, 0xef, 0xac, 0x30, 0xb5, 0x70, 0xbd, 0xb1, 0xc5, 0xf2, 0xcd, 0x12, 0xd6,
  0x53, 0xde, 0x73, 0xde, 0x94, 0xe6, 0x94, 0xe6, 0xb4, 0xee, 0xd4, 0xee, 0xd4, 0xee, 0xd4, 0xee, 0xb4, 0xee, 0x94, 0xe6, 0x53, 0xde, 0x33, 0xd6,
  0x77, 0xff, 0x77, 0xff, 0x77, 0xff, 0x77, 0xff, 0x77, 0xff, 0x77, 0xff, 0x77, 0xff, 0x77, 0xff, 0x77, 0xff, 0x77, 0xff, 0x77, 0xff, 0x77, 0xff,
  0x77, 0xff, 0x77, 0xff, 0x77, 0xff, 0x77, 0xff, 0xf3, 0xcd, 0xe9, 0x62, 0x6a, 0x7b, 0xec, 0x8b, 0x4d, 0x9c, 0xae, 0xa4, 0x0f, 0xad, 0x50, 0xbd,
  0x90, 0xc5, 0xd1, 0xcd, 0xf2, 0xd5, 0x32, 0xd6, 0x53, 0xde, 0x73, 0xe6, 0x94, 0xe6, 0xb4, 0xee, 0xb4, 0xee, 0xd4, 0xee, 0xd4, 0xee, 0xd4, 0xee,
  0xb4, 0xee, 0x94, 0xe6, 0x33, 0xde, 0xf6, 0xee, 0x77, 0xff, 0x77, 0xff, 0x77, 0xff, 0x77, 0xff, 0x77, 0xff, 0x77, 0xff, 0x77, 0xff, 0x77, 0xff,
  0x00, 0x00, 0x77, 0xff, 0x77, 0xff, 0x77, 0xff, 0x77, 0xff, 0x77, 0xff, 0x77, 0xff, 0x77, 0xff, 0x77, 0xff, 0x8e, 0x9c, 0x4a, 0x73, 0xeb, 0x8b,
  0x4d, 0x9c, 0xae, 0xa4, 0x0f, 0xad, 0x50, 0xbd, 0x90, 0xc5, 0xd1, 0xcd, 0xf2, 0xd5, 0x32, 0xde, 0x53, 0xde, 0x73, 0xe6, 0x93, 0xe6, 0xb4, 0xee,
  0xb4, 0xee, 0xd4, 0xee, 0xd4, 0xee, 0xb4, 0xee, 0xb4, 0xee, 0x73, 0xe6, 0x94, 0xe6, 0x77, 0xff, 0x77, 0xff, 0x77, 0xff, 0x77, 0xff, 0x77, 0xff,
  0x77, 0xff, 0x77, 0xff, 0x77, 0xff, 0x00, 0x00, 0x00, 0x00, 0x77, 0xff, 0x77, 0xff, 0x77, 0xff, 0x77, 0xff, 0x77, 0xff, 0x77, 0xff, 0x77, 0xff,
  0x77, 0xff, 0x77, 0xff, 0xec, 0x8b, 0xab, 0x83, 0x2c, 0x94, 0xad, 0xa4, 0xee, 0xac, 0x4f, 0xbd, 0x90, 0xc5, 0xd1, 0xcd, 0xf1, 0xd5, 0x32, 0xde,
  0x52, 0xde, 0x73, 0xe6, 0x93, 0xe6, 0xb4, 0xee, 0xb4, 0xee, 0xb4, 0xee, 0xb4, 0xee, 0xb3, 0xee, 0x73, 0xe6, 0x53, 0xde, 0x77, 0xff, 0x77, 0xff,
  0x77, 0xff, 0x77, 0xff, 0x77, 0xff, 0x77, 0xff, 0x77, 0xff, 0x77, 0xff, 0x77, 0xff, 0x00, 0x00, 0x00, 0x00, 0x00, 0x00, 0x77, 0xff, 0x77, 0xff,
  0x77, 0xff, 0x77, 0xff, 0x77, 0xff, 0x77, 0xff, 0x77, 0xff, 0x77, 0xff, 0x77, 0xff, 0x2c, 0x94, 0x0b, 0x8c, 0x6d, 0x9c, 0xce, 0xac, 0x2f, 0xb5,
  0x70, 0xc5, 0xb1, 0xcd, 0xf1, 0xd5, 0x12, 0xd6, 0x52, 0xde, 0x73, 0xe6, 0x73, 0xe6, 0x93, 0xee, 0x93, 0xee, 0x93, 0xee, 0x93, 0xe6, 0x73, 0xe6,
  0x53, 0xde, 0x77, 0xff, 0x77, 0xff, 0x77, 0xff, 0x77, 0xff, 0x77, 0xff, 0x77, 0xff, 0x77, 0xff, 0x77, 0xff, 0x77, 0xff, 0x00, 0x00, 0x00, 0x00,
  0x00, 0x00, 0x00, 0x00, 0x77, 0xff, 0x77, 0xff, 0x77, 0xff, 0x77, 0xff, 0x77, 0xff, 0x77, 0xff, 0x77, 0xff, 0x77, 0xff, 0x77, 0xff, 0x77, 0xff,
  0x2f, 0xb5, 0x4c, 0x94, 0xad, 0xa4, 0x0e, 0xb5, 0x4f, 0xbd, 0x90, 0xc5, 0xd1, 0xcd, 0xf1, 0xd5, 0x32, 0xde, 0x52, 0xde, 0x52, 0xe6, 0x72, 0xe6,
  0x73, 0xe6, 0x72, 0xe6, 0x52, 0xde, 0x94, 0xe6, 0x77, 0xff, 0x77, 0xff, 0x77, 0xff, 0x77, 0xff, 0x77, 0xff, 0x77, 0xff, 0x77, 0xff, 0x77, 0xff,
  0x77, 0xff, 0x77, 0xff, 0x00, 0x00, 0x00, 0x00, 0x00, 0x00, 0x00, 0x00, 0x00, 0x00, 0x77, 0xff, 0x77, 0xff, 0x77, 0xff, 0x77, 0xff, 0x77, 0xff,
  0x77, 0xff, 0x77, 0xff, 0x77, 0xff, 0x77, 0xff, 0x77, 0xff, 0x74, 0xde, 0xce, 0xac, 0xad, 0xac, 0x0e, 0xb5, 0x4f, 0xbd, 0x90, 0xc5, 0xd0, 0xcd,
  0xf1, 0xd5, 0x11, 0xd6, 0x31, 0xde, 0x31, 0xde, 0x11, 0xde, 0x32, 0xde, 0xf5, 0xf6, 0x77, 0xff, 0x77, 0xff, 0x77, 0xff, 0x77, 0xff, 0x77, 0xff,
  0x77, 0xff, 0x77, 0xff, 0x77, 0xff, 0x77, 0xff, 0x77, 0xff, 0x00, 0x00, 0x00, 0x00, 0x00, 0x00, 0x00, 0x00, 0x00, 0x00, 0x00, 0x00, 0x77, 0xff,
  0x77, 0xff, 0x77, 0xff, 0x77, 0xff, 0x77, 0xff, 0x77, 0xff, 0x77, 0xff, 0x77, 0xff, 0x77, 0xff, 0x77, 0xff, 0x77, 0xff, 0x77, 0xff, 0xf6, 0xee,
  0xf2, 0xcd, 0x70, 0xc5, 0x6f, 0xc5, 0xb0, 0xc5, 0xd1, 0xcd, 0xd1, 0xcd, 0x12, 0xd6, 0x73, 0xe6, 0x16, 0xf7, 0x77, 0xff, 0x77, 0xff, 0x77, 0xff,
  0x77, 0xff, 0x77, 0xff, 0x77, 0xff, 0x77, 0xff, 0x77, 0xff, 0x77, 0xff, 0x77, 0xff, 0x77, 0xff, 0x77, 0xff, 0x00, 0x00, 0x00, 0x00, 0x00, 0x00,
  0x00, 0x00, 0x00, 0x00, 0x00, 0x00, 0x00, 0x00, 0x77, 0xff, 0x77, 0xff, 0x77, 0xff, 0x77, 0xff, 0x77, 0xff, 0x77, 0xff, 0x77, 0xff, 0x77, 0xff,
  0x77, 0xff, 0x77, 0xff, 0x77, 0xff, 0x77, 0xff, 0x77, 0xff, 0x77, 0xff, 0x77, 0xff, 0x77, 0xff, 0x77, 0xff, 0x77, 0xff, 0x77, 0xff, 0x77, 0xff,
  0x77, 0xff, 0x77, 0xff, 0x77, 0xff, 0x77, 0xff, 0x77, 0xff, 0x77, 0xff, 0x77, 0xff, 0x77, 0xff, 0x77, 0xff, 0x77, 0xff, 0x77, 0xff, 0x77, 0xff,
  0x00, 0x00, 0x00, 0x00, 0x00, 0x00, 0x00, 0x00, 0x00, 0x00, 0x00, 0x00, 0x00, 0x00, 0x00, 0x00, 0x00, 0x00, 0x77, 0xff, 0x77, 0xff, 0x77, 0xff,
  0x77, 0xff, 0x77, 0xff, 0x77, 0xff, 0x77, 0xff, 0x77, 0xff, 0x77, 0xff, 0x77, 0xff, 0x77, 0xff, 0x77, 0xff, 0x77, 0xff, 0x77, 0xff, 0x77, 0xff,
  0x77, 0xff, 0x77, 0xff, 0x77, 0xff, 0x77, 0xff, 0x77, 0xff, 0x77, 0xff, 0x77, 0xff, 0x77, 0xff, 0x77, 0xff, 0x77, 0xff, 0x77, 0xff, 0x77, 0xff,
  0x77, 0xff, 0x77, 0xff, 0x77, 0xff, 0x00, 0x00, 0x00, 0x00, 0x00, 0x00, 0x00, 0x00, 0x00, 0x00, 0x00, 0x00, 0x00, 0x00, 0x00, 0x00, 0x00, 0x00,
  0x00, 0x00, 0x00, 0x00, 0x77, 0xff, 0x77, 0xff, 0x77, 0xff, 0x77, 0xff, 0x77, 0xff, 0x77, 0xff, 0x77, 0xff, 0x77, 0xff, 0x77, 0xff, 0x77, 0xff,
  0x77, 0xff, 0x77, 0xff, 0x77, 0xff, 0x77, 0xff, 0x77, 0xff, 0x77, 0xff, 0x77, 0xff, 0x77, 0xff, 0x77, 0xff, 0x77, 0xff, 0x77, 0xff, 0x77, 0xff,
  0x77, 0xff, 0x77, 0xff, 0x77, 0xff, 0x77, 0xff, 0x77, 0xff, 0x77, 0xff, 0x00, 0x00, 0x00, 0x00, 0x00, 0x00, 0x00, 0x00, 0x00, 0x00, 0x00, 0x00,
  0x00, 0x00, 0x00, 0x00, 0x00, 0x00, 0x00, 0x00, 0x00, 0x00, 0x00, 0x00, 0x00, 0x00, 0x77, 0xff, 0x77, 0xff, 0x77, 0xff, 0x77, 0xff, 0x77, 0xff,
  0x77, 0xff, 0x77, 0xff, 0x77, 0xff, 0x77, 0xff, 0x77, 0xff, 0x77, 0xff, 0x77, 0xff, 0x77, 0xff, 0x77, 0xff, 0x77, 0xff, 0x77, 0xff, 0x77, 0xff,
  0x77, 0xff, 0x77, 0xff, 0x77, 0xff, 0x77, 0xff, 0x77, 0xff, 0x77, 0xff, 0x77, 0xff, 0x77, 0xff, 0x77, 0xff, 0x00, 0x00, 0x00, 0x00, 0x00, 0x00,
  0x00, 0x00, 0x00, 0x00, 0x00, 0x00, 0x00, 0x00, 0x00, 0x00, 0x00, 0x00, 0x00, 0x00, 0x00, 0x00, 0x00, 0x00, 0x00, 0x00, 0x00, 0x00, 0x00, 0x00,
  0x00, 0x00, 0x77, 0xff, 0x77, 0xff, 0x77, 0xff, 0x77, 0xff, 0x77, 0xff, 0x77, 0xff, 0x77, 0xff, 0x77, 0xff, 0x77, 0xff, 0x77, 0xff, 0x77, 0xff,
  0x77, 0xff, 0x77, 0xff, 0x77, 0xff, 0x77, 0xff, 0x77, 0xff, 0x77, 0xff, 0x77, 0xff, 0x77, 0xff, 0x77, 0xff, 0x77, 0xff, 0x77, 0xff, 0x00, 0x00,
  0x00, 0x00, 0x00, 0x00, 0x00, 0x00, 0x00, 0x00, 0x00, 0x00, 0x00, 0x00, 0x00, 0x00, 0x00, 0x00, 0x00, 0x00, 0x00, 0x00, 0x00, 0x00, 0x00, 0x00,
  0x00, 0x00, 0x00, 0x00, 0x00, 0x00, 0x00, 0x00, 0x00, 0x00, 0x00, 0x00, 0x00, 0x00, 0x77, 0xff, 0x77, 0xff, 0x77, 0xff, 0x77, 0xff, 0x77, 0xff,
  0x77, 0xff, 0x77, 0xff, 0x77, 0xff, 0x77, 0xff, 0x77, 0xff, 0x77, 0xff, 0x77, 0xff, 0x77, 0xff, 0x77, 0xff, 0x77, 0xff, 0x77, 0xff, 0x77, 0xff,
  0x77, 0xff, 0x00, 0x00, 0x00, 0x00, 0x00, 0x00, 0x00, 0x00, 0x00, 0x00, 0x00, 0x00, 0x00, 0x00, 0x00, 0x00, 0x00, 0x00, 0x00, 0x00, 0x00, 0x00,
  0x00, 0x00, 0x00, 0x00, 0x00, 0x00, 0x00, 0x00, 0x00, 0x00, 0x00, 0x00, 0x00, 0x00, 0x00, 0x00, 0x00, 0x00, 0x00, 0x00, 0x00, 0x00, 0x00, 0x00,
  0x00, 0x00, 0x77, 0xff, 0x77, 0xff, 0x77, 0xff, 0x77, 0xff, 0x77, 0xff, 0x77, 0xff, 0x77, 0xff, 0x77, 0xff, 0x77, 0xff, 0x77, 0xff, 0x77, 0xff,
  0x77, 0xff, 0x77, 0xff, 0x77, 0xff, 0x00, 0x00, 0x00, 0x00, 0x00, 0x00, 0x00, 0x00, 0x00, 0x00, 0x00, 0x00, 0x00, 0x00, 0x00, 0x00, 0x00, 0x00,
  0x00, 0x00, 0x00, 0x00, 0x00, 0x00, 0x00, 0x00, 0x00, 0x00, 0x00, 0x00, 0x00, 0x00, 0x00, 0x00, 0x00, 0x00, 0x00, 0x00, 0x00, 0x00, 0x00, 0x00,
  0x00, 0x01, 0x01, 0x01, 0x01, 0x01, 0x01, 0x00, 0x00, 0x00, 0x00, 0x00, 0x00, 0x00, 0x00, 0x00, 0x00, 0x00, 0x00, 0x00, 0x00, 0x00, 0x00, 0x00,
  0x00, 0x00, 0x00, 0x00, 0x00, 0x00, 0x00, 0x00, 0x00, 0x00, 0x00, 0x00, 0x00, 0x01, 0x02, 0x03, 0x04, 0x05, 0x05, 0x06, 0x06, 0x05, 0x05, 0x04,
  0x03, 0x02, 0x01, 0x00, 0x00, 0x00, 0x00, 0x00, 0x00, 0x00, 0x00, 0x00, 0x00, 0x00, 0x00, 0x00, 0x00, 0x00, 0x00, 0x00, 0x00, 0x00, 0x00, 0x00,
  0x00, 0x00, 0x00, 0x01, 0x03, 0x05, 0x07, 0x09, 0x0b, 0x0c, 0x0d, 0x0e, 0x0e, 0x0d, 0x0c, 0x0b, 0x09, 0x07, 0x05, 0x03, 0x01, 0x00, 0x00, 0x00,
  0x00, 0x00, 0x00, 0x00, 0x00, 0x00, 0x00, 0x00, 0x00, 0x00, 0x00, 0x00, 0x00, 0x00, 0x00, 0x00, 0x00, 0x01, 0x03, 0x05, 0x08, 0x0c, 0x0f, 0x12,
  0x15, 0x17, 0x19, 0x1a, 0x1a, 0x19, 0x17, 0x15, 0x12, 0x0f, 0x0c, 0x08, 0x05, 0x03, 0x01, 0x00, 0x00, 0x00, 0x00, 0x00, 0x00, 0x00, 0x00, 0x00,
  0x00, 0x00, 0x00, 0x00, 0x00, 0x00, 0x00, 0x00, 0x02, 0x04, 0x08, 0x0c, 0x11, 0x16, 0x1a, 0x1f, 0x23, 0x26, 0x28, 0x29, 0x29, 0x28, 0x26, 0x23,
  0x1f, 0x1a, 0x16, 0x11, 0x0c, 0x08, 0x04, 0x02, 0x00, 0x00, 0x00, 0x00, 0x00, 0x00, 0x00, 0x00, 0x00, 0x00, 0x00, 0x00, 0x00, 0x00, 0x00, 0x02,
  0x06, 0x0a, 0x10, 0x16, 0x1c, 0x23, 0x29, 0x2f, 0x34, 0x38, 0x3b, 0x3c, 0x3c, 0x3b, 0x38, 0x34, 0x2f, 0x29, 0x23, 0x1c, 0x16, 0x10, 0x0a, 0x06,
  0x02, 0x00, 0x00, 0x00, 0x00, 0x00, 0x00, 0x00, 0x00, 0x00, 0x00, 0x00, 0x00, 0x00, 0x03, 0x06, 0x0c, 0x12, 0x1a, 0x22, 0x2a, 0x33, 0x3b, 0x42,
  0x48, 0x4e, 0x51, 0x53, 0x53, 0x51, 0x4e, 0x48, 0x42, 0x3b, 0x33, 0x2a, 0x22, 0x1a, 0x12, 0x0c, 0x06, 0x03, 0x00, 0x00, 0x00, 0x00, 0x00, 0x00,
  0x00, 0x00, 0x00, 0x00, 0x00, 0x02, 0x06, 0x0c, 0x14, 0x1c, 0x26, 0x30, 0x3b, 0x45, 0x4f, 0x62, 0x8f, 0xb9, 0xd7, 0xd8, 0xd8, 0xd7, 0xb9, 0x8f,
  0x62, 0x4f, 0x45, 0x3b, 0x30, 0x26, 0x1c, 0x14, 0x0c, 0x06, 0x02, 0x00, 0x00, 0x00, 0x00, 0x00, 0x00, 0x00, 0x00, 0x00, 0x02, 0x06, 0x0c, 0x14,
  0x1d, 0x28, 0x34, 0x41, 0x4e, 0x6d, 0xc3, 0xf5, 0xff, 0xff, 0xff, 0xff, 0xff, 0xff, 0xff, 0xff, 0xf5, 0xc3, 0x6d, 0x4e, 0x41, 0x34, 0x28, 0x1d,
  0x14, 0x0c, 0x06, 0x02, 0x00, 0x00, 0x00, 0x00, 0x00, 0x00, 0x00, 0x01, 0x04, 0x0a, 0x12, 0x1c, 0x28, 0x35, 0x44, 0x53, 0x9a, 0xf5, 0xff, 0xff,
  0xff, 0xff, 0xff, 0xff, 0xff, 0xff, 0xff, 0xff, 0xff, 0xff, 0xf5, 0x9a, 0x53, 0x44, 0x35, 0x28, 0x1c, 0x12, 0x0a, 0x04, 0x01, 0x00, 0x00, 0x00,
  0x00, 0x00, 0x00, 0x03, 0x08, 0x10, 0x1a, 0x26, 0x34, 0x44, 0x55, 0xc3, 0xff, 0xff, 0xff, 0xff, 0xff, 0xff, 0xff, 0xff, 0xff, 0xff, 0xff, 0xff,
  0xff, 0xff, 0xff, 0xff, 0xc3, 0x55, 0x44, 0x34, 0x26, 0x1a, 0x10, 0x08, 0x03, 0x00, 0x00, 0x00, 0x00, 0x00, 0x01, 0x05, 0x0c, 0x16, 0x22, 0x30,
  0x41, 0x53, 0xc3, 0xff, 0xff, 0xff, 0xff, 0xff, 0xff, 0xff, 0xff, 0xff, 0xff, 0xff, 0xff, 0xff, 0xff, 0xff, 0xff, 0xff, 0xff, 0xc3, 0x53, 0x41,
  0x30, 0x22, 0x16, 0x0c, 0x05, 0x01, 0x00, 0x00, 0x00, 0x00, 0x03, 0x08, 0x11, 0x1c, 0x2a, 0x3b, 0x4e, 0x9a, 0xff, 0xff, 0xff, 0xff, 0xff, 0xff,
  0xff, 0xff, 0xff, 0xff, 0xff, 0xff, 0xff, 0xff, 0xff, 0xff, 0xff, 0xff, 0xff, 0xff, 0x9a, 0x4e, 0x3b, 0x2a, 0x1c, 0x11, 0x08, 0x03, 0x00, 0x00,
  0x00, 0x01, 0x05, 0x0c, 0x16, 0x23, 0x33, 0x45, 0x6d, 0xf5, 0xff, 0xff, 0xff, 0xff, 0xff, 0xff, 0xff, 0xff, 0xff, 0xff, 0xff, 0xff, 0xff, 0xff,
  0xff, 0xff, 0xff, 0xff, 0xff, 0xff, 0xf5, 0x6d, 0x45, 0x33, 0x23, 0x16, 0x0c, 0x05, 0x01, 0x00, 0x00, 0x02, 0x07, 0x0f, 0x1a, 0x29, 0x3b, 0x4f,
  0xc3, 0xff, 0xff, 0xff, 0xff, 0xff, 0xff, 0xff, 0xff, 0xff, 0xff, 0xff, 0xff, 0xff, 0xff, 0xff, 0xff, 0xff, 0xff, 0xff, 0xff, 0xff, 0xff, 0xc3,
  0x4f, 0x3b, 0x29, 0x1a, 0x0f, 0x07, 0x02, 0x00, 0x00, 0x03, 0x09, 0x12, 0x1f, 0x2f, 0x42, 0x62, 0xf5, 0xff, 0xff, 0xff, 0xff, 0xff, 0xff, 0xff,
  0xff, 0xff, 0xff, 0xff, 0xff, 0xff, 0xff, 0xff, 0xff, 0xff, 0xff, 0xff, 0xff, 0xff, 0xff, 0xf5, 0x62, 0x42, 0x2f, 0x1f, 0x12, 0x09, 0x03, 0x00,
  0x00, 0x04, 0x0b, 0x15, 0x23, 0x34, 0x48, 0x8f, 0xff, 0xff, 0xff, 0xff, 0xff, 0xff, 0xff, 0xff, 0xff, 0xff, 0xff, 0xff, 0xff, 0xff, 0xff, 0xff,
  0xff, 0xff, 0xff, 0xff, 0xff, 0xff, 0xff, 0xff, 0x8f, 0x48, 0x34, 0x23, 0x15, 0x0b, 0x04, 0x00, 0x01, 0x05, 0x0c, 0x17, 0x26, 0x38, 0x4e, 0xb9,
  0xff, 0xff, 0xff, 0xff, 0xff, 0xff, 0xff, 0xff, 0xff, 0xff, 0xff, 0xff, 0xff, 0xff, 0xff, 0xff, 0xff, 0xff, 0xff, 0xff, 0xff, 0xff, 0xff, 0xff,
  0xb9, 0x4e, 0x38, 0x26, 0x17, 0x0c, 0x05, 0x01, 0x01, 0x05, 0x0d, 0x19, 0x28, 0x3b, 0x51, 0xd7, 0xff, 0xff, 0xff, 0xff, 0xff, 0xff, 0xff, 0xff,
  0xff, 0xff, 0xff, 0xff, 0xff, 0xff, 0xff, 0xff, 0xff, 0xff, 0xff, 0xff, 0xff, 0xff, 0xff, 0xff, 0xd7, 0x51, 0x3b, 0x28, 0x19, 0x0d, 0x05, 0x01,
  0x01, 0x06, 0x0e, 0x1a, 0x29, 0x3c, 0x53, 0xd8, 0xff, 0xff, 0xff, 0xff, 0xff, 0xff, 0xff, 0xff, 0xff, 0xff, 0xff, 0xff, 0xff, 0xff, 0xff, 0xff,
  0xff, 0xff, 0xff, 0xff, 0xff, 0xff, 0xff, 0xff, 0xd8, 0x53, 0x3c, 0x29, 0x1a, 0x0e, 0x06, 0x01, 0x01, 0x06, 0x0e, 0x1a, 0x29, 0x3c, 0x53, 0xd8,
  0xff, 0xff, 0xff, 0xff, 0xff, 0xff, 0xff, 0xff, 0xff, 0xff, 0xff, 0xff, 0xff, 0xff, 0xff, 0xff, 0xff, 0xff, 0xff, 0xff, 0xff, 0xff, 0xff, 0xff,
  0xd8, 0x53, 0x3c, 0x29, 0x1a, 0x0e, 0x06, 0x01, 0x01, 0x05, 0x0d, 0x19, 0x28, 0x3b, 0x51, 0xd7, 0xff, 0xff, 0xff, 0xff, 0xff, 0xff, 0xff, 0xff,
  0xff, 0xff, 0xff, 0xff, 0xff, 0xff, 0xff, 0xff, 0xff, 0xff, 0xff, 0xff, 0xff, 0xff, 0xff, 0xff, 0xd7, 0x51, 0x3b, 0x28, 0x19, 0x0d, 0x05, 0x01,
  0x01, 0x05, 0x0c, 0x17, 0x26, 0x38, 0x4e, 0xb9, 0xff, 0xff, 0xff, 0xff, 0xff, 0xff, 0xff, 0xff, 0xff, 0xff, 0xff, 0xff, 0xff, 0xff, 0xff, 0xff,
  0xff, 0xff, 0xff, 0xff, 0xff, 0xff, 0xff, 0xff, 0xb9, 0x4e, 0x38, 0x26, 0x17, 0x0c, 0x05, 0x01, 0x00, 0x04, 0x0b, 0x15, 0x23, 0x34, 0x48, 0x8f,
  0xff, 0xff, 0xff, 0xff, 0xff, 0xff, 0xff, 0xff, 0xff, 0xff, 0xff, 0xff, 0xff, 0xff, 0xff, 0xff, 0xff, 0xff, 0xff, 0xff, 0xff, 0xff, 0xff, 0xff,
  0x8f, 0x48, 0x34, 0x23, 0x15, 0x0b, 0x04, 0x00, 0x00, 0x03, 0x09, 0x12, 0x1f, 0x2f, 0x42, 0x62, 0xf5, 0xff, 0xff, 0xff, 0xff, 0xff, 0xff, 0xff,
  0xff, 0xff, 0xff, 0xff, 0xff, 0xff, 0xff, 0xff, 0xff, 0xff, 0xff, 0xff, 0xff, 0xff, 0xff, 0xf5, 0x62, 0x42, 0x2f, 0x1f, 0x12, 0x09, 0x03, 0x00,
  0x00, 0x02, 0x07, 0x0f, 0x1a, 0x29, 0x3b, 0x4f, 0xc3, 0xff, 0xff, 0xff, 0xff, 0xff, 0xff, 0xff, 0xff, 0xff, 0xff, 0xff, 0xff, 0xff, 0xff, 0xff,
  0xff, 0xff, 0xff, 0xff, 0xff, 0xff, 0xff, 0xc3, 0x4f, 0x3b, 0x29, 0x1a, 0x0f, 0x07, 0x02, 0x00, 0x00, 0x01, 0x05, 0x0c, 0x16, 0x23, 0x33, 0x45,
  0x6d, 0xf5, 0xff, 0xff, 0xff, 0xff, 0xff, 0xff, 0xff, 0xff, 0xff, 0xff, 0xff, 0xff, 0xff, 0xff, 0xff, 0xff, 0xff, 0xff, 0xff, 0xff, 0xf5, 0x6d,
  0x45, 0x33, 0x23, 0x16, 0x0c, 0x05, 0x01, 0x00, 0x00, 0x00, 0x03, 0x08, 0x11, 0x1c, 0x2a, 0x3b, 0x4e, 0x9a, 0xff, 0xff, 0xff, 0xff, 0xff, 0xff,
  0xff, 0xff, 0xff, 0xff, 0xff, 0xff, 0xff, 0xff, 0xff, 0xff, 0xff, 0xff, 0xff, 0xff, 0x9a, 0x4e, 0x3b, 0x2a, 0x1c, 0x11, 0x08, 0x03, 0x00, 0x00,
  0x00, 0x00, 0x01, 0x05, 0x0c, 0x16, 0x22, 0x30, 0x41, 0x53, 0xc3, 0xff, 0xff, 0xff, 0xff, 0xff, 0xff, 0xff, 0xff, 0xff, 0xff, 0xff, 0xff, 0xff,
  0xff, 0xff, 0xff, 0xff, 0xff, 0xc3, 0x53, 0x41, 0x30, 0x22, 0x16, 0x0c, 0x05, 0x01, 0x00, 0x00, 0x00, 0x00, 0x00, 0x03, 0x08, 0x10, 0x1a, 0x26,
  0x34, 0x44, 0x55, 0xc3, 0xff, 0xff, 0xff, 0xff, 0xff, 0xff, 0xff, 0xff, 0xff, 0xff, 0xff, 0xff, 0xff, 0xff, 0xff, 0xff, 0xc3, 0x55, 0x44, 0x34,
  0x26, 0x1a, 0x10, 0x08, 0x03, 0x00, 0x00, 0x00, 0x00, 0x00, 0x00, 0x01, 0x04, 0x0a, 0x12, 0x1c, 0x28, 0x35, 0x44, 0x53, 0x9a, 0xf5, 0xff, 0xff,
  0xff, 0xff, 0xff, 0xff, 0xff, 0xff, 0xff, 0xff, 0xff, 0xff, 0xf5, 0x9a, 0x53, 0x44, 0x35, 0x28, 0x1c, 0x12, 0x0a, 0x04, 0x01, 0x00, 0x00, 0x00,
  0x00, 0x00, 0x00, 0x00, 0x02, 0x06, 0x0c, 0x14, 0x1d, 0x28, 0x34, 0x41, 0x4e, 0x6d, 0xc3, 0xf5, 0xff, 0xff, 0xff, 0xff, 0xff, 0xff, 0xff, 0xff,
  0xf5, 0xc3, 0x6d, 0x4e, 0x41, 0x34, 0x28, 0x1d, 0x14, 0x0c, 0x06, 0x02, 0x00, 0x00, 0x00, 0x00, 0x00, 0x00, 0x00, 0x00, 0x00, 0x02, 0x06, 0x0c,
  0x14, 0x1c, 0x26, 0x30, 0x3b, 0x45, 0x4f, 0x62, 0x8f, 0xb9, 0xd7, 0xd8, 0xd8, 0xd7, 0xb9, 0x8f, 0x62, 0x4f, 0x45, 0x3b, 0x30, 0x26, 0x1c, 0x14,
  0x0c, 0x06, 0x02, 0x00, 0x00, 0x00, 0x00, 0x00, 0x00, 0x00, 0x00, 0x00, 0x00, 0x00, 0x03, 0x06, 0x0c, 0x12, 0x1a, 0x22, 0x2a, 0x33, 0x3b, 0x42,
  0x48, 0x4e, 0x51, 0x53, 0x53, 0x51, 0x4e, 0x48, 0x42, 0x3b, 0x33, 0x2a, 0x22, 0x1a, 0x12, 0x0c, 0x06, 0x03, 0x00, 0x00, 0x00, 0x00, 0x00, 0x00,
  0x00, 0x00, 0x00, 0x00, 0x00, 0x00, 0x00, 0x02, 0x06, 0x0a, 0x10, 0x16, 0x1c, 0x23, 0x29, 0x2f, 0x34, 0x38, 0x3b, 0x3c, 0x3c, 0x3b, 0x38, 0x34,
  0x2f, 0x29, 0x23, 0x1c, 0x16, 0x10, 0x0a, 0x06, 0x02, 0x00, 0x00, 0x00, 0x00, 0x00, 0x00, 0x00, 0x00, 0x00, 0x00, 0x00, 0x00, 0x00, 0x00, 0x00,
  0x02, 0x04, 0x08, 0x0c, 0x11, 0x16, 0x1a, 0x1f, 0x23, 0x26, 0x28, 0x29, 0x29, 0x28, 0x26, 0x23, 0x1f, 0x1a, 0x16, 0x11, 0x0c, 0x08, 0x04, 0x02,
  0x00, 0x00, 0x00, 0x00, 0x00, 0x00, 0x00, 0x00, 0x00, 0x00, 0x00, 0x00, 0x00, 0x00, 0x00, 0x00, 0x00, 0x01, 0x03, 0x05, 0x08, 0x0c, 0x0f, 0x12,
  0x15, 0x17, 0x19, 0x1a, 0x1a, 0x19, 0x17, 0x15, 0x12, 0x0f, 0x0c, 0x08, 0x05, 0x03, 0x01, 0x00, 0x00, 0x00, 0x00, 0x00, 0x00, 0x00, 0x00, 0x00,
  0x00, 0x00, 0x00, 0x00, 0x00, 0x00, 0x00, 0x00, 0x00, 0x00, 0x00, 0x01, 0x03, 0x05, 0x07, 0x09, 0x0b, 0x0c, 0x0d, 0x0e, 0x0e, 0x0d, 0x0c, 0x0b,
  0x09, 0x07, 0x05, 0x03, 0x01, 0x00, 0x00, 0x00, 0x00, 0x00, 0x00, 0x00, 0x00, 0x00, 0x00, 0x00, 0x00, 0x00, 0x00, 0x00, 0x00, 0x00, 0x00, 0x00,
  0x00, 0x00, 0x00, 0x00, 0x00, 0x01, 0x02, 0x03, 0x04, 0x05, 0x05, 0x06, 0x06, 0x05, 0x05, 0x04, 0x03, 0x02, 0x01, 0x00, 0x00, 0x00, 0x00, 0x00,
  0x00, 0x00, 0x00, 0x00, 0x00, 0x00, 0x00, 0x00, 0x00, 0x00, 0x00, 0x00, 0x00, 0x00, 0x00, 0x00, 0x00, 0x00, 0x00, 0x00, 0x00, 0x00, 0x00, 0x00,
  0x00, 0x01, 0x01, 0x01, 0x01, 0x01, 0x01, 0x00, 0x00, 0x00, 0x00, 0x00, 0x00, 0x00, 0x00, 0x00, 0x00, 0x00, 0x00, 0x00, 0x00, 0x00, 0x00, 0x00,
};
static const lv_image_dsc_t pl_venus = {
    .header = {.magic = LV_IMAGE_HEADER_MAGIC, .cf = LV_COLOR_FORMAT_RGB565A8, .flags = 0,
               .w = 40, .h = 40, .stride = 80, .reserved_2 = 0},
    .data_size = sizeof(pl_venus_px),
    .data = pl_venus_px,
    .reserved = nullptr,
};

static const uint8_t pl_jupiter_px[] = {
  0x00, 0x00, 0x00, 0x00, 0x00, 0x00, 0x00, 0x00, 0x00, 0x00, 0x00, 0x00, 0x00, 0x00, 0x00, 0x00, 0x00, 0x00, 0x00, 0x00, 0x00, 0x00, 0x00, 0x00,
  0x00, 0x00, 0x00, 0x00, 0x00, 0x00, 0x00, 0x00, 0x00, 0x00, 0x00, 0x00, 0x00, 0x00, 0x00, 0x00, 0x00, 0x00, 0x00, 0x00, 0x00, 0x00, 0x00, 0x00,
  0x00, 0x00, 0x00, 0x00, 0x00, 0x00, 0x00, 0x00, 0x00, 0x00, 0x00, 0x00, 0x00, 0x00, 0x00, 0x00, 0x00, 0x00, 0x00, 0x00, 0x00, 0x00, 0x00, 0x00,
  0x00, 0x00, 0x00, 0x00, 0x00, 0x00, 0x00, 0x00, 0x00, 0x00, 0x00, 0x00, 0x00, 0x00, 0x00, 0x00, 0x00, 0x00, 0x00, 0x00, 0x00, 0x00, 0x00, 0x00,
  0x00, 0x00, 0x00, 0x00, 0x00, 0x00, 0x00, 0x00, 0x00, 0x00, 0x00, 0x00, 0x00, 0x00, 0x00, 0x00, 0x00, 0x00, 0x00, 0x00, 0x00, 0x00, 0x00, 0x00,
  0x00, 0x00, 0x00, 0x00, 0x00, 0x00, 0x00, 0x00, 0x00, 0x00, 0x00, 0x00, 0x00, 0x00, 0x00, 0x00, 0x00, 0x00, 0x00, 0x00, 0x00, 0x00, 0x00, 0x00,
  0x00, 0x00, 0x00, 0x00, 0x00, 0x00, 0x00, 0x00, 0x00, 0x00, 0x00, 0x00, 0x00, 0x00, 0x00, 0x00, 0x00, 0x00, 0x00, 0x00, 0x00, 0x00, 0x00, 0x00,
  0x00, 0x00, 0x00, 0x00, 0x00, 0x00, 0x00, 0x00, 0x00, 0x00, 0x00, 0x00, 0x00, 0x00, 0x00, 0x00, 0x00, 0x00, 0x00, 0x00, 0x00, 0x00, 0x00, 0x00,
  0x00, 0x00, 0x00, 0x00, 0x00, 0x00, 0x00, 0x00, 0x00, 0x00, 0x67, 0x52, 0x67, 0x52, 0x67, 0x52, 0x67, 0x52, 0x67, 0x52, 0x67, 0x52, 0x67, 0x52,
  0x67, 0x52, 0x67, 0x52, 0x67, 0x52, 0x67, 0x52, 0x67, 0x52, 0x67, 0x52, 0x00, 0x00, 0x00, 0x00, 0x00, 0x00, 0x00, 0x00, 0x00, 0x00, 0x00, 0x00,
  0x00, 0x00, 0x00, 0x00, 0x00, 0x00, 0x00, 0x00, 0x00, 0x00, 0x00, 0x00, 0x00, 0x00, 0x00, 0x00, 0x00, 0x00, 0x00, 0x00, 0x00, 0x00, 0x00, 0x00,
  0x00, 0x00, 0x00, 0x00, 0x00, 0x00, 0x00, 0x00, 0x00, 0x00, 0x00, 0x00, 0x00, 0x00, 0x00, 0x00, 0x00, 0x00, 0x00, 0x00, 0x67, 0x52, 0x67, 0x52,
  0x67, 0x52, 0x67, 0x52, 0x67, 0x52, 0x67, 0x52, 0x67, 0x52, 0x67, 0x52, 0x67, 0x52, 0x67, 0x52, 0x67, 0x52, 0x67, 0x52, 0x67, 0x52, 0x67, 0x52,
  0x67, 0x52, 0x67, 0x52, 0x67, 0x52, 0x00, 0x00, 0x00, 0x00, 0x00, 0x00, 0x00, 0x00, 0x00, 0x00, 0x00, 0x00, 0x00, 0x00, 0x00, 0x00, 0x00, 0x00,
  0x00, 0x00, 0x00, 0x00, 0x00, 0x00, 0x00, 0x00, 0x00, 0x00, 0x00, 0x00, 0x00, 0x00, 0x00, 0x00, 0x00, 0x00, 0x00, 0x00, 0x00, 0x00, 0x00, 0x00,
  0x00, 0x00, 0x00, 0x00, 0x00, 0x00, 0x67, 0x52, 0x67, 0x52, 0x67, 0x52, 0x67, 0x52, 0x67, 0x52, 0x67, 0x52, 0x67, 0x52, 0x67, 0x52, 0x67, 0x52,
  0x67, 0x52, 0x67, 0x52, 0x67, 0x52, 0x67, 0x52, 0x67, 0x52, 0x67, 0x52, 0x67, 0x52, 0x67, 0x52, 0x67, 0x52, 0x67, 0x52, 0x67, 0x52, 0x67, 0x52,
  0x00, 0x00, 0x00, 0x00, 0x00, 0x00, 0x00, 0x00, 0x00, 0x00, 0x00, 0x00, 0x00, 0x00, 0x00, 0x00, 0x00, 0x00, 0x00, 0x00, 0x00, 0x00, 0x00, 0x00,
  0x00, 0x00, 0x00, 0x00, 0x00, 0x00, 0x00, 0x00, 0x00, 0x00, 0x00, 0x00, 0x00, 0x00, 0x00, 0x00, 0x67, 0x52, 0x67, 0x52, 0x67, 0x52, 0x67, 0x52,
  0x67, 0x52, 0x67, 0x52, 0x67, 0x52, 0x67, 0x52, 0x67, 0x52, 0x67, 0x52, 0x67, 0x52, 0x67, 0x52, 0x67, 0x52, 0x67, 0x52, 0x67, 0x52, 0x67, 0x52,
  0x67, 0x52, 0x67, 0x52, 0x67, 0x52, 0x67, 0x52, 0x67, 0x52, 0x67, 0x52, 0x67, 0x52, 0x67, 0x52, 0x67, 0x52, 0x00, 0x00, 0x00, 0x00, 0x00, 0x00,
  0x00, 0x00, 0x00, 0x00, 0x00, 0x00, 0x00, 0x00, 0x00, 0x00, 0x00, 0x00, 0x00, 0x00, 0x00, 0x00, 0x00, 0x00, 0x00, 0x00, 0x00, 0x00, 0x00, 0x00,
  0x00, 0x00, 0x00, 0x00, 0x67, 0x52, 0x67, 0x52, 0x67, 0x52, 0x67, 0x52, 0x67, 0x52, 0x67, 0x52, 0x67, 0x52, 0x67, 0x52, 0x67, 0x52, 0x67, 0x52,
  0x67, 0x52, 0x67, 0x52, 0x67, 0x52, 0x67, 0x52, 0x67, 0x52, 0x68, 0x52, 0x88, 0x5a, 0x88, 0x5a, 0xa8, 0x5a, 0xa8, 0x5a, 0xa8, 0x5a, 0xa8, 0x5a,
  0xa8, 0x5a, 0x88, 0x5a, 0x88, 0x52, 0x67, 0x52, 0x67, 0x52, 0x00, 0x00, 0x00, 0x00, 0x00, 0x00, 0x00, 0x00, 0x00, 0x00, 0x00, 0x00, 0x00, 0x00,
  0x00, 0x00, 0x00, 0x00, 0x00, 0x00, 0x00, 0x00, 0x00, 0x00, 0x00, 0x00, 0x00, 0x00, 0x00, 0x00, 0x67, 0x52, 0x67, 0x52, 0x67, 0x52, 0x67, 0x52,
  0x67, 0x52, 0x67, 0x52, 0x67, 0x52, 0x67, 0x52, 0x67, 0x52, 0x67, 0x52, 0x67, 0x52, 0x67, 0x52, 0x67, 0x52, 0x68, 0x52, 0x88, 0x5a, 0xa8, 0x5a,
  0xa9, 0x5a, 0xc9, 0x62, 0xe9, 0x62, 0xe9, 0x62, 0xe9, 0x6a, 0x09, 0x6b, 0x09, 0x6b, 0xe9, 0x6a, 0xe9, 0x62, 0xe9, 0x62, 0xc9, 0x62, 0x88, 0x5a,
  0x68, 0x52, 0x00, 0x00, 0x00, 0x00, 0x00, 0x00, 0x00, 0x00, 0x00, 0x00, 0x00, 0x00, 0x00, 0x00, 0x00, 0x00, 0x00, 0x00, 0x00, 0x00, 0x00, 0x00,
  0x00, 0x00, 0x00, 0x00, 0x67, 0x52, 0x67, 0x52, 0x67, 0x52, 0x67, 0x52, 0x67, 0x52, 0x67, 0x52, 0x67, 0x52, 0x67, 0x52, 0x67, 0x52, 0x67, 0x52,
  0x67, 0x52, 0x67, 0x52, 0x68, 0x52, 0x88, 0x5a, 0xa8, 0x5a, 0xc9, 0x62, 0xe9, 0x62, 0x09, 0x6b, 0x0a, 0x6b, 0x2a, 0x6b, 0x2a, 0x73, 0x2a, 0x73,
  0x4a, 0x73, 0x4a, 0x73, 0x4a, 0x73, 0x4a, 0x73, 0x2a, 0x73, 0x2a, 0x6b, 0x09, 0x6b, 0xc9, 0x62, 0x88, 0x5a, 0x00, 0x00, 0x00, 0x00, 0x00, 0x00,
  0x00, 0x00, 0x00, 0x00, 0x00, 0x00, 0x00, 0x00, 0x00, 0x00, 0x00, 0x00, 0x00, 0x00, 0x00, 0x00, 0x64, 0x41, 0xa4, 0x41, 0xa5, 0x41, 0xa5, 0x41,
  0xa5, 0x41, 0xa5, 0x41, 0xa5, 0x41, 0xa5, 0x41, 0xa5, 0x41, 0xa5, 0x41, 0xa5, 0x41, 0xa5, 0x41, 0xc5, 0x49, 0xe5, 0x49, 0x05, 0x52, 0x06, 0x52,
  0x26, 0x5a, 0x26, 0x5a, 0x46, 0x5a, 0x46, 0x62, 0x67, 0x62, 0x67, 0x62, 0x67, 0x62, 0x67, 0x62, 0x87, 0x62, 0x87, 0x62, 0x87, 0x62, 0x67, 0x62,
  0x67, 0x62, 0x67, 0x62, 0x46, 0x5a, 0x05, 0x52, 0xa4, 0x49, 0x00, 0x00, 0x00, 0x00, 0x00, 0x00, 0x00, 0x00, 0x00, 0x00, 0x00, 0x00, 0x00, 0x00,
  0x00, 0x00, 0x00, 0x00, 0x00, 0x00, 0x64, 0x41, 0x64, 0x41, 0x64, 0x41, 0x64, 0x41, 0x64, 0x41, 0x64, 0x41, 0x64, 0x41, 0x64, 0x41, 0x64, 0x41,
  0x64, 0x41, 0x84, 0x41, 0xa4, 0x49, 0xa4, 0x49, 0xc5, 0x49, 0xe5, 0x51, 0xe5, 0x51, 0x05, 0x5a, 0x05, 0x5a, 0x25, 0x5a, 0x26, 0x62, 0x26, 0x62,
  0x46, 0x62, 0x46, 0x62, 0x46, 0x62, 0x46, 0x62, 0x46, 0x62, 0x46, 0x62, 0x46, 0x62, 0x46, 0x62, 0x46, 0x62, 0x26, 0x62, 0x05, 0x5a, 0xe5, 0x51,
  0x00, 0x00, 0x00, 0x00, 0x00, 0x00, 0x00, 0x00, 0x00, 0x00, 0x00, 0x00, 0x00, 0x00, 0x00, 0x00, 0x00, 0x00, 0x64, 0x41, 0x64, 0x41, 0x64, 0x41,
  0x64, 0x41, 0x64, 0x41, 0x64, 0x41, 0x64, 0x41, 0x64, 0x41, 0x64, 0x41, 0x64, 0x41, 0x84, 0x41, 0xa4, 0x49, 0xc4, 0x49, 0xc5, 0x51, 0xe5, 0x51,
  0x05, 0x5a, 0x05, 0x5a, 0x25, 0x5a, 0x26, 0x62, 0x46, 0x62, 0x46, 0x62, 0x46, 0x62, 0x66, 0x6a, 0x66, 0x6a, 0x66, 0x6a, 0x66, 0x6a, 0x66, 0x6a,
  0x66, 0x6a, 0x66, 0x6a, 0x66, 0x6a, 0x66, 0x6a, 0x46, 0x6a, 0x46, 0x62, 0x25, 0x5a, 0xe5, 0x51, 0x00, 0x00, 0x00, 0x00, 0x00, 0x00, 0x00, 0x00,
  0x00, 0x00, 0x00, 0x00, 0x00, 0x00, 0x00, 0x00, 0x64, 0x41, 0x64, 0x41, 0x64, 0x41, 0x64, 0x41, 0x64, 0x41, 0x64, 0x41, 0x64, 0x41, 0x64, 0x41,
  0x84, 0x41, 0x84, 0x41, 0xa4, 0x49, 0xc5, 0x49, 0xe5, 0x51, 0xe5, 0x51, 0x05, 0x5a, 0x25, 0x5a, 0x26, 0x62, 0x46, 0x62, 0x46, 0x62, 0x66, 0x6a,
  0x66, 0x6a, 0x66, 0x6a, 0x86, 0x6a, 0x87, 0x72, 0x87, 0x72, 0x87, 0x72, 0x87, 0x72, 0x87, 0x72, 0x87, 0x72, 0x87, 0x72, 0x87, 0x72, 0x87, 0x6a,
  0x66, 0x6a, 0x46, 0x62, 0x25, 0x5a, 0x00, 0x00, 0x00, 0x00, 0x00, 0x00, 0x00, 0x00, 0x00, 0x00, 0x00, 0x00, 0x00, 0x00, 0x48, 0x52, 0x47, 0x52,
  0x47, 0x52, 0x47, 0x52, 0x47, 0x52, 0x47, 0x52, 0x47, 0x52, 0x47, 0x52, 0x48, 0x52, 0x88, 0x5a, 0xa9, 0x62, 0xc9, 0x62, 0x0a, 0x6b, 0x2a, 0x73,
  0x4b, 0x73, 0x6b, 0x7b, 0x8b, 0x7b, 0x8c, 0x83, 0xac, 0x83, 0xcc, 0x8b, 0xed, 0x8b, 0xed, 0x8b, 0x0d, 0x94, 0x0d, 0x94, 0x2e, 0x94, 0x2e, 0x94,
  0x2e, 0x94, 0x4e, 0x9c, 0x4e, 0x9c, 0x4e, 0x9c, 0x4e, 0x9c, 0x2e, 0x94, 0x2e, 0x94, 0x0d, 0x94, 0xed, 0x8b, 0xac, 0x83, 0x8c, 0x7b, 0x00, 0x00,
  0x00, 0x00, 0x00, 0x00, 0x00, 0x00, 0x00, 0x00, 0x00, 0x00, 0x88, 0x52, 0x88, 0x52, 0x88, 0x52, 0x88, 0x52, 0x88, 0x52, 0x88, 0x52, 0x88, 0x52,
  0xa9, 0x5a, 0xc9, 0x62, 0x0a, 0x63, 0x2b, 0x6b, 0x6b, 0x73, 0x8c, 0x7b, 0xad, 0x7b, 0xcd, 0x83, 0xee, 0x8b, 0x0e, 0x8c, 0x2e, 0x94, 0x4f, 0x94,
  0x6f, 0x9c, 0x90, 0x9c, 0xb0, 0x9c, 0xb0, 0xa4, 0xd0, 0xa4, 0xd1, 0xa4, 0xf1, 0xa4, 0xf1, 0xac, 0xf1, 0xac, 0xf1, 0xac, 0xf1, 0xac, 0xf1, 0xac,
  0xf1, 0xac, 0xf1, 0xa4, 0xd0, 0xa4, 0xb0, 0x9c, 0x6f, 0x9c, 0x0e, 0x8c, 0x00, 0x00, 0x00, 0x00, 0x00, 0x00, 0x00, 0x00, 0x00, 0x00, 0x88, 0x52,
  0x88, 0x52, 0x88, 0x52, 0x88, 0x52, 0x88, 0x52, 0x88, 0x52, 0x88, 0x52, 0x89, 0x5a, 0xc9, 0x5a, 0x0a, 0x63, 0x2b, 0x6b, 0x6b, 0x73, 0x8c, 0x7b,
  0xad, 0x7b, 0xed, 0x83, 0x0e, 0x8c, 0x2e, 0x8c, 0x4f, 0x94, 0x6f, 0x94, 0x8f, 0x9c, 0xb0, 0x9c, 0xb0, 0xa4, 0xd0, 0xa4, 0xf1, 0xa4, 0xf1, 0xac,
  0x11, 0xad, 0x11, 0xad, 0x32, 0xad, 0x32, 0xb5, 0x32, 0xb5, 0x32, 0xb5, 0x32, 0xb5, 0x32, 0xad, 0x11, 0xad, 0x11, 0xad, 0xf1, 0xa4, 0xb0, 0xa4,
  0x6f, 0x94, 0x0e, 0x8c, 0x00, 0x00, 0x00, 0x00, 0x00, 0x00, 0x00, 0x00, 0x88, 0x52, 0x88, 0x52, 0x88, 0x52, 0x88, 0x52, 0x88, 0x52, 0x88, 0x52,
  0x89, 0x5a, 0xc9, 0x5a, 0xea, 0x62, 0x2b, 0x6b, 0x6b, 0x73, 0x8c, 0x7b, 0xcd, 0x83, 0xed, 0x83, 0x0e, 0x8c, 0x2e, 0x8c, 0x4f, 0x94, 0x6f, 0x9c,
  0x90, 0x9c, 0xb0, 0xa4, 0xd0, 0xa4, 0xf1, 0xa4, 0x11, 0xad, 0x11, 0xad, 0x32, 0xad, 0x32, 0xb5, 0x52, 0xb5, 0x52, 0xb5, 0x52, 0xb5, 0x52, 0xb5,
  0x72, 0xb5, 0x72, 0xb5, 0x52, 0xb5, 0x52, 0xb5, 0x32, 0xb5, 0x32, 0xad, 0xf1, 0xac, 0xb0, 0xa4, 0x4f, 0x94, 0x00, 0x00, 0x00, 0x00, 0x00, 0x00,
  0x00, 0x00, 0x88, 0x52, 0x88, 0x52, 0x88, 0x52, 0x88, 0x52, 0x88, 0x52, 0x89, 0x52, 0xa9, 0x5a, 0xea, 0x62, 0x2b, 0x6b, 0x6b, 0x73, 0x8c, 0x7b,
  0xcd, 0x83, 0xed, 0x83, 0x0e, 0x8c, 0x2e, 0x94, 0x6f, 0x94, 0x8f, 0x9c, 0xb0, 0x9c, 0xd0, 0xa4, 0xf1, 0xa4, 0xf1, 0xac, 0x11, 0xad, 0x32, 0xb5,
  0x52, 0xb5, 0x52, 0xb5, 0x72, 0xb5, 0x73, 0xbd, 0x73, 0xbd, 0x93, 0xbd, 0x93, 0xbd, 0x93, 0xbd, 0x93, 0xbd, 0x93, 0xbd, 0x73, 0xbd, 0x73, 0xbd,
  0x52, 0xb5, 0x32, 0xb5, 0xf1, 0xac, 0x90, 0x9c, 0x00, 0x00, 0x00, 0x00, 0x00, 0x00, 0x00, 0x00, 0x64, 0x41, 0x64, 0x41, 0x64, 0x41, 0x64, 0x41,
  0x64, 0x41, 0x84, 0x41, 0xa4, 0x49, 0xc4, 0x49, 0xe5, 0x51, 0x05, 0x5a, 0x25, 0x5a, 0x26, 0x62, 0x46, 0x62, 0x66, 0x6a, 0x87, 0x6a, 0x87, 0x72,
  0xa7, 0x72, 0xc7, 0x7a, 0xc7, 0x7a, 0xe8, 0x7a, 0xe8, 0x82, 0x08, 0x83, 0x08, 0x83, 0x08, 0x8b, 0x28, 0x8b, 0x28, 0x8b, 0x28, 0x8b, 0x28, 0x8b,
  0x49, 0x93, 0x49, 0x93, 0x49, 0x93, 0x49, 0x93, 0x49, 0x93, 0x29, 0x8b, 0x28, 0x8b, 0x28, 0x8b, 0x08, 0x8b, 0xe8, 0x82, 0xa7, 0x7a, 0x00, 0x00,
  0x00, 0x00, 0x00, 0x00, 0x00, 0x00, 0x64, 0x41, 0x64, 0x41, 0x64, 0x41, 0x64, 0x41, 0x64, 0x41, 0x84, 0x41, 0xa4, 0x49, 0xe5, 0x51, 0x05, 0x5a,
  0x05, 0x5a, 0x26, 0x62, 0x46, 0x62, 0x66, 0x6a, 0x87, 0x6a, 0x87, 0x72, 0xa7, 0x72, 0xc7, 0x7a, 0xc7, 0x7a, 0xe8, 0x82, 0xe8, 0x82, 0x08, 0x83,
  0x08, 0x8b, 0x28, 0x8b, 0x28, 0x8b, 0x28, 0x8b, 0x49, 0x93, 0x49, 0x93, 0x49, 0x93, 0x49, 0x93, 0x49, 0x93, 0x49, 0x93, 0x49, 0x93, 0x49, 0x93,
  0x49, 0x93, 0x49, 0x93, 0x49, 0x8b, 0x28, 0x8b, 0x08, 0x83, 0xc7, 0x7a, 0x00, 0x00, 0x00, 0x00, 0x00, 0x00, 0x00, 0x00, 0x64, 0x41, 0x64, 0x41,
  0x64, 0x41, 0x64, 0x41, 0x84, 0x41, 0xa4, 0x49, 0xc5, 0x51, 0xe5, 0x51, 0x05, 0x5a, 0x26, 0x62, 0x46, 0x62, 0x66, 0x6a, 0x86, 0x6a, 0x87, 0x72,
  0xa7, 0x72, 0xc7, 0x7a, 0xc7, 0x7a, 0xe8, 0x82, 0xe8, 0x82, 0x08, 0x83, 0x08, 0x8b, 0x28, 0x8b, 0x28, 0x8b, 0x49, 0x93, 0x49, 0x93, 0x49, 0x93,
  0x69, 0x93, 0x69, 0x93, 0x69, 0x93, 0x69, 0x9b, 0x69, 0x9b, 0x69, 0x9b, 0x69, 0x9b, 0x69, 0x93, 0x69, 0x93, 0x49, 0x93, 0x49, 0x93, 0x28, 0x8b,
  0xe8, 0x82, 0x00, 0x00, 0x00, 0x00, 0x00, 0x00, 0x00, 0x00, 0x64, 0x41, 0x64, 0x41, 0x64, 0x41, 0x64, 0x41, 0x84, 0x41, 0xc4, 0x49, 0xe5, 0x51,
  0x05, 0x5a, 0x26, 0x5a, 0x46, 0x62, 0x66, 0x6a, 0x66, 0x6a, 0x87, 0x72, 0xa7, 0x72, 0xc7, 0x7a, 0xc7, 0x7a, 0xe8, 0x82, 0x08, 0x83, 0x08, 0x83,
  0x28, 0x8b, 0x28, 0x8b, 0x49, 0x8b, 0x49, 0x93, 0x49, 0x93, 0x69, 0x93, 0x69, 0x93, 0x69, 0x9b, 0x69, 0x9b, 0x89, 0x9b, 0x89, 0x9b, 0x89, 0x9b,
  0x89, 0x9b, 0x89, 0x9b, 0x69, 0x9b, 0x69, 0x9b, 0x69, 0x93, 0x49, 0x93, 0x28, 0x8b, 0x08, 0x83, 0x00, 0x00, 0x00, 0x00, 0x00, 0x00, 0x00, 0x00,
  0x67, 0x52, 0x67, 0x52, 0x67, 0x52, 0x68, 0x52, 0xa9, 0x5a, 0xe9, 0x6a, 0x2a, 0x73, 0x6b, 0x7b, 0xac, 0x7b, 0xcc, 0x83, 0x0d, 0x8c, 0x2d, 0x94,
  0x4e, 0x9c, 0x6e, 0x9c, 0xaf, 0xa4, 0xcf, 0xa4, 0xf0, 0xac, 0x10, 0xad, 0x30, 0xb5, 0x31, 0xb5, 0x51, 0xbd, 0x71, 0xbd, 0x8e, 0xbc, 0x29, 0xab,
  0xa7, 0xaa, 0xa7, 0xaa, 0xa7, 0xaa, 0xe8, 0xb2, 0xec, 0xbb, 0x71, 0xcd, 0xf3, 0xcd, 0xf3, 0xcd, 0xd3, 0xcd, 0xd3, 0xcd, 0xd3, 0xcd, 0xb2, 0xc5,
  0x92, 0xc5, 0x71, 0xbd, 0x10, 0xb5, 0x00, 0x00, 0x00, 0x00, 0x00, 0x00, 0x00, 0x00, 0x67, 0x52, 0x67, 0x52, 0x67, 0x52, 0x88, 0x5a, 0xc9, 0x62,
  0x0a, 0x6b, 0x4b, 0x73, 0x8b, 0x7b, 0xcc, 0x83, 0xed, 0x8b, 0x2d, 0x94, 0x4e, 0x94, 0x6e, 0x9c, 0x8f, 0xa4, 0xcf, 0xa4, 0xf0, 0xac, 0x10, 0xad,
  0x30, 0xb5, 0x31, 0xb5, 0x51, 0xbd, 0x71, 0xbd, 0x6e, 0xb4, 0xa7, 0xaa, 0xa7, 0xaa, 0xa7, 0xaa, 0xa7, 0xaa, 0xc7, 0xb2, 0xc7, 0xb2, 0xc7, 0xb2,
  0x29, 0xb3, 0xf3, 0xd5, 0xf3, 0xd5, 0xf3, 0xd5, 0xf3, 0xcd, 0xf3, 0xcd, 0xd3, 0xcd, 0xb2, 0xc5, 0x72, 0xc5, 0x10, 0xb5, 0x00, 0x00, 0x00, 0x00,
  0x00, 0x00, 0x00, 0x00, 0x67, 0x52, 0x67, 0x52, 0x67, 0x52, 0xa8, 0x5a, 0xe9, 0x62, 0x2a, 0x73, 0x6b, 0x7b, 0xac, 0x83, 0xcc, 0x83, 0x0d, 0x8c,
  0x2d, 0x94, 0x6e, 0x9c, 0x8f, 0x9c, 0xaf, 0xa4, 0xd0, 0xac, 0xf0, 0xac, 0x10, 0xb5, 0x31, 0xb5, 0x51, 0xbd, 0x71, 0xbd, 0x92, 0xc5, 0x4d, 0xbc,
  0xa7, 0xaa, 0xa7, 0xaa, 0xc7, 0xb2, 0xc7, 0xb2, 0xc7, 0xb2, 0xc7, 0xb2, 0xc8, 0xb2, 0x08, 0xbb, 0x14, 0xd6, 0x14, 0xd6, 0x14, 0xd6, 0x13, 0xd6,
  0xf3, 0xd5, 0xf3, 0xcd, 0xd2, 0xcd, 0x92, 0xc5, 0x31, 0xb5, 0x00, 0x00, 0x00, 0x00, 0x00, 0x00, 0x00, 0x00, 0x67, 0x52, 0x67, 0x52, 0x68, 0x52,
  0xa9, 0x5a, 0x09, 0x6b, 0x4a, 0x73, 0x8b, 0x7b, 0xac, 0x83, 0xed, 0x8b, 0x2d, 0x94, 0x4e, 0x94, 0x6e, 0x9c, 0xaf, 0xa4, 0xcf, 0xac, 0xf0, 0xac,
  0x10, 0xb5, 0x31, 0xb5, 0x51, 0xbd, 0x71, 0xbd, 0x92, 0xc5, 0xb2, 0xc5, 0xb2, 0xcd, 0x6e, 0xbc, 0x29, 0xb3, 0xc7, 0xb2, 0xc7, 0xb2, 0xc8, 0xb2,
  0xe8, 0xba, 0xeb, 0xc3, 0x92, 0xd5, 0x34, 0xde, 0x34, 0xde, 0x34, 0xd6, 0x14, 0xd6, 0x13, 0xd6, 0xf3, 0xd5, 0xd3, 0xcd, 0x92, 0xc5, 0x31, 0xb5,
  0x00, 0x00, 0x00, 0x00, 0x00, 0x00, 0x00, 0x00, 0x67, 0x52, 0x67, 0x52, 0x68, 0x52, 0xc9, 0x62, 0x0a, 0x6b, 0x4b, 0x73, 0x8b, 0x7b, 0xcc, 0x83,
  0x0d, 0x8c, 0x2d, 0x94, 0x6e, 0x9c, 0x8f, 0xa4, 0xaf, 0xa4, 0xf0, 0xac, 0x10, 0xb5, 0x31, 0xb5, 0x51, 0xbd, 0x71, 0xbd, 0x92, 0xc5, 0xb2, 0xc5,
  0xb2, 0xcd, 0xd3, 0xcd, 0xf3, 0xcd, 0xf3, 0xd5, 0xd3, 0xd5, 0x51, 0xcd, 0x51, 0xd5, 0x34, 0xde, 0x34, 0xde, 0x54, 0xde, 0x54, 0xde, 0x54, 0xde,
  0x34, 0xde, 0x34, 0xde, 0x34, 0xd6, 0x13, 0xd6, 0xf3, 0xcd, 0xb2, 0xc5, 0x51, 0xbd, 0x00, 0x00, 0x00, 0x00, 0x00, 0x00, 0x00, 0x00, 0x64, 0x41,
  0x64, 0x41, 0x84, 0x41, 0xa4, 0x49, 0xe5, 0x51, 0x05, 0x5a, 0x46, 0x62, 0x66, 0x6a, 0x87, 0x6a, 0xa7, 0x72, 0xc7, 0x7a, 0xc7, 0x7a, 0xe8, 0x82,
  0x08, 0x83, 0x28, 0x8b, 0x28, 0x8b, 0x49, 0x93, 0x69, 0x93, 0x69, 0x9b, 0x89, 0x9b, 0x89, 0x9b, 0x8a, 0xa3, 0xaa, 0xa3, 0xaa, 0xa3, 0xca, 0xa3,
  0xca, 0xa3, 0xca, 0xab, 0xca, 0xab, 0xca, 0xab, 0xea, 0xab, 0xea, 0xab, 0xea, 0xab, 0xca, 0xab, 0xca, 0xab, 0xca, 0xa3, 0xaa, 0xa3, 0x8a, 0xa3,
  0x69, 0x93, 0x28, 0x8b, 0x00, 0x00, 0x00, 0x00, 0x00, 0x00, 0x00, 0x00, 0x00, 0x00, 0x64, 0x41, 0x84, 0x41, 0xc4, 0x49, 0xe5, 0x51, 0x25, 0x5a,
  0x46, 0x62, 0x66, 0x6a, 0x87, 0x72, 0xa7, 0x72, 0xc7, 0x7a, 0xe8, 0x82, 0x08, 0x83, 0x08, 0x8b, 0x28, 0x8b, 0x49, 0x93, 0x49, 0x93, 0x69, 0x93,
  0x69, 0x9b, 0x89, 0x9b, 0x8a, 0x9b, 0xaa, 0xa3, 0xaa, 0xa3, 0xca, 0xa3, 0xca, 0xab, 0xca, 0xab, 0xca, 0xab, 0xea, 0xab, 0xea, 0xab, 0xea, 0xab,
  0xea, 0xab, 0xea, 0xab, 0xea, 0xab, 0xca, 0xab, 0xca, 0xab, 0xaa, 0xa3, 0x8a, 0xa3, 0x69, 0x93, 0x00, 0x00, 0x00, 0x00, 0x00, 0x00, 0x00, 0x00,
  0x00, 0x00, 0x00, 0x00, 0x64, 0x41, 0x84, 0x41, 0xc4, 0x49, 0xe5, 0x51, 0x25, 0x5a, 0x46, 0x62, 0x66, 0x6a, 0x87, 0x72, 0xa7, 0x7a, 0xc7, 0x7a,
  0xe8, 0x82, 0x08, 0x83, 0x28, 0x8b, 0x28, 0x8b, 0x49, 0x93, 0x69, 0x93, 0x69, 0x9b, 0x89, 0x9b, 0x89, 0x9b, 0xaa, 0xa3, 0xaa, 0xa3, 0xca, 0xa3,
  0xca, 0xab, 0xca, 0xab, 0xea, 0xab, 0xea, 0xab, 0xea, 0xab, 0xea, 0xab, 0xea, 0xab, 0xea, 0xab, 0xea, 0xab, 0xea, 0xab, 0xea, 0xab, 0xca, 0xab,
  0xaa, 0xa3, 0x89, 0x9b, 0x49, 0x93, 0x00, 0x00, 0x00, 0x00, 0x00, 0x00, 0x00, 0x00, 0x00, 0x00, 0x00, 0x00, 0x00, 0x00, 0x68, 0x52, 0xc9, 0x62,
  0x2a, 0x73, 0x8b, 0x7b, 0xcc, 0x83, 0x0d, 0x8c, 0x4e, 0x94, 0x6e, 0x9c, 0xaf, 0xa4, 0xcf, 0xac, 0x10, 0xad, 0x31, 0xb5, 0x51, 0xbd, 0x71, 0xbd,
  0x92, 0xc5, 0xb2, 0xc5, 0xd3, 0xcd, 0xf3, 0xcd, 0x13, 0xd6, 0x14, 0xd6, 0x34, 0xde, 0x54, 0xde, 0x54, 0xde, 0x75, 0xde, 0x75, 0xe6, 0x75, 0xe6,
  0x75, 0xe6, 0x75, 0xe6, 0x75, 0xe6, 0x75, 0xe6, 0x75, 0xe6, 0x54, 0xde, 0x34, 0xde, 0x13, 0xd6, 0xb2, 0xcd, 0x00, 0x00, 0x00, 0x00, 0x00, 0x00,
  0x00, 0x00, 0x00, 0x00, 0x00, 0x00, 0x00, 0x00, 0x00, 0x00, 0x67, 0x52, 0xa8, 0x5a, 0x2a, 0x6b, 0x8b, 0x7b, 0xcc, 0x83, 0x0d, 0x8c, 0x4e, 0x94,
  0x6e, 0x9c, 0xaf, 0xa4, 0xf0, 0xac, 0x10, 0xb5, 0x31, 0xb5, 0x51, 0xbd, 0x72, 0xc5, 0xb2, 0xc5, 0xd2, 0xcd, 0xd3, 0xcd, 0xf3, 0xd5, 0x13, 0xd6,
  0x34, 0xd6, 0x34, 0xde, 0x54, 0xde, 0x54, 0xde, 0x75, 0xe6, 0x75, 0xe6, 0x75, 0xe6, 0x95, 0xe6, 0x95, 0xe6, 0x95, 0xe6, 0x75, 0xe6, 0x75, 0xe6,
  0x54, 0xde, 0x34, 0xde, 0xf3, 0xd5, 0xb2, 0xc5, 0x00, 0x00, 0x00, 0x00, 0x00, 0x00, 0x00, 0x00, 0x00, 0x00, 0x00, 0x00, 0x00, 0x00, 0x00, 0x00,
  0x00, 0x00, 0x88, 0x5a, 0x0a, 0x6b, 0x6b, 0x7b, 0xcc, 0x83, 0x0d, 0x8c, 0x4e, 0x94, 0x8e, 0x9c, 0xaf, 0xa4, 0xf0, 0xac, 0x10, 0xb5, 0x31, 0xb5,
  0x71, 0xbd, 0x92, 0xc5, 0xb2, 0xc5, 0xd3, 0xcd, 0xf3, 0xcd, 0x13, 0xd6, 0x14, 0xd6, 0x34, 0xde, 0x54, 0xde, 0x54, 0xde, 0x75, 0xe6, 0x75, 0xe6,
  0x75, 0xe6, 0x95, 0xe6, 0x95, 0xe6, 0x95, 0xe6, 0x95, 0xe6, 0x75, 0xe6, 0x75, 0xe6, 0x54, 0xde, 0x14, 0xd6, 0xd3, 0xcd, 0x00, 0x00, 0x00, 0x00,
  0x00, 0x00, 0x00, 0x00, 0x00, 0x00, 0x00, 0x00, 0x00, 0x00, 0x00, 0x00, 0x00, 0x00, 0x00, 0x00, 0x88, 0x5a, 0xe9, 0x62, 0x4b, 0x73, 0xac, 0x83,
  0x0d, 0x8c, 0x4e, 0x94, 0x8e, 0x9c, 0xaf, 0xa4, 0xf0, 0xac, 0x10, 0xb5, 0x51, 0xb5, 0x71, 0xbd, 0x92, 0xc5, 0xb2, 0xc5, 0xd3, 0xcd, 0xf3, 0xcd,
  0x13, 0xd6, 0x14, 0xd6, 0x34, 0xde, 0x54, 0xde, 0x54, 0xde, 0x75, 0xe6, 0x75, 0xe6, 0x95, 0xe6, 0x95, 0xe6, 0x95, 0xe6, 0x95, 0xe6, 0x75, 0xe6,
  0x75, 0xe6, 0x54, 0xde, 0x34, 0xde, 0xf3, 0xcd, 0xb2, 0xc5, 0x00, 0x00, 0x00, 0x00, 0x00, 0x00, 0x00, 0x00, 0x00, 0x00, 0x00, 0x00, 0x00, 0x00,
  0x00, 0x00, 0x00, 0x00, 0x00, 0x00, 0x00, 0x00, 0xc9, 0x62, 0x2a, 0x6b, 0x8b, 0x7b, 0xed, 0x8b, 0x2d, 0x94, 0x6e, 0x9c, 0xaf, 0xa4, 0xf0, 0xac,
  0x10, 0xb5, 0x31, 0xb5, 0x71, 0xbd, 0x92, 0xc5, 0xb2, 0xc5, 0xd3, 0xcd, 0xf3, 0xcd, 0x13, 0xd6, 0x34, 0xd6, 0x34, 0xde, 0x54, 0xde, 0x54, 0xde,
  0x75, 0xe6, 0x75, 0xe6, 0x75, 0xe6, 0x95, 0xe6, 0x95, 0xe6, 0x75, 0xe6, 0x75, 0xe6, 0x55, 0xde, 0x34, 0xde, 0xf3, 0xd5, 0xd2, 0xcd, 0x00, 0x00,
  0x00, 0x00, 0x00, 0x00, 0x00, 0x00, 0x00, 0x00, 0x00, 0x00, 0x00, 0x00, 0x00, 0x00, 0x00, 0x00, 0x00, 0x00, 0x00, 0x00, 0x00, 0x00, 0x00, 0x00,
  0x0a, 0x6b, 0x6b, 0x73, 0xcc, 0x83, 0x2d, 0x94, 0x6e, 0x9c, 0xaf, 0xa4, 0xd0, 0xac, 0x10, 0xb5, 0x31, 0xb5, 0x71, 0xbd, 0x92, 0xc5, 0xb2, 0xc5,
  0xd3, 0xcd, 0xf3, 0xcd, 0x13, 0xd6, 0x14, 0xd6, 0x34, 0xde, 0x54, 0xde, 0x54, 0xde, 0x75, 0xde, 0x75, 0xe6, 0x75, 0xe6, 0x75, 0xe6, 0x75, 0xe6,
  0x75, 0xe6, 0x54, 0xde, 0x34, 0xde, 0x13, 0xd6, 0xd3, 0xcd, 0x00, 0x00, 0x00, 0x00, 0x00, 0x00, 0x00, 0x00, 0x00, 0x00, 0x00, 0x00, 0x00, 0x00,
  0x00, 0x00, 0x00, 0x00, 0x00, 0x00, 0x00, 0x00, 0x00, 0x00, 0x00, 0x00, 0x00, 0x00, 0x00, 0x00, 0x2a, 0x73, 0x8b, 0x7b, 0xed, 0x8b, 0x4e, 0x94,
  0x8f, 0x9c, 0xcf, 0xa4, 0xf0, 0xac, 0x31, 0xb5, 0x51, 0xbd, 0x72, 0xc5, 0xb2, 0xc5, 0xd3, 0xcd, 0xf3, 0xcd, 0xf3, 0xd5, 0x14, 0xd6, 0x34, 0xde,
  0x34, 0xde, 0x54, 0xde, 0x54, 0xde, 0x75, 0xde, 0x75, 0xe6, 0x75, 0xe6, 0x55, 0xde, 0x54, 0xde, 0x34, 0xde, 0xf3, 0xd5, 0xd3, 0xcd, 0x00, 0x00,
  0x00, 0x00, 0x00, 0x00, 0x00, 0x00, 0x00, 0x00, 0x00, 0x00, 0x00, 0x00, 0x00, 0x00, 0x00, 0x00, 0x00, 0x00, 0x00, 0x00, 0x00, 0x00, 0x00, 0x00,
  0x00, 0x00, 0x00, 0x00, 0x00, 0x00, 0x00, 0x00, 0x6b, 0x73, 0xac, 0x83, 0x0d, 0x8c, 0x6e, 0x9c, 0xaf, 0xa4, 0xf0, 0xac, 0x10, 0xb5, 0x51, 0xbd,
  0x71, 0xbd, 0x92, 0xc5, 0xb2, 0xc5, 0xd3, 0xcd, 0xf3, 0xcd, 0x13, 0xd6, 0x14, 0xd6, 0x34, 0xde, 0x34, 0xde, 0x54, 0xde, 0x54, 0xde, 0x54, 0xde,
  0x54, 0xde, 0x34, 0xde, 0x14, 0xd6, 0xf3, 0xcd, 0xd3, 0xcd, 0x00, 0x00, 0x00, 0x00, 0x00, 0x00, 0x00, 0x00, 0x00, 0x00, 0x00, 0x00, 0x00, 0x00,
  0x00, 0x00, 0x00, 0x00, 0x00, 0x00, 0x00, 0x00, 0x00, 0x00, 0x00, 0x00, 0x00, 0x00, 0x00, 0x00, 0x00, 0x00, 0x00, 0x00, 0x00, 0x00, 0x00, 0x00,
  0x00, 0x00, 0xcc, 0x83, 0x0d, 0x8c, 0x6e, 0x9c, 0xaf, 0xa4, 0xf0, 0xac, 0x30, 0xb5, 0x51, 0xbd, 0x72, 0xbd, 0x92, 0xc5, 0xb2, 0xcd, 0xd3, 0xcd,
  0xf3, 0xcd, 0x13, 0xd6, 0x14, 0xd6, 0x14, 0xd6, 0x34, 0xd6, 0x34, 0xd6, 0x34, 0xd6, 0x13, 0xd6, 0xf3, 0xcd, 0xd3, 0xcd, 0x00, 0x00, 0x00, 0x00,
  0x00, 0x00, 0x00, 0x00, 0x00, 0x00, 0x00, 0x00, 0x00, 0x00, 0x00, 0x00, 0x00, 0x00, 0x00, 0x00, 0x00, 0x00, 0x00, 0x00, 0x00, 0x00, 0x00, 0x00,
  0x00, 0x00, 0x00, 0x00, 0x00, 0x00, 0x00, 0x00, 0x00, 0x00, 0x00, 0x00, 0x00, 0x00, 0x00, 0x00, 0x00, 0x00, 0x00, 0x00, 0x0d, 0x94, 0x4e, 0x9c,
  0xaf, 0xa4, 0xf0, 0xac, 0x10, 0xb5, 0x51, 0xbd, 0x71, 0xbd, 0x92, 0xc5, 0xb2, 0xc5, 0xd3, 0xcd, 0xd3, 0xcd, 0xf3, 0xcd, 0xf3, 0xcd, 0xf3, 0xcd,
  0xd3, 0xcd, 0xd3, 0xcd, 0xb2, 0xcd, 0x00, 0x00, 0x00, 0x00, 0x00, 0x00, 0x00, 0x00, 0x00, 0x00, 0x00, 0x00, 0x00, 0x00, 0x00, 0x00, 0x00, 0x00,
  0x00, 0x00, 0x00, 0x00, 0x00, 0x00, 0x00, 0x00, 0x00, 0x00, 0x00, 0x00, 0x00, 0x00, 0x00, 0x00, 0x00, 0x00, 0x00, 0x00, 0x00, 0x00, 0x00, 0x00,
  0x00, 0x00, 0x00, 0x00, 0x00, 0x00, 0x00, 0x00, 0x00, 0x00, 0x00, 0x00, 0x00, 0x00, 0x4e, 0x9c, 0x8f, 0x9c, 0xcf, 0xa4, 0xf0, 0xac, 0x10, 0xb5,
  0x51, 0xb5, 0x51, 0xbd, 0x71, 0xbd, 0x72, 0xc5, 0x92, 0xc5, 0x92, 0xc5, 0x92, 0xc5, 0x92, 0xc5, 0x00, 0x00, 0x00, 0x00, 0x00, 0x00, 0x00, 0x00,
  0x00, 0x00, 0x00, 0x00, 0x00, 0x00, 0x00, 0x00, 0x00, 0x00, 0x00, 0x00, 0x00, 0x00, 0x00, 0x00, 0x00, 0x00, 0x00, 0x00, 0x00, 0x00, 0x00, 0x00,
  0x00, 0x00, 0x00, 0x00, 0x00, 0x00, 0x00, 0x00, 0x00, 0x00, 0x00, 0x00, 0x00, 0x00, 0x00, 0x00, 0x00, 0x00, 0x00, 0x00, 0x00, 0x00, 0x00, 0x00,
  0x00, 0x00, 0x00, 0x00, 0x00, 0x00, 0x00, 0x00, 0x00, 0x00, 0x00, 0x00, 0x00, 0x00, 0x00, 0x00, 0x00, 0x00, 0x00, 0x00, 0x00, 0x00, 0x00, 0x00,
  0x00, 0x00, 0x00, 0x00, 0x00, 0x00, 0x00, 0x00, 0x00, 0x00, 0x00, 0x00, 0x00, 0x00, 0x00, 0x00, 0x00, 0x00, 0x00, 0x00, 0x00, 0x00, 0x00, 0x00,
  0x00, 0x00, 0x00, 0x00, 0x00, 0x00, 0x00, 0x00, 0x00, 0x00, 0x00, 0x00, 0x00, 0x00, 0x00, 0x00, 0x00, 0x00, 0x00, 0x00, 0x00, 0x00, 0x00, 0x00,
  0x00, 0x00, 0x00, 0x00, 0x00, 0x00, 0x00, 0x00, 0x00, 0x00, 0x00, 0x00, 0x00, 0x00, 0x00, 0x00, 0x00, 0x00, 0x00, 0x00, 0x00, 0x00, 0x00, 0x00,
  0x00, 0x00, 0x00, 0x00, 0x00, 0x00, 0x00, 0x00, 0x00, 0x00, 0x00, 0x00, 0x00, 0x00, 0x00, 0x00, 0x00, 0x00, 0x00, 0x00, 0x00, 0x00, 0x00, 0x00,
  0x00, 0x00, 0x00, 0x00, 0x00, 0x00, 0x00, 0x00, 0x00, 0x00, 0x00, 0x00, 0x00, 0x00, 0x00, 0x00, 0x00, 0x00, 0x00, 0x00, 0x00, 0x00, 0x00, 0x00,
  0x00, 0x00, 0x00, 0x00, 0x00, 0x00, 0x00, 0x00, 0x00, 0x00, 0x00, 0x00, 0x00, 0x00, 0x00, 0x00, 0x00, 0x00, 0x00, 0x00, 0x00, 0x00, 0x00, 0x00,
  0x00, 0x00, 0x00, 0x00, 0x00, 0x00, 0x00, 0x00, 0x00, 0x00, 0x00, 0x00, 0x00, 0x00, 0x00, 0x00, 0x00, 0x00, 0x00, 0x00, 0x00, 0x00, 0x00, 0x00,
  0x00, 0x00, 0x00, 0x00, 0x00, 0x00, 0x00, 0x00, 0x00, 0x00, 0x00, 0x00, 0x00, 0x00, 0x00, 0x00, 0x00, 0x00, 0x00, 0x00, 0x00, 0x00, 0x00, 0x00,
  0x00, 0x00, 0x00, 0x00, 0x00, 0x00, 0x00, 0x00, 0x00, 0x00, 0x00, 0x00, 0x00, 0x00, 0x00, 0x00, 0x00, 0x00, 0x00, 0x00, 0x00, 0x00, 0x00, 0x00,
  0x00, 0x00, 0x00, 0x00, 0x00, 0x00, 0x00, 0x20, 0x70, 0xaf, 0xcf, 0xff, 0xff, 0xff, 0xff, 0xff, 0xcf, 0xaf, 0x70, 0x20, 0x00, 0x00, 0x00, 0x00,
  0x00, 0x00, 0x00, 0x00, 0x00, 0x00, 0x00, 0x00, 0x00, 0x00, 0x00, 0x00, 0x00, 0x00, 0x00, 0x00, 0x00, 0x00, 0x00, 0x00, 0x00, 0x00, 0x00, 0x00,
  0x60, 0xcf, 0xff, 0xff, 0xff, 0xff, 0xff, 0xff, 0xff, 0xff, 0xff, 0xff, 0xff, 0xff, 0xff, 0xcf, 0x60, 0x00, 0x00, 0x00, 0x00, 0x00, 0x00, 0x00,
  0x00, 0x00, 0x00, 0x00, 0x00, 0x00, 0x00, 0x00, 0x00, 0x00, 0x00, 0x00, 0x00, 0x00, 0x00, 0x00, 0x00, 0x50, 0xdf, 0xff, 0xff, 0xff, 0xff, 0xff,
  0xff, 0xff, 0xff, 0xff, 0xff, 0xff, 0xff, 0xff, 0xff, 0xff, 0xff, 0xff, 0xdf, 0x50, 0x00, 0x00, 0x00, 0x00, 0x00, 0x00, 0x00, 0x00, 0x00, 0x00,
  0x00, 0x00, 0x00, 0x00, 0x00, 0x00, 0x00, 0x00, 0x00, 0x00, 0x10, 0xaf, 0xff, 0xff, 0xff, 0xff, 0xff, 0xff, 0xff, 0xff, 0xff, 0xff, 0xff, 0xff,
  0xff, 0xff, 0xff, 0xff, 0xff, 0xff, 0xff, 0xff, 0xff, 0xaf, 0x10, 0x00, 0x00, 0x00, 0x00, 0x00, 0x00, 0x00, 0x00, 0x00, 0x00, 0x00, 0x00, 0x00,
  0x00, 0x00, 0x00, 0x00, 0x30, 0xdf, 0xff, 0xff, 0xff, 0xff, 0xff, 0xff, 0xff, 0xff, 0xff, 0xff, 0xff, 0xff, 0xff, 0xff, 0xff, 0xff, 0xff, 0xff,
  0xff, 0xff, 0xff, 0xff, 0xff, 0xdf, 0x30, 0x00, 0x00, 0x00, 0x00, 0x00, 0x00, 0x00, 0x00, 0x00, 0x00, 0x00, 0x00, 0x00, 0x00, 0x00, 0x30, 0xef,
  0xff, 0xff, 0xff, 0xff, 0xff, 0xff, 0xff, 0xff, 0xff, 0xff, 0xff, 0xff, 0xff, 0xff, 0xff, 0xff, 0xff, 0xff, 0xff, 0xff, 0xff, 0xff, 0xff, 0xff,
  0xff, 0xef, 0x30, 0x00, 0x00, 0x00, 0x00, 0x00, 0x00, 0x00, 0x00, 0x00, 0x00, 0x00, 0x00, 0x00, 0x30, 0xef, 0xff, 0xff, 0xff, 0xff, 0xff, 0xff,
  0xff, 0xff, 0xff, 0xff, 0xff, 0xff, 0xff, 0xff, 0xff, 0xff, 0xff, 0xff, 0xff, 0xff, 0xff, 0xff, 0xff, 0xff, 0xff, 0xff, 0xff, 0xef, 0x30, 0x00,
  0x00, 0x00, 0x00, 0x00, 0x00, 0x00, 0x00, 0x00, 0x00, 0x00, 0x10, 0xdf, 0xff, 0xff, 0xff, 0xff, 0xff, 0xff, 0xff, 0xff, 0xff, 0xff, 0xff, 0xff,
  0xff, 0xff, 0xff, 0xff, 0xff, 0xff, 0xff, 0xff, 0xff, 0xff, 0xff, 0xff, 0xff, 0xff, 0xff, 0xff, 0xff, 0xdf, 0x10, 0x00, 0x00, 0x00, 0x00, 0x00,
  0x00, 0x00, 0x00, 0x00, 0x00, 0xaf, 0xff, 0xff, 0xff, 0xff, 0xff, 0xff, 0xff, 0xff, 0xff, 0xff, 0xff, 0xff, 0xff, 0xff, 0xff, 0xff, 0xff, 0xff,
  0xff, 0xff, 0xff, 0xff, 0xff, 0xff, 0xff, 0xff, 0xff, 0xff, 0xff, 0xff, 0xff, 0xaf, 0x00, 0x00, 0x00, 0x00, 0x00, 0x00, 0x00, 0x00, 0x00, 0x50,
  0xff, 0xff, 0xff, 0xff, 0xff, 0xff, 0xff, 0xff, 0xff, 0xff, 0xff, 0xff, 0xff, 0xff, 0xff, 0xff, 0xff, 0xff, 0xff, 0xff, 0xff, 0xff, 0xff, 0xff,
  0xff, 0xff, 0xff, 0xff, 0xff, 0xff, 0xff, 0xff, 0xff, 0x50, 0x00, 0x00, 0x00, 0x00, 0x00, 0x00, 0x00, 0x00, 0xdf, 0xff, 0xff, 0xff, 0xff, 0xff,
  0xff, 0xff, 0xff, 0xff, 0xff, 0xff, 0xff, 0xff, 0xff, 0xff, 0xff, 0xff, 0xff, 0xff, 0xff, 0xff, 0xff, 0xff, 0xff, 0xff, 0xff, 0xff, 0xff, 0xff,
  0xff, 0xff, 0xff, 0xff, 0xdf, 0x00, 0x00, 0x00, 0x00, 0x00, 0x00, 0x00, 0x60, 0xff, 0xff, 0xff, 0xff, 0xff, 0xff, 0xff, 0xff, 0xff, 0xff, 0xff,
  0xff, 0xff, 0xff, 0xff, 0xff, 0xff, 0xff, 0xff, 0xff, 0xff, 0xff, 0xff, 0xff, 0xff, 0xff, 0xff, 0xff, 0xff, 0xff, 0xff, 0xff, 0xff, 0xff, 0xff,
  0x60, 0x00, 0x00, 0x00, 0x00, 0x00, 0x00, 0xcf, 0xff, 0xff, 0xff, 0xff, 0xff, 0xff, 0xff, 0xff, 0xff, 0xff, 0xff, 0xff, 0xff, 0xff, 0xff, 0xff,
  0xff, 0xff, 0xff, 0xff, 0xff, 0xff, 0xff, 0xff, 0xff, 0xff, 0xff, 0xff, 0xff, 0xff, 0xff, 0xff, 0xff, 0xff, 0xff, 0xcf, 0x00, 0x00, 0x00, 0x00,
  0x00, 0x20, 0xff, 0xff, 0xff, 0xff, 0xff, 0xff, 0xff, 0xff, 0xff, 0xff, 0xff, 0xff, 0xff, 0xff, 0xff, 0xff, 0xff, 0xff, 0xff, 0xff, 0xff, 0xff,
  0xff, 0xff, 0xff, 0xff, 0xff, 0xff, 0xff, 0xff, 0xff, 0xff, 0xff, 0xff, 0xff, 0xff, 0xff, 0x20, 0x00, 0x00, 0x00, 0x00, 0x70, 0xff, 0xff, 0xff,
  0xff, 0xff, 0xff, 0xff, 0xff, 0xff, 0xff, 0xff, 0xff, 0xff, 0xff, 0xff, 0xff, 0xff, 0xff, 0xff, 0xff, 0xff, 0xff, 0xff, 0xff, 0xff, 0xff, 0xff,
  0xff, 0xff, 0xff, 0xff, 0xff, 0xff, 0xff, 0xff, 0xff, 0xff, 0x70, 0x00, 0x00, 0x00, 0x00, 0xaf, 0xff, 0xff, 0xff, 0xff, 0xff, 0xff, 0xff, 0xff,
  0xff, 0xff, 0xff, 0xff, 0xff, 0xff, 0xff, 0xff, 0xff, 0xff, 0xff, 0xff, 0xff, 0xff, 0xff, 0xff, 0xff, 0xff, 0xff, 0xff, 0xff, 0xff, 0xff, 0xff,
  0xff, 0xff, 0xff, 0xff, 0xff, 0xaf, 0x00, 0x00, 0x00, 0x00, 0xcf, 0xff, 0xff, 0xff, 0xff, 0xff, 0xff, 0xff, 0xff, 0xff, 0xff, 0xff, 0xff, 0xff,
  0xff, 0xff, 0xff, 0xff, 0xff, 0xff, 0xff, 0xff, 0xff, 0xff, 0xff, 0xff, 0xff, 0xff, 0xff, 0xff, 0xff, 0xff, 0xff, 0xff, 0xff, 0xff, 0xff, 0xff,
  0xcf, 0x00, 0x00, 0x00, 0x00, 0xff, 0xff, 0xff, 0xff, 0xff, 0xff, 0xff, 0xff, 0xff, 0xff, 0xff, 0xff, 0xff, 0xff, 0xff, 0xff, 0xff, 0xff, 0xff,
  0xff, 0xff, 0xff, 0xff, 0xff, 0xff, 0xff, 0xff, 0xff, 0xff, 0xff, 0xff, 0xff, 0xff, 0xff, 0xff, 0xff, 0xff, 0xff, 0xff, 0x00, 0x00, 0x00, 0x00,
  0xff, 0xff, 0xff, 0xff, 0xff, 0xff, 0xff, 0xff, 0xff, 0xff, 0xff, 0xff, 0xff, 0xff, 0xff, 0xff, 0xff, 0xff, 0xff, 0xff, 0xff, 0xff, 0xff, 0xff,
  0xff, 0xff, 0xff, 0xff, 0xff, 0xff, 0xff, 0xff, 0xff, 0xff, 0xff, 0xff, 0xff, 0xff, 0xff, 0x00, 0x00, 0x00, 0x00, 0xff, 0xff, 0xff, 0xff, 0xff,
  0xff, 0xff, 0xff, 0xff, 0xff, 0xff, 0xff, 0xff, 0xff, 0xff, 0xff, 0xff, 0xff, 0xff, 0xff, 0xff, 0xff, 0xff, 0xff, 0xff, 0xff, 0xff, 0xff, 0xff,
  0xff, 0xff, 0xff, 0xff, 0xff, 0xff, 0xff, 0xff, 0xff, 0xff, 0x00, 0x00, 0x00, 0x00, 0xff, 0xff, 0xff, 0xff, 0xff, 0xff, 0xff, 0xff, 0xff, 0xff,
  0xff, 0xff, 0xff, 0xff, 0xff, 0xff, 0xff, 0xff, 0xff, 0xff, 0xff, 0xff, 0xff, 0xff, 0xff, 0xff, 0xff, 0xff, 0xff, 0xff, 0xff, 0xff, 0xff, 0xff,
  0xff, 0xff, 0xff, 0xff, 0xff, 0x00, 0x00, 0x00, 0x00, 0xff, 0xff, 0xff, 0xff, 0xff, 0xff, 0xff, 0xff, 0xff, 0xff, 0xff, 0xff, 0xff, 0xff, 0xff,
  0xff, 0xff, 0xff, 0xff, 0xff, 0xff, 0xff, 0xff, 0xff, 0xff, 0xff, 0xff, 0xff, 0xff, 0xff, 0xff, 0xff, 0xff, 0xff, 0xff, 0xff, 0xff, 0xff, 0xff,
  0x00, 0x00, 0x00, 0x00, 0xcf, 0xff, 0xff, 0xff, 0xff, 0xff, 0xff, 0xff, 0xff, 0xff, 0xff, 0xff, 0xff, 0xff, 0xff, 0xff, 0xff, 0xff, 0xff, 0xff,
  0xff, 0xff, 0xff, 0xff, 0xff, 0xff, 0xff, 0xff, 0xff, 0xff, 0xff, 0xff, 0xff, 0xff, 0xff, 0xff, 0xff, 0xff, 0xcf, 0x00, 0x00, 0x00, 0x00, 0xaf,
  0xff, 0xff, 0xff, 0xff, 0xff, 0xff, 0xff, 0xff, 0xff, 0xff, 0xff, 0xff, 0xff, 0xff, 0xff, 0xff, 0xff, 0xff, 0xff, 0xff, 0xff, 0xff, 0xff, 0xff,
  0xff, 0xff, 0xff, 0xff, 0xff, 0xff, 0xff, 0xff, 0xff, 0xff, 0xff, 0xff, 0xff, 0xaf, 0x00, 0x00, 0x00, 0x00, 0x70, 0xff, 0xff, 0xff, 0xff, 0xff,
  0xff, 0xff, 0xff, 0xff, 0xff, 0xff, 0xff, 0xff, 0xff, 0xff, 0xff, 0xff, 0xff, 0xff, 0xff, 0xff, 0xff, 0xff, 0xff, 0xff, 0xff, 0xff, 0xff, 0xff,
  0xff, 0xff, 0xff, 0xff, 0xff, 0xff, 0xff, 0xff, 0x70, 0x00, 0x00, 0x00, 0x00, 0x20, 0xff, 0xff, 0xff, 0xff, 0xff, 0xff, 0xff, 0xff, 0xff, 0xff,
  0xff, 0xff, 0xff, 0xff, 0xff, 0xff, 0xff, 0xff, 0xff, 0xff, 0xff, 0xff, 0xff, 0xff, 0xff, 0xff, 0xff, 0xff, 0xff, 0xff, 0xff, 0xff, 0xff, 0xff,
  0xff, 0xff, 0xff, 0x20, 0x00, 0x00, 0x00, 0x00, 0x00, 0xcf, 0xff, 0xff, 0xff, 0xff, 0xff, 0xff, 0xff, 0xff, 0xff, 0xff, 0xff, 0xff, 0xff, 0xff,
  0xff, 0xff, 0xff, 0xff, 0xff, 0xff, 0xff, 0xff, 0xff, 0xff, 0xff, 0xff, 0xff, 0xff, 0xff, 0xff, 0xff, 0xff, 0xff, 0xff, 0xff, 0xcf, 0x00, 0x00,
  0x00, 0x00, 0x00, 0x00, 0x60, 0xff, 0xff, 0xff, 0xff, 0xff, 0xff, 0xff, 0xff, 0xff, 0xff, 0xff, 0xff, 0xff, 0xff, 0xff, 0xff, 0xff, 0xff, 0xff,
  0xff, 0xff, 0xff, 0xff, 0xff, 0xff, 0xff, 0xff, 0xff, 0xff, 0xff, 0xff, 0xff, 0xff, 0xff, 0xff, 0x60, 0x00, 0x00, 0x00, 0x00, 0x00, 0x00, 0x00,
  0xdf, 0xff, 0xff, 0xff, 0xff, 0xff, 0xff, 0xff, 0xff, 0xff, 0xff, 0xff, 0xff, 0xff, 0xff, 0xff, 0xff, 0xff, 0xff, 0xff, 0xff, 0xff, 0xff, 0xff,
  0xff, 0xff, 0xff, 0xff, 0xff, 0xff, 0xff, 0xff, 0xff, 0xff, 0xdf, 0x00, 0x00, 0x00, 0x00, 0x00, 0x00, 0x00, 0x00, 0x50, 0xff, 0xff, 0xff, 0xff,
  0xff, 0xff, 0xff, 0xff, 0xff, 0xff, 0xff, 0xff, 0xff, 0xff, 0xff, 0xff, 0xff, 0xff, 0xff, 0xff, 0xff, 0xff, 0xff, 0xff, 0xff, 0xff, 0xff, 0xff,
  0xff, 0xff, 0xff, 0xff, 0xff, 0x50, 0x00, 0x00, 0x00, 0x00, 0x00, 0x00, 0x00, 0x00, 0x00, 0xaf, 0xff, 0xff, 0xff, 0xff, 0xff, 0xff, 0xff, 0xff,
  0xff, 0xff, 0xff, 0xff, 0xff, 0xff, 0xff, 0xff, 0xff, 0xff, 0xff, 0xff, 0xff, 0xff, 0xff, 0xff, 0xff, 0xff, 0xff, 0xff, 0xff, 0xff, 0xff, 0xaf,
  0x00, 0x00, 0x00, 0x00, 0x00, 0x00, 0x00, 0x00, 0x00, 0x00, 0x10, 0xdf, 0xff, 0xff, 0xff, 0xff, 0xff, 0xff, 0xff, 0xff, 0xff, 0xff, 0xff, 0xff,
  0xff, 0xff, 0xff, 0xff, 0xff, 0xff, 0xff, 0xff, 0xff, 0xff, 0xff, 0xff, 0xff, 0xff, 0xff, 0xff, 0xff, 0xdf, 0x10, 0x00, 0x00, 0x00, 0x00, 0x00,
  0x00, 0x00, 0x00, 0x00, 0x00, 0x00, 0x30, 0xef, 0xff, 0xff, 0xff, 0xff, 0xff, 0xff, 0xff, 0xff, 0xff, 0xff, 0xff, 0xff, 0xff, 0xff, 0xff, 0xff,
  0xff, 0xff, 0xff, 0xff, 0xff, 0xff, 0xff, 0xff, 0xff, 0xff, 0xff, 0xef, 0x30, 0x00, 0x00, 0x00, 0x00, 0x00, 0x00, 0x00, 0x00, 0x00, 0x00, 0x00,
  0x00, 0x00, 0x30, 0xef, 0xff, 0xff, 0xff, 0xff, 0xff, 0xff, 0xff, 0xff, 0xff, 0xff, 0xff, 0xff, 0xff, 0xff, 0xff, 0xff, 0xff, 0xff, 0xff, 0xff,
  0xff, 0xff, 0xff, 0xff, 0xff, 0xef, 0x30, 0x00, 0x00, 0x00, 0x00, 0x00, 0x00, 0x00, 0x00, 0x00, 0x00, 0x00, 0x00, 0x00, 0x00, 0x00, 0x30, 0xdf,
  0xff, 0xff, 0xff, 0xff, 0xff, 0xff, 0xff, 0xff, 0xff, 0xff, 0xff, 0xff, 0xff, 0xff, 0xff, 0xff, 0xff, 0xff, 0xff, 0xff, 0xff, 0xff, 0xff, 0xdf,
  0x30, 0x00, 0x00, 0x00, 0x00, 0x00, 0x00, 0x00, 0x00, 0x00, 0x00, 0x00, 0x00, 0x00, 0x00, 0x00, 0x00, 0x00, 0x10, 0xaf, 0xff, 0xff, 0xff, 0xff,
  0xff, 0xff, 0xff, 0xff, 0xff, 0xff, 0xff, 0xff, 0xff, 0xff, 0xff, 0xff, 0xff, 0xff, 0xff, 0xff, 0xff, 0xaf, 0x10, 0x00, 0x00, 0x00, 0x00, 0x00,
  0x00, 0x00, 0x00, 0x00, 0x00, 0x00, 0x00, 0x00, 0x00, 0x00, 0x00, 0x00, 0x00, 0x00, 0x00, 0x50, 0xdf, 0xff, 0xff, 0xff, 0xff, 0xff, 0xff, 0xff,
  0xff, 0xff, 0xff, 0xff, 0xff, 0xff, 0xff, 0xff, 0xff, 0xff, 0xdf, 0x50, 0x00, 0x00, 0x00, 0x00, 0x00, 0x00, 0x00, 0x00, 0x00, 0x00, 0x00, 0x00,
  0x00, 0x00, 0x00, 0x00, 0x00, 0x00, 0x00, 0x00, 0x00, 0x00, 0x00, 0x00, 0x60, 0xcf, 0xff, 0xff, 0xff, 0xff, 0xff, 0xff, 0xff, 0xff, 0xff, 0xff,
  0xff, 0xff, 0xff, 0xcf, 0x60, 0x00, 0x00, 0x00, 0x00, 0x00, 0x00, 0x00, 0x00, 0x00, 0x00, 0x00, 0x00, 0x00, 0x00, 0x00, 0x00, 0x00, 0x00, 0x00,
  0x00, 0x00, 0x00, 0x00, 0x00, 0x00, 0x00, 0x00, 0x00, 0x20, 0x70, 0xaf, 0xcf, 0xff, 0xff, 0xff, 0xff, 0xff, 0xcf, 0xaf, 0x70, 0x20, 0x00, 0x00,
  0x00, 0x00, 0x00, 0x00, 0x00, 0x00, 0x00, 0x00, 0x00, 0x00, 0x00, 0x00, 0x00, 0x00, 0x00, 0x00, 0x00, 0x00, 0x00, 0x00, 0x00, 0x00, 0x00, 0x00,
  0x00, 0x00, 0x00, 0x00, 0x00, 0x00, 0x00, 0x00, 0x00, 0x00, 0x00, 0x00, 0x00, 0x00, 0x00, 0x00, 0x00, 0x00, 0x00, 0x00, 0x00, 0x00, 0x00, 0x00,
  0x00, 0x00, 0x00, 0x00, 0x00, 0x00, 0x00, 0x00, 0x00, 0x00, 0x00, 0x00, 0x00, 0x00, 0x00, 0x00, 0x00, 0x00, 0x00, 0x00, 0x00, 0x00, 0x00, 0x00,
  0x00, 0x00, 0x00, 0x00, 0x00, 0x00, 0x00, 0x00, 0x00, 0x00, 0x00, 0x00, 0x00, 0x00, 0x00, 0x00, 0x00, 0x00, 0x00, 0x00, 0x00, 0x00, 0x00, 0x00,
  0x00, 0x00, 0x00,
};
static const lv_image_dsc_t pl_jupiter = {
    .header = {.magic = LV_IMAGE_HEADER_MAGIC, .cf = LV_COLOR_FORMAT_RGB565A8, .flags = 0,
               .w = 43, .h = 43, .stride = 86, .reserved_2 = 0},
    .data_size = sizeof(pl_jupiter_px),
    .data = pl_jupiter_px,
    .reserved = nullptr,
};

static const uint8_t pl_mars_px[] = {
  0x00, 0x00, 0x00, 0x00, 0x00, 0x00, 0x00, 0x00, 0x00, 0x00, 0x00, 0x00, 0x00, 0x00, 0x00, 0x00, 0x00, 0x00, 0x00, 0x00, 0x00, 0x00, 0x00, 0x00,
  0x00, 0x00, 0x00, 0x00, 0x00, 0x00, 0x00, 0x00, 0x00, 0x00, 0x00, 0x00, 0x00, 0x00, 0x00, 0x00, 0x00, 0x00, 0x00, 0x00, 0x00, 0x00, 0x00, 0x00,
  0x00, 0x00, 0x00, 0x00, 0x00, 0x00, 0x00, 0x00, 0x00, 0x00, 0x00, 0x00, 0x00, 0x00, 0x00, 0x00, 0x00, 0x00, 0x00, 0x00, 0x00, 0x00, 0x00, 0x00,
  0x00, 0x00, 0x00, 0x00, 0x00, 0x00, 0x00, 0x00, 0x00, 0x00, 0xaa, 0x52, 0xaa, 0x52, 0xaa, 0x52, 0xaa, 0x52, 0xaa, 0x52, 0xaa, 0x52, 0xaa, 0x52,
  0xaa, 0x52, 0x00, 0x00, 0x00, 0x00, 0x00, 0x00, 0x00, 0x00, 0x00, 0x00, 0x00, 0x00, 0x00, 0x00, 0x00, 0x00, 0x00, 0x00, 0x00, 0x00, 0x00, 0x00,
  0x00, 0x00, 0x00, 0x00, 0x00, 0x00, 0x00, 0x00, 0x00, 0x00, 0x00, 0x00, 0x00, 0x00, 0x00, 0x00, 0x00, 0x00, 0xaa, 0x52, 0xaa, 0x52, 0xaa, 0x52,
  0xaa, 0x52, 0xaa, 0x52, 0xaa, 0x52, 0xaa, 0x52, 0xaa, 0x52, 0xaa, 0x52, 0xaa, 0x52, 0xaa, 0x52, 0xaa, 0x52, 0x00, 0x00, 0x00, 0x00, 0x00, 0x00,
  0x00, 0x00, 0x00, 0x00, 0x00, 0x00, 0x00, 0x00, 0x00, 0x00, 0x00, 0x00, 0x00, 0x00, 0x00, 0x00, 0x00, 0x00, 0x00, 0x00, 0x00, 0x00, 0x00, 0x00,
  0x00, 0x00, 0xaa, 0x52, 0xaa, 0x52, 0xaa, 0x52, 0xaa, 0x52, 0xaa, 0x52, 0xaa, 0x52, 0xaa, 0x52, 0xaa, 0x52, 0xaa, 0x52, 0xaa, 0x52, 0xaa, 0x52,
  0xaa, 0x52, 0xaa, 0x52, 0xaa, 0x52, 0xaa, 0x52, 0xaa, 0x52, 0x00, 0x00, 0x00, 0x00, 0x00, 0x00, 0x00, 0x00, 0x00, 0x00, 0x00, 0x00, 0x00, 0x00,
  0x00, 0x00, 0x00, 0x00, 0x00, 0x00, 0x00, 0x00, 0x00, 0x00, 0x00, 0x00, 0xaa, 0x52, 0xaa, 0x52, 0xaa, 0x52, 0xaa, 0x52, 0xaa, 0x52, 0xaa, 0x52,
  0xaa, 0x52, 0xaa, 0x52, 0xaa, 0x52, 0xaa, 0x5a, 0xca, 0x5a, 0xcb, 0x5a, 0xeb, 0x5a, 0xeb, 0x62, 0xeb, 0x62, 0xeb, 0x5a, 0xca, 0x5a, 0xaa, 0x5a,
  0x00, 0x00, 0x00, 0x00, 0x00, 0x00, 0x00, 0x00, 0x00, 0x00, 0x00, 0x00, 0x00, 0x00, 0x00, 0x00, 0x00, 0x00, 0x00, 0x00, 0x00, 0x00, 0x43, 0x49,
  0x84, 0x49, 0x84, 0x49, 0x84, 0x49, 0x84, 0x49, 0x84, 0x49, 0x84, 0x49, 0x84, 0x49, 0x84, 0x51, 0x84, 0x51, 0xa4, 0x59, 0xc5, 0x59, 0xc5, 0x61,
  0xe5, 0x61, 0xe5, 0x61, 0xe5, 0x61, 0xe5, 0x61, 0xc5, 0x61, 0xa5, 0x59, 0x63, 0x51, 0x00, 0x00, 0x00, 0x00, 0x00, 0x00, 0x00, 0x00, 0x00, 0x00,
  0x00, 0x00, 0x00, 0x00, 0x00, 0x00, 0x00, 0x00, 0x22, 0x49, 0x22, 0x49, 0x22, 0x49, 0x22, 0x49, 0x22, 0x49, 0x22, 0x49, 0x22, 0x49, 0x22, 0x49,
  0x22, 0x51, 0x42, 0x59, 0x63, 0x59, 0x63, 0x61, 0x83, 0x61, 0x83, 0x69, 0x83, 0x69, 0x83, 0x69, 0xa3, 0x71, 0xa3, 0x71, 0xa3, 0x69, 0x83, 0x69,
  0x63, 0x61, 0x42, 0x59, 0x00, 0x00, 0x00, 0x00, 0x00, 0x00, 0x00, 0x00, 0x00, 0x00, 0x00, 0x00, 0x00, 0x00, 0x22, 0x49, 0x22, 0x49, 0x22, 0x49,
  0x22, 0x49, 0x22, 0x49, 0x22, 0x49, 0x22, 0x49, 0x22, 0x51, 0x42, 0x51, 0x43, 0x59, 0x63, 0x61, 0x83, 0x69, 0x83, 0x69, 0xa3, 0x71, 0xa3, 0x71,
  0xc3, 0x79, 0xc3, 0x79, 0xc4, 0x79, 0xc4, 0x79, 0xc4, 0x79, 0xc3, 0x79, 0xa3, 0x71, 0x83, 0x69, 0x63, 0x61, 0x00, 0x00, 0x00, 0x00, 0x00, 0x00,
  0x00, 0x00, 0x00, 0x00, 0x00, 0x00, 0x22, 0x49, 0x22, 0x49, 0x22, 0x49, 0x22, 0x49, 0x22, 0x49, 0x22, 0x49, 0x22, 0x51, 0x42, 0x59, 0x63, 0x61,
  0x83, 0x61, 0x83, 0x69, 0xa3, 0x71, 0xa3, 0x71, 0xc3, 0x79, 0xc4, 0x79, 0xe4, 0x81, 0xe4, 0x81, 0xe4, 0x81, 0xe4, 0x81, 0xe4, 0x81, 0xe4, 0x81,
  0xe4, 0x81, 0xc4, 0x79, 0xa3, 0x71, 0x00, 0x00, 0x00, 0x00, 0x00, 0x00, 0x00, 0x00, 0x00, 0x00, 0x22, 0x49, 0x22, 0x49, 0x22, 0x49, 0x22, 0x49,
  0x22, 0x49, 0x22, 0x49, 0x22, 0x51, 0x42, 0x59, 0x63, 0x61, 0x83, 0x69, 0xa3, 0x71, 0xa3, 0x71, 0xc3, 0x79, 0xc4, 0x81, 0xe4, 0x81, 0xe4, 0x89,
  0x04, 0x8a, 0x04, 0x8a, 0x04, 0x8a, 0x04, 0x92, 0x04, 0x92, 0x04, 0x92, 0x04, 0x8a, 0x04, 0x8a, 0xc4, 0x81, 0xa3, 0x71, 0x00, 0x00, 0x00, 0x00,
  0x00, 0x00, 0x00, 0x00, 0x22, 0x49, 0x22, 0x49, 0x22, 0x49, 0x22, 0x49, 0x22, 0x49, 0x22, 0x51, 0x42, 0x59, 0x63, 0x61, 0x83, 0x69, 0xa3, 0x71,
  0xc3, 0x79, 0xc4, 0x79, 0xe4, 0x81, 0xe4, 0x89, 0x04, 0x8a, 0x04, 0x92, 0x24, 0x92, 0x24, 0x92, 0x24, 0x9a, 0x24, 0x9a, 0x24, 0x9a, 0x24, 0x9a,
  0x24, 0x92, 0x24, 0x92, 0x04, 0x8a, 0xe4, 0x81, 0x00, 0x00, 0x00, 0x00, 0x00, 0x00, 0x22, 0x49, 0x22, 0x49, 0x22, 0x49, 0x22, 0x49, 0x22, 0x49,
  0x22, 0x51, 0x42, 0x59, 0x63, 0x61, 0x83, 0x69, 0xa3, 0x71, 0xc3, 0x79, 0xe4, 0x81, 0xe4, 0x81, 0x04, 0x8a, 0x04, 0x92, 0x24, 0x92, 0x24, 0x9a,
  0x45, 0x9a, 0x45, 0x9a, 0x45, 0xa2, 0x45, 0xa2, 0x45, 0xa2, 0x45, 0xa2, 0x45, 0xa2, 0x45, 0x9a, 0x24, 0x92, 0x04, 0x8a, 0xc4, 0x79, 0x00, 0x00,
  0x00, 0x00, 0x22, 0x49, 0x22, 0x49, 0x22, 0x49, 0x22, 0x49, 0x22, 0x49, 0x42, 0x59, 0x63, 0x61, 0x83, 0x69, 0xa3, 0x71, 0xc3, 0x79, 0xe4, 0x81,
  0xe4, 0x89, 0x04, 0x8a, 0x24, 0x92, 0x24, 0x92, 0x45, 0x9a, 0x45, 0x9a, 0x65, 0xa2, 0x65, 0xa2, 0x65, 0xa2, 0x65, 0xaa, 0x65, 0xaa, 0x65, 0xaa,
  0x65, 0xaa, 0x65, 0xa2, 0x45, 0xa2, 0x24, 0x92, 0x04, 0x8a, 0x00, 0x00, 0x00, 0x00, 0x22, 0x49, 0x22, 0x49, 0x22, 0x49, 0x22, 0x49, 0x22, 0x51,
  0x63, 0x61, 0x43, 0x61, 0x43, 0x59, 0x43, 0x59, 0x23, 0x59, 0x43, 0x61, 0x43, 0x61, 0x83, 0x71, 0xa4, 0x79, 0x04, 0x8a, 0x45, 0xa2, 0x65, 0xa2,
  0x65, 0xaa, 0x85, 0xaa, 0x85, 0xaa, 0x85, 0xb2, 0x85, 0xb2, 0x85, 0xb2, 0x85, 0xaa, 0x85, 0xaa, 0x65, 0xaa, 0x45, 0x9a, 0x04, 0x92, 0x00, 0x00,
  0x00, 0x00, 0x22, 0x49, 0x22, 0x49, 0x22, 0x49, 0x22, 0x51, 0x42, 0x59, 0x02, 0x51, 0x02, 0x51, 0x22, 0x51, 0x23, 0x59, 0x43, 0x61, 0x43, 0x61,
  0x63, 0x69, 0x63, 0x69, 0x83, 0x71, 0x83, 0x71, 0xa4, 0x79, 0x45, 0xa2, 0x85, 0xb2, 0x85, 0xb2, 0xa5, 0xb2, 0xa5, 0xb2, 0xa5, 0xb2, 0xa5, 0xb2,
  0xa5, 0xb2, 0x85, 0xb2, 0x85, 0xaa, 0x65, 0xa2, 0x24, 0x9a, 0x00, 0x00, 0x00, 0x00, 0x22, 0x49, 0x22, 0x49, 0x22, 0x49, 0x42, 0x51, 0x22, 0x51,
  0x02, 0x49, 0x02, 0x51, 0x22, 0x59, 0x43, 0x61, 0x43, 0x61, 0x63, 0x69, 0x63, 0x69, 0x83, 0x71, 0x83, 0x71, 0x84, 0x79, 0xa4, 0x79, 0xe4, 0x91,
  0xa5, 0xb2, 0xa5, 0xba, 0xa6, 0xba, 0xa6, 0xba, 0xc6, 0xba, 0xc6, 0xba, 0xa6, 0xba, 0xa5, 0xba, 0xa5, 0xb2, 0x85, 0xaa, 0x45, 0x9a, 0x00, 0x00,
  0x00, 0x00, 0x22, 0x49, 0x22, 0x49, 0x22, 0x49, 0x42, 0x59, 0x63, 0x61, 0x02, 0x51, 0x22, 0x59, 0x43, 0x59, 0x43, 0x61, 0x63, 0x69, 0x63, 0x69,
  0x83, 0x71, 0x83, 0x71, 0xa4, 0x79, 0xa4, 0x79, 0xa4, 0x81, 0x65, 0xaa, 0xa6, 0xba, 0xc6, 0xba, 0xc6, 0xc2, 0xc6, 0xc2, 0xc6, 0xc2, 0xc6, 0xc2,
  0xc6, 0xc2, 0xc6, 0xba, 0xa5, 0xba, 0x85, 0xb2, 0x45, 0xa2, 0x00, 0x00, 0x00, 0x00, 0x22, 0x49, 0x22, 0x49, 0x22, 0x51, 0x63, 0x59, 0x83, 0x69,
  0xa3, 0x71, 0x63, 0x69, 0x43, 0x61, 0x63, 0x69, 0x63, 0x69, 0x83, 0x71, 0x83, 0x71, 0xa4, 0x79, 0xa4, 0x79, 0xe4, 0x89, 0x65, 0xaa, 0xc6, 0xba,
  0xc6, 0xc2, 0xc6, 0xc2, 0xc6, 0xc2, 0xe6, 0xc2, 0xe6, 0xc2, 0xe6, 0xc2, 0xe6, 0xc2, 0xc6, 0xc2, 0xc6, 0xba, 0x85, 0xb2, 0x65, 0xa2, 0x00, 0x00,
  0x00, 0x00, 0x22, 0x49, 0x22, 0x49, 0x22, 0x51, 0x63, 0x61, 0x83, 0x69, 0xc3, 0x79, 0xe4, 0x81, 0x04, 0x8a, 0xe4, 0x89, 0x04, 0x92, 0x24, 0x92,
  0x45, 0x9a, 0x45, 0xa2, 0x85, 0xb2, 0xa5, 0xba, 0xc6, 0xba, 0xc6, 0xc2, 0xa6, 0xba, 0xa5, 0xba, 0xa6, 0xba, 0xe6, 0xc2, 0xe6, 0xca, 0xe6, 0xca,
  0xe6, 0xca, 0xe6, 0xc2, 0xc6, 0xc2, 0x85, 0xb2, 0x45, 0xa2, 0x00, 0x00, 0x00, 0x00, 0x00, 0x00, 0x22, 0x49, 0x22, 0x51, 0x63, 0x61, 0xa3, 0x71,
  0xc4, 0x79, 0xe4, 0x81, 0x04, 0x92, 0x24, 0x9a, 0x45, 0x9a, 0x65, 0xa2, 0x85, 0xaa, 0x85, 0xb2, 0xa5, 0xba, 0xc6, 0xba, 0xc6, 0xba, 0x05, 0x9a,
  0xe4, 0x91, 0xe4, 0x91, 0xe4, 0x91, 0x04, 0x9a, 0x85, 0xba, 0xe6, 0xca, 0xe6, 0xca, 0xe6, 0xca, 0xc6, 0xc2, 0xa5, 0xb2, 0x00, 0x00, 0x00, 0x00,
  0x00, 0x00, 0x00, 0x00, 0x22, 0x49, 0x22, 0x51, 0x63, 0x61, 0xa3, 0x71, 0xc4, 0x79, 0x04, 0x8a, 0x24, 0x92, 0x45, 0x9a, 0x65, 0xa2, 0x65, 0xaa,
  0x85, 0xb2, 0xa5, 0xb2, 0xa6, 0xba, 0xc6, 0xc2, 0x45, 0xa2, 0xe4, 0x91, 0xe4, 0x91, 0xe4, 0x91, 0xe4, 0x91, 0xe4, 0x91, 0x05, 0x9a, 0x06, 0xcb,
  0xe6, 0xca, 0xe6, 0xca, 0xc6, 0xc2, 0x85, 0xb2, 0x00, 0x00, 0x00, 0x00, 0x00, 0x00, 0x00, 0x00, 0x00, 0x00, 0x22, 0x51, 0x63, 0x61, 0xa3, 0x71,
  0xc4, 0x81, 0x04, 0x8a, 0x24, 0x92, 0x45, 0x9a, 0x65, 0xa2, 0x85, 0xaa, 0x85, 0xb2, 0xa5, 0xba, 0xc6, 0xba, 0xc6, 0xc2, 0x45, 0xa2, 0xe4, 0x91,
  0xe4, 0x91, 0xe4, 0x91, 0xe4, 0x91, 0xe4, 0x91, 0xe4, 0x91, 0x06, 0xd3, 0x06, 0xcb, 0xe6, 0xca, 0xa6, 0xba, 0x00, 0x00, 0x00, 0x00, 0x00, 0x00,
  0x00, 0x00, 0x00, 0x00, 0x00, 0x00, 0x22, 0x49, 0x63, 0x59, 0xa3, 0x71, 0xc4, 0x81, 0x04, 0x8a, 0x24, 0x92, 0x45, 0x9a, 0x65, 0xa2, 0x85, 0xaa,
  0xa5, 0xb2, 0xa6, 0xba, 0xc6, 0xba, 0xc6, 0xc2, 0xc6, 0xc2, 0x25, 0x9a, 0xe4, 0x91, 0xe4, 0x91, 0x04, 0x9a, 0x04, 0x9a, 0xa6, 0xba, 0x06, 0xd3,
  0xe6, 0xca, 0xc6, 0xc2, 0xa5, 0xba, 0x00, 0x00, 0x00, 0x00, 0x00, 0x00, 0x00, 0x00, 0x00, 0x00, 0x00, 0x00, 0x00, 0x00, 0x42, 0x59, 0x83, 0x69,
  0xc4, 0x79, 0x04, 0x8a, 0x24, 0x92, 0x45, 0x9a, 0x65, 0xa2, 0x85, 0xaa, 0xa5, 0xb2, 0xa6, 0xba, 0xc6, 0xc2, 0xe6, 0xc2, 0xe6, 0xca, 0xe6, 0xca,
  0xa6, 0xba, 0x85, 0xb2, 0x85, 0xba, 0xe6, 0xca, 0x06, 0xd3, 0x06, 0xcb, 0xe6, 0xca, 0xc6, 0xba, 0x00, 0x00, 0x00, 0x00, 0x00, 0x00, 0x00, 0x00,
  0x00, 0x00, 0x00, 0x00, 0x00, 0x00, 0x00, 0x00, 0x00, 0x00, 0x63, 0x61, 0xc3, 0x79, 0xe4, 0x81, 0x24, 0x92, 0x45, 0x9a, 0x65, 0xa2, 0x85, 0xaa,
  0xa5, 0xb2, 0xa6, 0xba, 0xc6, 0xc2, 0xe6, 0xc2, 0xe6, 0xca, 0xe6, 0xca, 0x06, 0xcb, 0x06, 0xd3, 0x06, 0xd3, 0x06, 0xd3, 0x06, 0xcb, 0xe6, 0xca,
  0xc6, 0xba, 0x00, 0x00, 0x00, 0x00, 0x00, 0x00, 0x00, 0x00, 0x00, 0x00, 0x00, 0x00, 0x00, 0x00, 0x00, 0x00, 0x00, 0x00, 0x00, 0x00, 0x00, 0x00,
  0xa3, 0x69, 0xc4, 0x79, 0x04, 0x8a, 0x24, 0x9a, 0x65, 0xa2, 0x85, 0xaa, 0x85, 0xb2, 0xa5, 0xba, 0xc6, 0xba, 0xc6, 0xc2, 0xe6, 0xc2, 0xe6, 0xca,
  0xe6, 0xca, 0x06, 0xcb, 0x06, 0xcb, 0xe6, 0xca, 0xe6, 0xc2, 0xc6, 0xba, 0x00, 0x00, 0x00, 0x00, 0x00, 0x00, 0x00, 0x00, 0x00, 0x00, 0x00, 0x00,
  0x00, 0x00, 0x00, 0x00, 0x00, 0x00, 0x00, 0x00, 0x00, 0x00, 0x00, 0x00, 0x00, 0x00, 0xa3, 0x71, 0xe4, 0x81, 0x24, 0x92, 0x45, 0x9a, 0x65, 0xa2,
  0x85, 0xaa, 0xa5, 0xb2, 0xa6, 0xba, 0xc6, 0xc2, 0xc6, 0xc2, 0xe6, 0xc2, 0xe6, 0xca, 0xe6, 0xca, 0xe6, 0xc2, 0xc6, 0xc2, 0xa6, 0xba, 0x00, 0x00,
  0x00, 0x00, 0x00, 0x00, 0x00, 0x00, 0x00, 0x00, 0x00, 0x00, 0x00, 0x00, 0x00, 0x00, 0x00, 0x00, 0x00, 0x00, 0x00, 0x00, 0x00, 0x00, 0x00, 0x00,
  0x00, 0x00, 0x00, 0x00, 0x00, 0x00, 0xe4, 0x81, 0x24, 0x92, 0x45, 0x9a, 0x65, 0xa2, 0x85, 0xaa, 0xa5, 0xb2, 0xa5, 0xba, 0xa6, 0xba, 0xc6, 0xba,
  0xc6, 0xba, 0xc6, 0xba, 0xa5, 0xba, 0x00, 0x00, 0x00, 0x00, 0x00, 0x00, 0x00, 0x00, 0x00, 0x00, 0x00, 0x00, 0x00, 0x00, 0x00, 0x00, 0x00, 0x00,
  0x00, 0x00, 0x00, 0x00, 0x00, 0x00, 0x00, 0x00, 0x00, 0x00, 0x00, 0x00, 0x00, 0x00, 0x00, 0x00, 0x00, 0x00, 0x00, 0x00, 0x00, 0x00, 0x04, 0x8a,
  0x24, 0x9a, 0x45, 0xa2, 0x65, 0xa2, 0x85, 0xaa, 0x85, 0xaa, 0x85, 0xb2, 0x65, 0xaa, 0x00, 0x00, 0x00, 0x00, 0x00, 0x00, 0x00, 0x00, 0x00, 0x00,
  0x00, 0x00, 0x00, 0x00, 0x00, 0x00, 0x00, 0x00, 0x00, 0x00, 0x00, 0x00, 0x00, 0x00, 0x00, 0x00, 0x00, 0x00, 0x00, 0x00, 0x00, 0x00, 0x00, 0x00,
  0x00, 0x00, 0x00, 0x00, 0x00, 0x00, 0x00, 0x00, 0x00, 0x00, 0x00, 0x00, 0x00, 0x00, 0x00, 0x00, 0x00, 0x00, 0x00, 0x00, 0x00, 0x00, 0x00, 0x00,
  0x00, 0x00, 0x00, 0x00, 0x00, 0x00, 0x00, 0x00, 0x00, 0x00, 0x00, 0x00, 0x00, 0x00, 0x00, 0x00, 0x00, 0x00, 0x00, 0x00, 0x00, 0x00, 0x00, 0x00,
  0x00, 0x00, 0x00, 0x00, 0x00, 0x00, 0x00, 0x00, 0x00, 0x00, 0x00, 0x00, 0x00, 0x00, 0x00, 0x00, 0x00, 0x00, 0x00, 0x00, 0x00, 0x00, 0x00, 0x00,
  0x00, 0x00, 0x00, 0x00, 0x00, 0x00, 0x00, 0x00, 0x00, 0x00, 0x00, 0x00, 0x00, 0x00, 0x00, 0x00, 0x00, 0x10, 0x40, 0x70, 0x80, 0x80, 0x70, 0x40,
  0x10, 0x00, 0x00, 0x00, 0x00, 0x00, 0x00, 0x00, 0x00, 0x00, 0x00, 0x00, 0x00, 0x00, 0x00, 0x00, 0x00, 0x00, 0x00, 0x00, 0x00, 0x60, 0xaf, 0xff,
  0xff, 0xff, 0xff, 0xff, 0xff, 0xff, 0xff, 0xaf, 0x60, 0x00, 0x00, 0x00, 0x00, 0x00, 0x00, 0x00, 0x00, 0x00, 0x00, 0x00, 0x00, 0x00, 0x00, 0x00,
  0x00, 0x40, 0xcf, 0xff, 0xff, 0xff, 0xff, 0xff, 0xff, 0xff, 0xff, 0xff, 0xff, 0xff, 0xff, 0xcf, 0x40, 0x00, 0x00, 0x00, 0x00, 0x00, 0x00, 0x00,
  0x00, 0x00, 0x00, 0x00, 0x00, 0x00, 0x80, 0xff, 0xff, 0xff, 0xff, 0xff, 0xff, 0xff, 0xff, 0xff, 0xff, 0xff, 0xff, 0xff, 0xff, 0xff, 0xff, 0x80,
  0x00, 0x00, 0x00, 0x00, 0x00, 0x00, 0x00, 0x00, 0x00, 0x00, 0x00, 0x9f, 0xff, 0xff, 0xff, 0xff, 0xff, 0xff, 0xff, 0xff, 0xff, 0xff, 0xff, 0xff,
  0xff, 0xff, 0xff, 0xff, 0xff, 0xff, 0x9f, 0x00, 0x00, 0x00, 0x00, 0x00, 0x00, 0x00, 0x00, 0x00, 0x80, 0xff, 0xff, 0xff, 0xff, 0xff, 0xff, 0xff,
  0xff, 0xff, 0xff, 0xff, 0xff, 0xff, 0xff, 0xff, 0xff, 0xff, 0xff, 0xff, 0xff, 0x80, 0x00, 0x00, 0x00, 0x00, 0x00, 0x00, 0x00, 0x40, 0xff, 0xff,
  0xff, 0xff, 0xff, 0xff, 0xff, 0xff, 0xff, 0xff, 0xff, 0xff, 0xff, 0xff, 0xff, 0xff, 0xff, 0xff, 0xff, 0xff, 0xff, 0xff, 0x40, 0x00, 0x00, 0x00,
  0x00, 0x00, 0x00, 0xcf, 0xff, 0xff, 0xff, 0xff, 0xff, 0xff, 0xff, 0xff, 0xff, 0xff, 0xff, 0xff, 0xff, 0xff, 0xff, 0xff, 0xff, 0xff, 0xff, 0xff,
  0xff, 0xff, 0xcf, 0x00, 0x00, 0x00, 0x00, 0x00, 0x60, 0xff, 0xff, 0xff, 0xff, 0xff, 0xff, 0xff, 0xff, 0xff, 0xff, 0xff, 0xff, 0xff, 0xff, 0xff,
  0xff, 0xff, 0xff, 0xff, 0xff, 0xff, 0xff, 0xff, 0xff, 0x60, 0x00, 0x00, 0x00, 0x00, 0xaf, 0xff, 0xff, 0xff, 0xff, 0xff, 0xff, 0xff, 0xff, 0xff,
  0xff, 0xff, 0xff, 0xff, 0xff, 0xff, 0xff, 0xff, 0xff, 0xff, 0xff, 0xff, 0xff, 0xff, 0xff, 0xaf, 0x00, 0x00, 0x00, 0x10, 0xff, 0xff, 0xff, 0xff,
  0xff, 0xff, 0xff, 0xff, 0xff, 0xff, 0xff, 0xff, 0xff, 0xff, 0xff, 0xff, 0xff, 0xff, 0xff, 0xff, 0xff, 0xff, 0xff, 0xff, 0xff, 0xff, 0x10, 0x00,
  0x00, 0x40, 0xff, 0xff, 0xff, 0xff, 0xff, 0xff, 0xff, 0xff, 0xff, 0xff, 0xff, 0xff, 0xff, 0xff, 0xff, 0xff, 0xff, 0xff, 0xff, 0xff, 0xff, 0xff,
  0xff, 0xff, 0xff, 0xff, 0x40, 0x00, 0x00, 0x70, 0xff, 0xff, 0xff, 0xff, 0xff, 0xff, 0xff, 0xff, 0xff, 0xff, 0xff, 0xff, 0xff, 0xff, 0xff, 0xff,
  0xff, 0xff, 0xff, 0xff, 0xff, 0xff, 0xff, 0xff, 0xff, 0xff, 0x70, 0x00, 0x00, 0x80, 0xff, 0xff, 0xff, 0xff, 0xff, 0xff, 0xff, 0xff, 0xff, 0xff,
  0xff, 0xff, 0xff, 0xff, 0xff, 0xff, 0xff, 0xff, 0xff, 0xff, 0xff, 0xff, 0xff, 0xff, 0xff, 0xff, 0x80, 0x00, 0x00, 0x80, 0xff, 0xff, 0xff, 0xff,
  0xff, 0xff, 0xff, 0xff, 0xff, 0xff, 0xff, 0xff, 0xff, 0xff, 0xff, 0xff, 0xff, 0xff, 0xff, 0xff, 0xff, 0xff, 0xff, 0xff, 0xff, 0xff, 0x80, 0x00,
  0x00, 0x70, 0xff, 0xff, 0xff, 0xff, 0xff, 0xff, 0xff, 0xff, 0xff, 0xff, 0xff, 0xff, 0xff, 0xff, 0xff, 0xff, 0xff, 0xff, 0xff, 0xff, 0xff, 0xff,
  0xff, 0xff, 0xff, 0xff, 0x70, 0x00, 0x00, 0x40, 0xff, 0xff, 0xff, 0xff, 0xff, 0xff, 0xff, 0xff, 0xff, 0xff, 0xff, 0xff, 0xff, 0xff, 0xff, 0xff,
  0xff, 0xff, 0xff, 0xff, 0xff, 0xff, 0xff, 0xff, 0xff, 0xff, 0x40, 0x00, 0x00, 0x10, 0xff, 0xff, 0xff, 0xff, 0xff, 0xff, 0xff, 0xff, 0xff, 0xff,
  0xff, 0xff, 0xff, 0xff, 0xff, 0xff, 0xff, 0xff, 0xff, 0xff, 0xff, 0xff, 0xff, 0xff, 0xff, 0xff, 0x10, 0x00, 0x00, 0x00, 0xaf, 0xff, 0xff, 0xff,
  0xff, 0xff, 0xff, 0xff, 0xff, 0xff, 0xff, 0xff, 0xff, 0xff, 0xff, 0xff, 0xff, 0xff, 0xff, 0xff, 0xff, 0xff, 0xff, 0xff, 0xff, 0xaf, 0x00, 0x00,
  0x00, 0x00, 0x60, 0xff, 0xff, 0xff, 0xff, 0xff, 0xff, 0xff, 0xff, 0xff, 0xff, 0xff, 0xff, 0xff, 0xff, 0xff, 0xff, 0xff, 0xff, 0xff, 0xff, 0xff,
  0xff, 0xff, 0xff, 0x60, 0x00, 0x00, 0x00, 0x00, 0x00, 0xcf, 0xff, 0xff, 0xff, 0xff, 0xff, 0xff, 0xff, 0xff, 0xff, 0xff, 0xff, 0xff, 0xff, 0xff,
  0xff, 0xff, 0xff, 0xff, 0xff, 0xff, 0xff, 0xff, 0xcf, 0x00, 0x00, 0x00, 0x00, 0x00, 0x00, 0x40, 0xff, 0xff, 0xff, 0xff, 0xff, 0xff, 0xff, 0xff,
  0xff, 0xff, 0xff, 0xff, 0xff, 0xff, 0xff, 0xff, 0xff, 0xff, 0xff, 0xff, 0xff, 0xff, 0x40, 0x00, 0x00, 0x00, 0x00, 0x00, 0x00, 0x00, 0x80, 0xff,
  0xff, 0xff, 0xff, 0xff, 0xff, 0xff, 0xff, 0xff, 0xff, 0xff, 0xff, 0xff, 0xff, 0xff, 0xff, 0xff, 0xff, 0xff, 0xff, 0x80, 0x00, 0x00, 0x00, 0x00,
  0x00, 0x00, 0x00, 0x00, 0x00, 0x9f, 0xff, 0xff, 0xff, 0xff, 0xff, 0xff, 0xff, 0xff, 0xff, 0xff, 0xff, 0xff, 0xff, 0xff, 0xff, 0xff, 0xff, 0xff,
  0x9f, 0x00, 0x00, 0x00, 0x00, 0x00, 0x00, 0x00, 0x00, 0x00, 0x00, 0x00, 0x80, 0xff, 0xff, 0xff, 0xff, 0xff, 0xff, 0xff, 0xff, 0xff, 0xff, 0xff,
  0xff, 0xff, 0xff, 0xff, 0xff, 0x80, 0x00, 0x00, 0x00, 0x00, 0x00, 0x00, 0x00, 0x00, 0x00, 0x00, 0x00, 0x00, 0x00, 0x40, 0xcf, 0xff, 0xff, 0xff,
  0xff, 0xff, 0xff, 0xff, 0xff, 0xff, 0xff, 0xff, 0xff, 0xcf, 0x40, 0x00, 0x00, 0x00, 0x00, 0x00, 0x00, 0x00, 0x00, 0x00, 0x00, 0x00, 0x00, 0x00,
  0x00, 0x00, 0x00, 0x60, 0xaf, 0xff, 0xff, 0xff, 0xff, 0xff, 0xff, 0xff, 0xff, 0xaf, 0x60, 0x00, 0x00, 0x00, 0x00, 0x00, 0x00, 0x00, 0x00, 0x00,
  0x00, 0x00, 0x00, 0x00, 0x00, 0x00, 0x00, 0x00, 0x00, 0x00, 0x00, 0x10, 0x40, 0x70, 0x80, 0x80, 0x70, 0x40, 0x10, 0x00, 0x00, 0x00, 0x00, 0x00,
  0x00, 0x00, 0x00, 0x00, 0x00, 0x00, 0x00, 0x00, 0x00, 0x00, 0x00, 0x00, 0x00, 0x00, 0x00, 0x00, 0x00, 0x00, 0x00, 0x00, 0x00, 0x00, 0x00, 0x00,
  0x00, 0x00, 0x00, 0x00, 0x00, 0x00, 0x00, 0x00, 0x00, 0x00, 0x00, 0x00,
};
static const lv_image_dsc_t pl_mars = {
    .header = {.magic = LV_IMAGE_HEADER_MAGIC, .cf = LV_COLOR_FORMAT_RGB565A8, .flags = 0,
               .w = 30, .h = 30, .stride = 60, .reserved_2 = 0},
    .data_size = sizeof(pl_mars_px),
    .data = pl_mars_px,
    .reserved = nullptr,
};

static const uint8_t pl_saturn_px[] = {
  0x00, 0x00, 0x00, 0x00, 0x00, 0x00, 0x00, 0x00, 0x00, 0x00, 0x00, 0x00, 0x00, 0x00, 0x00, 0x00, 0x00, 0x00, 0x00, 0x00, 0x00, 0x00, 0x00, 0x00,
  0x00, 0x00, 0x00, 0x00, 0x00, 0x00, 0x00, 0x00, 0x00, 0x00, 0x00, 0x00, 0x00, 0x00, 0x00, 0x00, 0x00, 0x00, 0x00, 0x00, 0x00, 0x00, 0x00, 0x00,
  0x00, 0x00, 0x00, 0x00, 0x00, 0x00, 0x00, 0x00, 0x00, 0x00, 0x00, 0x00, 0x00, 0x00, 0x00, 0x00, 0x00, 0x00, 0x00, 0x00, 0x00, 0x00, 0x00, 0x00,
  0x00, 0x00, 0x00, 0x00, 0x00, 0x00, 0x00, 0x00, 0x00, 0x00, 0x00, 0x00, 0x00, 0x00, 0x00, 0x00, 0x00, 0x00, 0x00, 0x00, 0x00, 0x00, 0x00, 0x00,
  0x00, 0x00, 0x00, 0x00, 0x00, 0x00, 0x00, 0x00, 0x00, 0x00, 0x00, 0x00, 0x00, 0x00, 0x00, 0x00, 0x00, 0x00, 0x00, 0x00, 0x00, 0x00, 0x00, 0x00,
  0x00, 0x00, 0x00, 0x00, 0x00, 0x00, 0x00, 0x00, 0x00, 0x00, 0x00, 0x00, 0x00, 0x00, 0x00, 0x00, 0x00, 0x00, 0x00, 0x00, 0x00, 0x00, 0x00, 0x00,
  0x00, 0x00, 0x00, 0x00, 0x00, 0x00, 0x00, 0x00, 0x00, 0x00, 0x00, 0x00, 0x00, 0x00, 0x00, 0x00, 0x00, 0x00, 0x00, 0x00, 0x00, 0x00, 0x00, 0x00,
  0x00, 0x00, 0x00, 0x00, 0x00, 0x00, 0x00, 0x00, 0x00, 0x00, 0x00, 0x00, 0x00, 0x00, 0x00, 0x00, 0x00, 0x00, 0x00, 0x00, 0x00, 0x00, 0x00, 0x00,
  0x00, 0x00, 0x00, 0x00, 0x00, 0x00, 0x00, 0x00, 0x00, 0x00, 0x00, 0x00, 0x00, 0x00, 0x00, 0x00, 0x00, 0x00, 0x00, 0x00, 0x00, 0x00, 0x00, 0x00,
  0x00, 0x00, 0x00, 0x00, 0x00, 0x00, 0x00, 0x00, 0x00, 0x00, 0x00, 0x00, 0x00, 0x00, 0x00, 0x00, 0x00, 0x00, 0x00, 0x00, 0x00, 0x00, 0x00, 0x00,
  0x00, 0x00, 0x00, 0x00, 0x00, 0x00, 0x00, 0x00, 0x00, 0x00, 0x00, 0x00, 0x00, 0x00, 0x00, 0x00, 0x00, 0x00, 0x00, 0x00, 0x00, 0x00, 0x00, 0x00,
  0x00, 0x00, 0x00, 0x00, 0x00, 0x00, 0x00, 0x00, 0x00, 0x00, 0x00, 0x00, 0x00, 0x00, 0x00, 0x00, 0x00, 0x00, 0x00, 0x00, 0x00, 0x00, 0x00, 0x00,
  0x00, 0x00, 0x00, 0x00, 0x00, 0x00, 0x00, 0x00, 0x00, 0x00, 0x00, 0x00, 0x00, 0x00, 0x00, 0x00, 0x00, 0x00, 0x00, 0x00, 0x00, 0x00, 0x00, 0x00,
  0x00, 0x00, 0x00, 0x00, 0x00, 0x00, 0x00, 0x00, 0x00, 0x00, 0x00, 0x00, 0x00, 0x00, 0x00, 0x00, 0x00, 0x00, 0x00, 0x00, 0x00, 0x00, 0x00, 0x00,
  0x00, 0x00, 0x00, 0x00, 0x00, 0x00, 0x00, 0x00, 0x00, 0x00, 0x00, 0x00, 0x00, 0x00, 0x00, 0x00, 0x00, 0x00, 0x00, 0x00, 0x00, 0x00, 0x00, 0x00,
  0x00, 0x00, 0x00, 0x00, 0x00, 0x00, 0x00, 0x00, 0x00, 0x00, 0x00, 0x00, 0x00, 0x00, 0x00, 0x00, 0x00, 0x00, 0x00, 0x00, 0x00, 0x00, 0x00, 0x00,
  0x00, 0x00, 0x00, 0x00, 0x00, 0x00, 0x00, 0x00, 0x00, 0x00, 0x00, 0x00, 0x00, 0x00, 0x00, 0x00, 0x00, 0x00, 0x00, 0x00, 0x00, 0x00, 0x00, 0x00,
  0x00, 0x00, 0x00, 0x00, 0x00, 0x00, 0x00, 0x00, 0x00, 0x00, 0x00, 0x00, 0x00, 0x00, 0x00, 0x00, 0x00, 0x00, 0x00, 0x00, 0x00, 0x00, 0x00, 0x00,
  0x00, 0x00, 0x00, 0x00, 0x00, 0x00, 0x00, 0x00, 0x00, 0x00, 0x00, 0x00, 0x00, 0x00, 0x00, 0x00, 0x00, 0x00, 0x00, 0x00, 0x00, 0x00, 0x00, 0x00,
  0x00, 0x00, 0x00, 0x00, 0x00, 0x00, 0x00, 0x00, 0x00, 0x00, 0x00, 0x00, 0x00, 0x00, 0x00, 0x00, 0x00, 0x00, 0x00, 0x00, 0x00, 0x00, 0x00, 0x00,
  0x00, 0x00, 0x00, 0x00, 0x00, 0x00, 0x00, 0x00, 0x00, 0x00, 0x00, 0x00, 0x00, 0x00, 0x00, 0x00, 0x00, 0x00, 0x00, 0x00, 0x00, 0x00, 0x00, 0x00,
  0x00, 0x00, 0x00, 0x00, 0x00, 0x00, 0x00, 0x00, 0x00, 0x00, 0x00, 0x00, 0x00, 0x00, 0x00, 0x00, 0x00, 0x00, 0x00, 0x00, 0x00, 0x00, 0x00, 0x00,
  0x00, 0x00, 0x00, 0x00, 0x00, 0x00, 0x00, 0x00, 0x00, 0x00, 0x00, 0x00, 0x00, 0x00, 0x00, 0x00, 0x00, 0x00, 0x00, 0x00, 0x00, 0x00, 0x00, 0x00,
  0x00, 0x00, 0x00, 0x00, 0x00, 0x00, 0x00, 0x00, 0x00, 0x00, 0x00, 0x00, 0x00, 0x00, 0x00, 0x00, 0x00, 0x00, 0x00, 0x00, 0x00, 0x00, 0x00, 0x00,
  0x00, 0x00, 0x00, 0x00, 0x00, 0x00, 0x00, 0x00, 0x00, 0x00, 0x00, 0x00, 0x00, 0x00, 0x00, 0x00, 0x00, 0x00, 0x00, 0x00, 0x00, 0x00, 0x00, 0x00,
  0x00, 0x00, 0x00, 0x00, 0x00, 0x00, 0x00, 0x00, 0x00, 0x00, 0x00, 0x00, 0x00, 0x00, 0x00, 0x00, 0x00, 0x00, 0x00, 0x00, 0x00, 0x00, 0x00, 0x00,
  0x00, 0x00, 0x00, 0x00, 0x00, 0x00, 0x00, 0x00, 0x00, 0x00, 0x00, 0x00, 0x00, 0x00, 0x00, 0x00, 0x00, 0x00, 0x00, 0x00, 0x00, 0x00, 0x00, 0x00,
  0x00, 0x00, 0x00, 0x00, 0x00, 0x00, 0x00, 0x00, 0x00, 0x00, 0x00, 0x00, 0x00, 0x00, 0x00, 0x00, 0x00, 0x00, 0x00, 0x00, 0x00, 0x00, 0x00, 0x00,
  0x00, 0x00, 0x00, 0x00, 0x00, 0x00, 0x00, 0x00, 0x00, 0x00, 0x00, 0x00, 0x00, 0x00, 0x00, 0x00, 0x00, 0x00, 0x00, 0x00, 0x00, 0x00, 0x00, 0x00,
  0x00, 0x00, 0x00, 0x00, 0x00, 0x00, 0x00, 0x00, 0x00, 0x00, 0x00, 0x00, 0x00, 0x00, 0x00, 0x00, 0x00, 0x00, 0x00, 0x00, 0x00, 0x00, 0x00, 0x00,
  0x00, 0x00, 0x00, 0x00, 0x00, 0x00, 0x00, 0x00, 0x00, 0x00, 0x00, 0x00, 0x00, 0x00, 0x00, 0x00, 0x00, 0x00, 0x00, 0x00, 0x00, 0x00, 0x00, 0x00,
  0x00, 0x00, 0x00, 0x00, 0x00, 0x00, 0x00, 0x00, 0x00, 0x00, 0x00, 0x00, 0x00, 0x00, 0x00, 0x00, 0x00, 0x00, 0x00, 0x00, 0x00, 0x00, 0x00, 0x00,
  0x00, 0x00, 0x00, 0x00, 0x00, 0x00, 0x00, 0x00, 0x00, 0x00, 0x00, 0x00, 0x00, 0x00, 0x00, 0x00, 0x00, 0x00, 0x00, 0x00, 0x00, 0x00, 0x00, 0x00,
  0x00, 0x00, 0x00, 0x00, 0x00, 0x00, 0x00, 0x00, 0x00, 0x00, 0x00, 0x00, 0x00, 0x00, 0x00, 0x00, 0x00, 0x00, 0x00, 0x00, 0x00, 0x00, 0x00, 0x00,
  0x00, 0x00, 0x00, 0x00, 0x00, 0x00, 0x00, 0x00, 0x00, 0x00, 0x00, 0x00, 0x00, 0x00, 0x00, 0x00, 0x00, 0x00, 0x00, 0x00, 0x00, 0x00, 0x00, 0x00,
  0x00, 0x00, 0x00, 0x00, 0x00, 0x00, 0x00, 0x00, 0x00, 0x00, 0x00, 0x00, 0x00, 0x00, 0x00, 0x00, 0x00, 0x00, 0x00, 0x00, 0x00, 0x00, 0x00, 0x00,
  0x00, 0x00, 0x00, 0x00, 0x00, 0x00, 0x00, 0x00, 0x00, 0x00, 0x00, 0x00, 0x00, 0x00, 0x00, 0x00, 0x00, 0x00, 0x00, 0x00, 0x00, 0x00, 0x00, 0x00,
  0x00, 0x00, 0x00, 0x00, 0x00, 0x00, 0x00, 0x00, 0x00, 0x00, 0x00, 0x00, 0x00, 0x00, 0x00, 0x00, 0x00, 0x00, 0x00, 0x00, 0x00, 0x00, 0x00, 0x00,
  0x00, 0x00, 0x00, 0x00, 0x00, 0x00, 0x00, 0x00, 0x00, 0x00, 0x00, 0x00, 0x00, 0x00, 0x00, 0x00, 0x00, 0x00, 0x00, 0x00, 0x00, 0x00, 0x00, 0x00,
  0x00, 0x00, 0x00, 0x00, 0x00, 0x00, 0x00, 0x00, 0x00, 0x00, 0x00, 0x00, 0x00, 0x00, 0x00, 0x00, 0x00, 0x00, 0x00, 0x00, 0x00, 0x00, 0x00, 0x00,
  0x00, 0x00, 0x00, 0x00, 0x00, 0x00, 0x00, 0x00, 0x00, 0x00, 0x00, 0x00, 0x00, 0x00, 0x00, 0x00, 0x00, 0x00, 0x00, 0x00, 0x00, 0x00, 0x00, 0x00,
  0x00, 0x00, 0x00, 0x00, 0x00, 0x00, 0x00, 0x00, 0x00, 0x00, 0x00, 0x00, 0x00, 0x00, 0x00, 0x00, 0x00, 0x00, 0x00, 0x00, 0x00, 0x00, 0x00, 0x00,
  0x00, 0x00, 0x00, 0x00, 0x00, 0x00, 0x00, 0x00, 0x00, 0x00, 0x00, 0x00, 0x00, 0x00, 0x00, 0x00, 0x00, 0x00, 0x00, 0x00, 0x00, 0x00, 0x00, 0x00,
  0x00, 0x00, 0x00, 0x00, 0x00, 0x00, 0x00, 0x00, 0x00, 0x00, 0x00, 0x00, 0x00, 0x00, 0x00, 0x00, 0x00, 0x00, 0x00, 0x00, 0x00, 0x00, 0x00, 0x00,
  0x00, 0x00, 0x00, 0x00, 0x00, 0x00, 0x00, 0x00, 0x00, 0x00, 0x00, 0x00, 0x00, 0x00, 0x00, 0x00, 0x00, 0x00, 0x00, 0x00, 0x00, 0x00, 0x00, 0x00,
  0x00, 0x00, 0x00, 0x00, 0x00, 0x00, 0x00, 0x00, 0x00, 0x00, 0x00, 0x00, 0x00, 0x00, 0x00, 0x00, 0x00, 0x00, 0x00, 0x00, 0x00, 0x00, 0x00, 0x00,
  0x00, 0x00, 0x00, 0x00, 0x00, 0x00, 0x00, 0x00, 0x00, 0x00, 0x00, 0x00, 0x00, 0x00, 0x00, 0x00, 0x00, 0x00, 0x00, 0x00, 0x00, 0x00, 0x00, 0x00,
  0x00, 0x00, 0x00, 0x00, 0x00, 0x00, 0x00, 0x00, 0x00, 0x00, 0x00, 0x00, 0x00, 0x00, 0x00, 0x00, 0x00, 0x00, 0x00, 0x00, 0x00, 0x00, 0x00, 0x00,
  0x00, 0x00, 0x00, 0x00, 0x00, 0x00, 0x00, 0x00, 0x00, 0x00, 0x00, 0x00, 0x00, 0x00, 0x00, 0x00, 0x00, 0x00, 0x00, 0x00, 0x00, 0x00, 0x00, 0x00,
  0x00, 0x00, 0x00, 0x00, 0x00, 0x00, 0x00, 0x00, 0x00, 0x00, 0x00, 0x00, 0x00, 0x00, 0x00, 0x00, 0x00, 0x00, 0x00, 0x00, 0x00, 0x00, 0x00, 0x00,
  0x00, 0x00, 0x00, 0x00, 0x00, 0x00, 0x00, 0x00, 0x00, 0x00, 0x00, 0x00, 0x00, 0x00, 0x00, 0x00, 0x00, 0x00, 0x00, 0x00, 0x00, 0x00, 0x00, 0x00,
  0x00, 0x00, 0x00, 0x00, 0x00, 0x00, 0x46, 0x52, 0x46, 0x52, 0x46, 0x52, 0x46, 0x52, 0x46, 0x52, 0x46, 0x52, 0x46, 0x52, 0x46, 0x52, 0x46, 0x52,
  0x46, 0x52, 0x46, 0x52, 0x00, 0x00, 0x00, 0x00, 0x00, 0x00, 0x00, 0x00, 0x00, 0x00, 0x00, 0x00, 0x00, 0x00, 0x00, 0x00, 0x00, 0x00, 0x00, 0x00,
  0x00, 0x00, 0x00, 0x00, 0x00, 0x00, 0x00, 0x00, 0x00, 0x00, 0x00, 0x00, 0x00, 0x00, 0x00, 0x00, 0x00, 0x00, 0x00, 0x00, 0x00, 0x00, 0x00, 0x00,
  0x00, 0x00, 0x00, 0x00, 0x00, 0x00, 0x00, 0x00, 0x00, 0x00, 0x00, 0x00, 0x00, 0x00, 0x00, 0x00, 0x00, 0x00, 0x00, 0x00, 0x00, 0x00, 0x00, 0x00,
  0x00, 0x00, 0x00, 0x00, 0x00, 0x00, 0x00, 0x00, 0x00, 0x00, 0x00, 0x00, 0x00, 0x00, 0x00, 0x00, 0x00, 0x00, 0x00, 0x00, 0x00, 0x00, 0x00, 0x00,
  0x00, 0x00, 0x00, 0x00, 0x00, 0x00, 0x00, 0x00, 0x00, 0x00, 0x00, 0x00, 0x00, 0x00, 0x00, 0x00, 0x00, 0x00, 0x00, 0x00, 0x00, 0x00, 0x00, 0x00,
  0x00, 0x00, 0x00, 0x00, 0x46, 0x52, 0x46, 0x52, 0x46, 0x52, 0x46, 0x52, 0x46, 0x52, 0x46, 0x52, 0x46, 0x52, 0x46, 0x52, 0x46, 0x52, 0x46, 0x52,
  0x46, 0x52, 0x46, 0x52, 0x46, 0x52, 0x46, 0x52, 0x46, 0x52, 0x00, 0x00, 0x0f, 0xbd, 0x0f, 0xbd, 0x0f, 0xbd, 0x0f, 0xbd, 0x0f, 0xbd, 0x0f, 0xbd,
  0x0f, 0xbd, 0x0f, 0xbd, 0x0f, 0xbd, 0x0f, 0xbd, 0x0f, 0xbd, 0x0f, 0xbd, 0x0f, 0xbd, 0x0f, 0xbd, 0x0f, 0xbd, 0x0f, 0xbd, 0x0f, 0xbd, 0x0f, 0xbd,
  0x0f, 0xbd, 0x0f, 0xbd, 0x0f, 0xbd, 0x00, 0x00, 0x00, 0x00, 0x00, 0x00, 0x00, 0x00, 0x00, 0x00, 0x00, 0x00, 0x00, 0x00, 0x00, 0x00, 0x00, 0x00,
  0x00, 0x00, 0x00, 0x00, 0x00, 0x00, 0x00, 0x00, 0x00, 0x00, 0x00, 0x00, 0x00, 0x00, 0x00, 0x00, 0x00, 0x00, 0x00, 0x00, 0x00, 0x00, 0x00, 0x00,
  0x00, 0x00, 0x00, 0x00, 0x00, 0x00, 0x00, 0x00, 0x00, 0x00, 0x00, 0x00, 0x00, 0x00, 0x00, 0x00, 0x00, 0x00, 0x00, 0x00, 0x00, 0x00, 0x00, 0x00,
  0x00, 0x00, 0x00, 0x00, 0x46, 0x52, 0x46, 0x52, 0x46, 0x52, 0x46, 0x52, 0x46, 0x52, 0x46, 0x52, 0x46, 0x52, 0x46, 0x52, 0x46, 0x52, 0x46, 0x52,
  0x46, 0x52, 0x46, 0x52, 0x66, 0x52, 0x66, 0x52, 0x46, 0x52, 0x87, 0x5a, 0x0b, 0x94, 0x0f, 0xbd, 0x0f, 0xbd, 0x0f, 0xbd, 0x0f, 0xbd, 0x0f, 0xbd,
  0x0f, 0xbd, 0x0f, 0xbd, 0x0f, 0xbd, 0x0f, 0xbd, 0x0f, 0xbd, 0x0f, 0xbd, 0x0f, 0xbd, 0x0f, 0xbd, 0x0f, 0xbd, 0x0f, 0xbd, 0x0f, 0xbd, 0x0f, 0xbd,
  0x0f, 0xbd, 0x0f, 0xbd, 0x0f, 0xbd, 0x0f, 0xbd, 0x0f, 0xbd, 0x0f, 0xbd, 0x00, 0x00, 0x00, 0x00, 0x00, 0x00, 0x00, 0x00, 0x00, 0x00, 0x00, 0x00,
  0x00, 0x00, 0x00, 0x00, 0x00, 0x00, 0x00, 0x00, 0x00, 0x00, 0x00, 0x00, 0x00, 0x00, 0x00, 0x00, 0x00, 0x00, 0x00, 0x00, 0x00, 0x00, 0x00, 0x00,
  0x00, 0x00, 0x00, 0x00, 0x00, 0x00, 0x00, 0x00, 0x00, 0x00, 0x00, 0x00, 0x00, 0x00, 0x00, 0x00, 0x00, 0x00, 0x00, 0x00, 0x00, 0x00, 0x00, 0x00,
  0x00, 0x00, 0x00, 0x00, 0x46, 0x52, 0x46, 0x52, 0x46, 0x52, 0x46, 0x52, 0x46, 0x52, 0x46, 0x52, 0x46, 0x52, 0x46, 0x52, 0x46, 0x52, 0x66, 0x52,
  0x87, 0x5a, 0x87, 0x5a, 0xa7, 0x62, 0xc7, 0x62, 0xc7, 0x62, 0xc7, 0x62, 0xa7, 0x62, 0x87, 0x5a, 0x08, 0x6b, 0x90, 0xcd, 0xb0, 0xcd, 0x11, 0xde,
  0x11, 0xde, 0x11, 0xde, 0x11, 0xde, 0x11, 0xde, 0x11, 0xde, 0x11, 0xde, 0x11, 0xde, 0x11, 0xde, 0x11, 0xde, 0x90, 0xcd, 0x0f, 0xbd, 0x0f, 0xbd,
  0x0f, 0xbd, 0x0f, 0xbd, 0x0f, 0xbd, 0x0f, 0xbd, 0x0f, 0xbd, 0x0f, 0xbd, 0x0f, 0xbd, 0x0f, 0xbd, 0x0f, 0xbd, 0x00, 0x00, 0x00, 0x00, 0x00, 0x00,
  0x00, 0x00, 0x00, 0x00, 0x00, 0x00, 0x00, 0x00, 0x00, 0x00, 0x00, 0x00, 0x00, 0x00, 0x00, 0x00, 0x00, 0x00, 0x00, 0x00, 0x00, 0x00, 0x00, 0x00,
  0x00, 0x00, 0x00, 0x00, 0x00, 0x00, 0x00, 0x00, 0x00, 0x00, 0x00, 0x00, 0x00, 0x00, 0x00, 0x00, 0x00, 0x00, 0x00, 0x00, 0x00, 0x00, 0x00, 0x00,
  0x00, 0x00, 0x00, 0x00, 0x46, 0x52, 0x46, 0x52, 0x46, 0x52, 0x46, 0x52, 0x46, 0x52, 0x46, 0x52, 0x46, 0x52, 0x46, 0x52, 0x66, 0x52, 0x87, 0x5a,
  0xa7, 0x62, 0xc8, 0x62, 0xe8, 0x6a, 0x08, 0x6b, 0x28, 0x73, 0x28, 0x73, 0x28, 0x73, 0x28, 0x73, 0x08, 0x6b, 0xe8, 0x6a, 0xcb, 0x8b, 0x11, 0xde,
  0x11, 0xde, 0x11, 0xde, 0x11, 0xde, 0x11, 0xde, 0x11, 0xde, 0x11, 0xde, 0x11, 0xde, 0x11, 0xde, 0x11, 0xde, 0x11, 0xde, 0x11, 0xde, 0x11, 0xde,
  0x11, 0xde, 0x11, 0xde, 0x0f, 0xbd, 0x0f, 0xbd, 0x0f, 0xbd, 0x0f, 0xbd, 0x0f, 0xbd, 0x0f, 0xbd, 0x0f, 0xbd, 0x0f, 0xbd, 0x00, 0x00, 0x00, 0x00,
  0x00, 0x00, 0x00, 0x00, 0x00, 0x00, 0x00, 0x00, 0x00, 0x00, 0x00, 0x00, 0x00, 0x00, 0x00, 0x00, 0x00, 0x00, 0x00, 0x00, 0x00, 0x00, 0x00, 0x00,
  0x00, 0x00, 0x00, 0x00, 0x00, 0x00, 0x00, 0x00, 0x00, 0x00, 0x00, 0x00, 0x00, 0x00, 0x00, 0x00, 0x00, 0x00, 0x00, 0x00, 0x00, 0x00, 0x00, 0x00,
  0x00, 0x00, 0x00, 0x00, 0x46, 0x52, 0x46, 0x52, 0x46, 0x52, 0x46, 0x52, 0x46, 0x52, 0x46, 0x52, 0x46, 0x52, 0x66, 0x52, 0x87, 0x5a, 0xc7, 0x62,
  0xe8, 0x6a, 0x08, 0x6b, 0x28, 0x73, 0x49, 0x73, 0x69, 0x7b, 0x69, 0x7b, 0x89, 0x7b, 0x8a, 0x83, 0x8a, 0x83, 0x89, 0x7b, 0x69, 0x7b, 0x28, 0x73,
  0xcd, 0xac, 0x11, 0xde, 0x11, 0xde, 0x11, 0xde, 0x11, 0xde, 0x11, 0xde, 0x11, 0xde, 0x11, 0xde, 0x11, 0xde, 0x11, 0xde, 0x11, 0xde, 0x11, 0xde,
  0x11, 0xde, 0x11, 0xde, 0x11, 0xde, 0x11, 0xde, 0x00, 0x00, 0x0f, 0xbd, 0x0f, 0xbd, 0x0f, 0xbd, 0x0f, 0xbd, 0x0f, 0xbd, 0x0f, 0xbd, 0x00, 0x00,
  0x00, 0x00, 0x00, 0x00, 0x00, 0x00, 0x00, 0x00, 0x00, 0x00, 0x00, 0x00, 0x00, 0x00, 0x00, 0x00, 0x00, 0x00, 0x00, 0x00, 0x00, 0x00, 0x00, 0x00,
  0x00, 0x00, 0x00, 0x00, 0x00, 0x00, 0x00, 0x00, 0x00, 0x00, 0x00, 0x00, 0x00, 0x00, 0x00, 0x00, 0x00, 0x00, 0x00, 0x00, 0x00, 0x00, 0x00, 0x00,
  0x00, 0x00, 0x00, 0x00, 0xaa, 0x83, 0x46, 0x52, 0x46, 0x52, 0x46, 0x52, 0x46, 0x52, 0x46, 0x52, 0x46, 0x52, 0x66, 0x52, 0xa7, 0x5a, 0xc8, 0x62,
  0x08, 0x6b, 0x29, 0x73, 0x69, 0x7b, 0x89, 0x7b, 0xaa, 0x83, 0xaa, 0x83, 0xca, 0x8b, 0xca, 0x8b, 0xea, 0x8b, 0xea, 0x8b, 0xea, 0x8b, 0xca, 0x8b,
  0xaa, 0x83, 0x49, 0x7b, 0x28, 0x73, 0x00, 0x00, 0x00, 0x00, 0x00, 0x00, 0x11, 0xde, 0x11, 0xde, 0x11, 0xde, 0x11, 0xde, 0x11, 0xde, 0x11, 0xde,
  0x11, 0xde, 0x11, 0xde, 0x11, 0xde, 0x11, 0xde, 0x11, 0xde, 0x11, 0xde, 0x0f, 0xbd, 0x0f, 0xbd, 0x0f, 0xbd, 0x0f, 0xbd, 0x0f, 0xbd, 0x0f, 0xbd,
  0x00, 0x00, 0x00, 0x00, 0x00, 0x00, 0x00, 0x00, 0x00, 0x00, 0x00, 0x00, 0x00, 0x00, 0x00, 0x00, 0x00, 0x00, 0x00, 0x00, 0x00, 0x00, 0x00, 0x00,
  0x00, 0x00, 0x00, 0x00, 0x00, 0x00, 0x00, 0x00, 0x00, 0x00, 0x00, 0x00, 0x00, 0x00, 0x00, 0x00, 0x00, 0x00, 0x00, 0x00, 0x00, 0x00, 0x00, 0x00,
  0x0f, 0xbd, 0x0f, 0xbd, 0x0f, 0xbd, 0x49, 0x7b, 0x46, 0x52, 0x46, 0x52, 0x46, 0x52, 0x46, 0x52, 0x46, 0x52, 0x66, 0x5a, 0xa7, 0x62, 0xe8, 0x6a,
  0x28, 0x73, 0x49, 0x73, 0x89, 0x7b, 0xaa, 0x83, 0xca, 0x8b, 0xea, 0x8b, 0x0b, 0x94, 0x0b, 0x94, 0x2b, 0x94, 0x2b, 0x94, 0x2b, 0x94, 0x2b, 0x94,
  0x2b, 0x94, 0x0b, 0x94, 0xca, 0x8b, 0x69, 0x7b, 0x00, 0x00, 0x00, 0x00, 0x00, 0x00, 0x00, 0x00, 0x00, 0x00, 0x00, 0x00, 0x11, 0xde, 0x11, 0xde,
  0x11, 0xde, 0x11, 0xde, 0x11, 0xde, 0x11, 0xde, 0x11, 0xde, 0x11, 0xde, 0x11, 0xde, 0x0f, 0xbd, 0x0f, 0xbd, 0x0f, 0xbd, 0x0f, 0xbd, 0x0f, 0xbd,
  0x0f, 0xbd, 0x00, 0x00, 0x00, 0x00, 0x00, 0x00, 0x00, 0x00, 0x00, 0x00, 0x00, 0x00, 0x00, 0x00, 0x00, 0x00, 0x00, 0x00, 0x00, 0x00, 0x00, 0x00,
  0x00, 0x00, 0x00, 0x00, 0x00, 0x00, 0x00, 0x00, 0x00, 0x00, 0x00, 0x00, 0x00, 0x00, 0x00, 0x00, 0x00, 0x00, 0x00, 0x00, 0x00, 0x00, 0x0f, 0xbd,
  0x0f, 0xbd, 0x0f, 0xbd, 0x0f, 0xbd, 0xee, 0xb4, 0x46, 0x52, 0x46, 0x52, 0x46, 0x52, 0x46, 0x52, 0x46, 0x52, 0x87, 0x5a, 0xc7, 0x62, 0x08, 0x6b,
  0x29, 0x73, 0x69, 0x7b, 0x8a, 0x83, 0xca, 0x83, 0xeb, 0x8b, 0x0b, 0x94, 0x2b, 0x94, 0x4c, 0x9c, 0x4c, 0x9c, 0x6c, 0x9c, 0x6c, 0xa4, 0x8c, 0xa4,
  0x8c, 0xa4, 0x6c, 0xa4, 0x6c, 0x9c, 0x2b, 0x94, 0xca, 0x8b, 0x89, 0x7b, 0x00, 0x00, 0x00, 0x00, 0x00, 0x00, 0x00, 0x00, 0x00, 0x00, 0x00, 0x00,
  0x11, 0xde, 0x11, 0xde, 0x11, 0xde, 0x11, 0xde, 0x11, 0xde, 0x11, 0xde, 0x11, 0xde, 0x11, 0xde, 0x0f, 0xbd, 0x0f, 0xbd, 0x0f, 0xbd, 0x0f, 0xbd,
  0x0f, 0xbd, 0x0f, 0xbd, 0x00, 0x00, 0x00, 0x00, 0x00, 0x00, 0x00, 0x00, 0x00, 0x00, 0x00, 0x00, 0x00, 0x00, 0x00, 0x00, 0x00, 0x00, 0x00, 0x00,
  0x00, 0x00, 0x00, 0x00, 0x00, 0x00, 0x00, 0x00, 0x00, 0x00, 0x00, 0x00, 0x00, 0x00, 0x00, 0x00, 0x00, 0x00, 0x00, 0x00, 0x0f, 0xbd, 0x0f, 0xbd,
  0x0f, 0xbd, 0x0f, 0xbd, 0x0f, 0xbd, 0x70, 0xc5, 0x8a, 0x7b, 0x46, 0x52, 0x46, 0x52, 0x46, 0x52, 0x46, 0x52, 0x66, 0x5a, 0xc7, 0x62, 0x08, 0x6b,
  0x49, 0x73, 0x69, 0x7b, 0xaa, 0x83, 0xca, 0x8b, 0x0b, 0x94, 0x2b, 0x94, 0x4c, 0x9c, 0x6c, 0x9c, 0x8c, 0xa4, 0x8c, 0xa4, 0xad, 0xac, 0xad, 0xac,
  0xcd, 0xac, 0xcd, 0xac, 0xad, 0xac, 0xad, 0xa4, 0x8c, 0xa4, 0x4b, 0x9c, 0xea, 0x8b, 0x00, 0x00, 0x00, 0x00, 0x00, 0x00, 0x00, 0x00, 0x00, 0x00,
  0x00, 0x00, 0x11, 0xde, 0x11, 0xde, 0x11, 0xde, 0x11, 0xde, 0x11, 0xde, 0x11, 0xde, 0x11, 0xde, 0x0f, 0xbd, 0x0f, 0xbd, 0x0f, 0xbd, 0x0f, 0xbd,
  0x0f, 0xbd, 0x0f, 0xbd, 0x00, 0x00, 0x00, 0x00, 0x00, 0x00, 0x00, 0x00, 0x00, 0x00, 0x00, 0x00, 0x00, 0x00, 0x00, 0x00, 0x00, 0x00, 0x00, 0x00,
  0x00, 0x00, 0x00, 0x00, 0x00, 0x00, 0x00, 0x00, 0x00, 0x00, 0x00, 0x00, 0x00, 0x00, 0x00, 0x00, 0x0f, 0xbd, 0x0f, 0xbd, 0x0f, 0xbd, 0x0f, 0xbd,
  0x0f, 0xbd, 0x0f, 0xbd, 0xd1, 0xcd, 0x11, 0xde, 0x11, 0xde, 0x69, 0x7b, 0x46, 0x52, 0x46, 0x52, 0x46, 0x52, 0x66, 0x52, 0xa7, 0x62, 0x08, 0x6b,
  0x49, 0x73, 0x69, 0x7b, 0xaa, 0x83, 0xea, 0x8b, 0x0b, 0x94, 0x4b, 0x9c, 0x6c, 0x9c, 0x8c, 0xa4, 0xad, 0xa4, 0xcd, 0xac, 0xcd, 0xac, 0xed, 0xb4,
  0xed, 0xb4, 0x0e, 0xb5, 0x0e, 0xb5, 0xed, 0xb4, 0xed, 0xb4, 0xcd, 0xac, 0x8c, 0xa4, 0x2b, 0x94, 0x00, 0x00, 0x00, 0x00, 0x00, 0x00, 0x00, 0x00,
  0x00, 0x00, 0x00, 0x00, 0x11, 0xde, 0x11, 0xde, 0x11, 0xde, 0x11, 0xde, 0x11, 0xde, 0x11, 0xde, 0x0f, 0xbd, 0x0f, 0xbd, 0x0f, 0xbd, 0x0f, 0xbd,
  0x0f, 0xbd, 0x0f, 0xbd, 0x00, 0x00, 0x00, 0x00, 0x00, 0x00, 0x00, 0x00, 0x00, 0x00, 0x00, 0x00, 0x00, 0x00, 0x00, 0x00, 0x00, 0x00, 0x00, 0x00,
  0x00, 0x00, 0x00, 0x00, 0x00, 0x00, 0x00, 0x00, 0x00, 0x00, 0x00, 0x00, 0x00, 0x00, 0x0f, 0xbd, 0x0f, 0xbd, 0x0f, 0xbd, 0x0f, 0xbd, 0x0f, 0xbd,
  0x0f, 0xbd, 0xf1, 0xd5, 0x11, 0xde, 0x11, 0xde, 0x11, 0xde, 0x11, 0xde, 0x08, 0x6b, 0x46, 0x52, 0x46, 0x52, 0x46, 0x52, 0xa7, 0x5a, 0xe8, 0x6a,
  0x29, 0x73, 0x69, 0x7b, 0xaa, 0x83, 0xea, 0x8b, 0x0b, 0x94, 0x4c, 0x9c, 0x6c, 0xa4, 0x8c, 0xa4, 0xcd, 0xac, 0xcd, 0xac, 0xed, 0xb4, 0x0e, 0xb5,
  0x2e, 0xbd, 0x2e, 0xbd, 0x2e, 0xbd, 0x2e, 0xbd, 0x2e, 0xbd, 0x2e, 0xbd, 0x0e, 0xb5, 0xcd, 0xac, 0x6c, 0xa4, 0x00, 0x00, 0x00, 0x00, 0x00, 0x00,
  0x00, 0x00, 0x00, 0x00, 0x11, 0xde, 0x11, 0xde, 0x11, 0xde, 0x11, 0xde, 0x11, 0xde, 0x11, 0xde, 0x0f, 0xbd, 0x0f, 0xbd, 0x0f, 0xbd, 0x0f, 0xbd,
  0x0f, 0xbd, 0x0f, 0xbd, 0x00, 0x00, 0x00, 0x00, 0x00, 0x00, 0x00, 0x00, 0x00, 0x00, 0x00, 0x00, 0x00, 0x00, 0x00, 0x00, 0x00, 0x00, 0x00, 0x00,
  0x00, 0x00, 0x00, 0x00, 0x00, 0x00, 0x00, 0x00, 0x00, 0x00, 0x00, 0x00, 0x00, 0x00, 0x0f, 0xbd, 0x0f, 0xbd, 0x0f, 0xbd, 0x0f, 0xbd, 0x0f, 0xbd,
  0xf1, 0xd5, 0x11, 0xde, 0x11, 0xde, 0x11, 0xde, 0x11, 0xde, 0x11, 0xde, 0x11, 0xde, 0x46, 0x52, 0x46, 0x52, 0x46, 0x52, 0x87, 0x5a, 0xc7, 0x62,
  0x28, 0x73, 0x69, 0x7b, 0xaa, 0x83, 0xea, 0x8b, 0x0b, 0x94, 0x4c, 0x9c, 0x6c, 0xa4, 0xad, 0xa4, 0xcd, 0xac, 0xed, 0xb4, 0x0e, 0xb5, 0x2e, 0xbd,
  0x4e, 0xbd, 0x4e, 0xbd, 0x6f, 0xc5, 0x6f, 0xc5, 0x6f, 0xc5, 0x6f, 0xc5, 0x4f, 0xc5, 0x4e, 0xbd, 0x0e, 0xb5, 0xad, 0xa4, 0x00, 0x00, 0x00, 0x00,
  0x00, 0x00, 0x11, 0xde, 0x11, 0xde, 0x11, 0xde, 0x11, 0xde, 0x11, 0xde, 0x11, 0xde, 0x11, 0xde, 0x0f, 0xbd, 0x0f, 0xbd, 0x0f, 0xbd, 0x0f, 0xbd,
  0x0f, 0xbd, 0x0f, 0xbd, 0x00, 0x00, 0x00, 0x00, 0x00, 0x00, 0x00, 0x00, 0x00, 0x00, 0x00, 0x00, 0x00, 0x00, 0x00, 0x00, 0x00, 0x00, 0x00, 0x00,
  0x00, 0x00, 0x00, 0x00, 0x00, 0x00, 0x00, 0x00, 0x00, 0x00, 0x00, 0x00, 0x0f, 0xbd, 0x0f, 0xbd, 0x0f, 0xbd, 0x0f, 0xbd, 0x0f, 0xbd, 0x70, 0xc5,
  0x11, 0xde, 0x11, 0xde, 0x11, 0xde, 0x11, 0xde, 0x11, 0xde, 0x11, 0xde, 0x00, 0x00, 0x00, 0x00, 0x46, 0x52, 0x46, 0x52, 0x46, 0x52, 0xa7, 0x62,
  0x08, 0x6b, 0x49, 0x73, 0x8a, 0x83, 0xca, 0x8b, 0x0b, 0x94, 0x4c, 0x9c, 0x6c, 0xa4, 0xad, 0xa4, 0xcd, 0xac, 0xed, 0xb4, 0x2e, 0xb5, 0x4e, 0xbd,
  0x4e, 0xc5, 0x6f, 0xc5, 0x8f, 0xc5, 0x8f, 0xc5, 0x8f, 0xcd, 0x8f, 0xcd, 0x8f, 0xcd, 0x8f, 0xc5, 0x6f, 0xc5, 0x4e, 0xbd, 0xcd, 0xac, 0x00, 0x00,
  0x00, 0x00, 0x11, 0xde, 0x11, 0xde, 0x11, 0xde, 0x11, 0xde, 0x11, 0xde, 0x11, 0xde, 0x70, 0xc5, 0x0f, 0xbd, 0x0f, 0xbd, 0x0f, 0xbd, 0x0f, 0xbd,
  0x0f, 0xbd, 0x00, 0x00, 0x00, 0x00, 0x00, 0x00, 0x00, 0x00, 0x00, 0x00, 0x00, 0x00, 0x00, 0x00, 0x00, 0x00, 0x00, 0x00, 0x00, 0x00, 0x00, 0x00,
  0x00, 0x00, 0x00, 0x00, 0x00, 0x00, 0x00, 0x00, 0x00, 0x00, 0x0f, 0xbd, 0x0f, 0xbd, 0x0f, 0xbd, 0x0f, 0xbd, 0x0f, 0xbd, 0x0f, 0xbd, 0x11, 0xde,
  0x11, 0xde, 0x11, 0xde, 0x11, 0xde, 0x11, 0xde, 0x11, 0xde, 0x11, 0xde, 0x00, 0x00, 0x00, 0x00, 0x00, 0x00, 0xc4, 0x41, 0xc4, 0x41, 0xe5, 0x49,
  0x45, 0x52, 0x86, 0x62, 0xc7, 0x6a, 0x07, 0x73, 0x28, 0x7b, 0x68, 0x83, 0x89, 0x8b, 0xa9, 0x8b, 0xc9, 0x93, 0xea, 0x9b, 0x0a, 0x9c, 0x2a, 0xa4,
  0x4b, 0xa4, 0x6b, 0xac, 0x6b, 0xac, 0x8b, 0xac, 0x8b, 0xb4, 0x8b, 0xb4, 0x8b, 0xb4, 0x8b, 0xb4, 0x8b, 0xb4, 0x6b, 0xac, 0x4b, 0xa4, 0xea, 0x9b,
  0x11, 0xde, 0x11, 0xde, 0x11, 0xde, 0x11, 0xde, 0x11, 0xde, 0x11, 0xde, 0xf1, 0xd5, 0x0f, 0xbd, 0x0f, 0xbd, 0x0f, 0xbd, 0x0f, 0xbd, 0x0f, 0xbd,
  0x00, 0x00, 0x00, 0x00, 0x00, 0x00, 0x00, 0x00, 0x00, 0x00, 0x00, 0x00, 0x00, 0x00, 0x00, 0x00, 0x00, 0x00, 0x00, 0x00, 0x00, 0x00, 0x00, 0x00,
  0x00, 0x00, 0x00, 0x00, 0x00, 0x00, 0x00, 0x00, 0x00, 0x00, 0x0f, 0xbd, 0x0f, 0xbd, 0x0f, 0xbd, 0x0f, 0xbd, 0x0f, 0xbd, 0x0f, 0xbd, 0x11, 0xde,
  0x11, 0xde, 0x11, 0xde, 0x11, 0xde, 0x11, 0xde, 0x11, 0xde, 0x00, 0x00, 0x00, 0x00, 0x00, 0x00, 0x00, 0x00, 0x00, 0x00, 0xc4, 0x41, 0xc4, 0x41,
  0x05, 0x52, 0x66, 0x5a, 0xa6, 0x62, 0xe7, 0x72, 0x07, 0x7b, 0x48, 0x83, 0x88, 0x83, 0xa9, 0x8b, 0xc9, 0x93, 0xea, 0x9b, 0x0a, 0x9c, 0x2a, 0xa4,
  0x4b, 0xac, 0x6b, 0xac, 0x8b, 0xac, 0x8b, 0xb4, 0xab, 0xb4, 0xab, 0xb4, 0xac, 0xb4, 0xac, 0xb4, 0xac, 0xb4, 0xab, 0xb4, 0x8b, 0xb4, 0xed, 0xbc,
  0x8f, 0xcd, 0x11, 0xde, 0x11, 0xde, 0x11, 0xde, 0x11, 0xde, 0xf1, 0xd5, 0x0f, 0xbd, 0x0f, 0xbd, 0x0f, 0xbd, 0x0f, 0xbd, 0x0f, 0xbd, 0x0f, 0xbd,
  0x00, 0x00, 0x00, 0x00, 0x00, 0x00, 0x00, 0x00, 0x00, 0x00, 0x00, 0x00, 0x00, 0x00, 0x00, 0x00, 0x00, 0x00, 0x00, 0x00, 0x00, 0x00, 0x00, 0x00,
  0x00, 0x00, 0x00, 0x00, 0x00, 0x00, 0x00, 0x00, 0x00, 0x00, 0x0f, 0xbd, 0x0f, 0xbd, 0x0f, 0xbd, 0x0f, 0xbd, 0x0f, 0xbd, 0x0f, 0xbd, 0x11, 0xde,
  0x11, 0xde, 0x11, 0xde, 0x11, 0xde, 0x11, 0xde, 0x11, 0xde, 0x00, 0x00, 0x00, 0x00, 0x00, 0x00, 0x00, 0x00, 0x00, 0x00, 0x00, 0x00, 0xc4, 0x41,
  0xc4, 0x49, 0x25, 0x52, 0x66, 0x5a, 0xc7, 0x6a, 0x07, 0x73, 0x28, 0x7b, 0x68, 0x83, 0x89, 0x8b, 0xc9, 0x93, 0xea, 0x9b, 0x0a, 0x9c, 0x2a, 0xa4,
  0x4b, 0xac, 0x6b, 0xac, 0x8b, 0xb4, 0xab, 0xb4, 0xab, 0xb4, 0xcc, 0xbc, 0xcc, 0xbc, 0xcc, 0xbc, 0xcc, 0xbc, 0xec, 0xbc, 0x4e, 0xc5, 0xd0, 0xd5,
  0xf1, 0xd5, 0x11, 0xd6, 0x11, 0xde, 0x11, 0xde, 0xd1, 0xcd, 0x0f, 0xbd, 0x0f, 0xbd, 0x0f, 0xbd, 0x0f, 0xbd, 0x0f, 0xbd, 0x0f, 0xbd, 0x00, 0x00,
  0x00, 0x00, 0x00, 0x00, 0x00, 0x00, 0x00, 0x00, 0x00, 0x00, 0x00, 0x00, 0x00, 0x00, 0x00, 0x00, 0x00, 0x00, 0x00, 0x00, 0x00, 0x00, 0x00, 0x00,
  0x00, 0x00, 0x00, 0x00, 0x00, 0x00, 0x00, 0x00, 0x00, 0x00, 0x0f, 0xbd, 0x0f, 0xbd, 0x0f, 0xbd, 0x0f, 0xbd, 0x0f, 0xbd, 0x0f, 0xbd, 0x11, 0xde,
  0x11, 0xde, 0x11, 0xde, 0x11, 0xde, 0x11, 0xde, 0x11, 0xde, 0x11, 0xde, 0x00, 0x00, 0x00, 0x00, 0x00, 0x00, 0x00, 0x00, 0x00, 0x00, 0x00, 0x00,
  0x25, 0x4a, 0x26, 0x52, 0xa7, 0x62, 0x08, 0x6b, 0x69, 0x7b, 0xaa, 0x83, 0xea, 0x93, 0x2b, 0x9c, 0x6c, 0xa4, 0xac, 0xac, 0xcd, 0xac, 0xed, 0xb4,
  0x2e, 0xbd, 0x4e, 0xc5, 0x6e, 0xc5, 0x8f, 0xcd, 0xaf, 0xcd, 0xaf, 0xd5, 0xcf, 0xd5, 0xd0, 0xd5, 0xd0, 0xd5, 0xd0, 0xd5, 0x11, 0xde, 0x11, 0xde,
  0x11, 0xde, 0xf1, 0xd5, 0xf1, 0xd5, 0x70, 0xc5, 0x0f, 0xbd, 0x0f, 0xbd, 0x0f, 0xbd, 0x0f, 0xbd, 0x0f, 0xbd, 0x00, 0x00, 0x00, 0x00, 0x00, 0x00,
  0x00, 0x00, 0x00, 0x00, 0x00, 0x00, 0x00, 0x00, 0x00, 0x00, 0x00, 0x00, 0x00, 0x00, 0x00, 0x00, 0x00, 0x00, 0x00, 0x00, 0x00, 0x00, 0x00, 0x00,
  0x00, 0x00, 0x00, 0x00, 0x00, 0x00, 0x00, 0x00, 0x00, 0x00, 0x0f, 0xbd, 0x0f, 0xbd, 0x0f, 0xbd, 0x0f, 0xbd, 0x0f, 0xbd, 0x0f, 0xbd, 0x11, 0xde,
  0x11, 0xde, 0x11, 0xde, 0x11, 0xde, 0x11, 0xde, 0x11, 0xde, 0x11, 0xde, 0x11, 0xde, 0x00, 0x00, 0x00, 0x00, 0x00, 0x00, 0x00, 0x00, 0x00, 0x00,
  0x00, 0x00, 0x46, 0x52, 0x46, 0x52, 0xc7, 0x62, 0x49, 0x73, 0xaa, 0x83, 0xeb, 0x8b, 0x4b, 0x9c, 0x8c, 0xa4, 0xcd, 0xac, 0xed, 0xb4, 0x2e, 0xbd,
  0x4f, 0xc5, 0x8f, 0xc5, 0xaf, 0xcd, 0xd0, 0xd5, 0xf0, 0xd5, 0x10, 0xde, 0x11, 0xde, 0x11, 0xde, 0x11, 0xde, 0x11, 0xde, 0x11, 0xde, 0x11, 0xde,
  0x11, 0xde, 0xd0, 0xd5, 0x4f, 0xc5, 0x0f, 0xbd, 0x0f, 0xbd, 0x0f, 0xbd, 0x0f, 0xbd, 0x0f, 0xbd, 0x00, 0x00, 0x00, 0x00, 0x00, 0x00, 0x00, 0x00,
  0x00, 0x00, 0x00, 0x00, 0x00, 0x00, 0x00, 0x00, 0x00, 0x00, 0x00, 0x00, 0x00, 0x00, 0x00, 0x00, 0x00, 0x00, 0x00, 0x00, 0x00, 0x00, 0x00, 0x00,
  0x00, 0x00, 0x00, 0x00, 0x00, 0x00, 0x00, 0x00, 0x00, 0x00, 0x00, 0x00, 0x0f, 0xbd, 0x0f, 0xbd, 0x0f, 0xbd, 0x0f, 0xbd, 0x0f, 0xbd, 0x0f, 0xbd,
  0x11, 0xde, 0x11, 0xde, 0x11, 0xde, 0x11, 0xde, 0x11, 0xde, 0x11, 0xde, 0x11, 0xde, 0x11, 0xde, 0x11, 0xde, 0x00, 0x00, 0x00, 0x00, 0x00, 0x00,
  0x00, 0x00, 0x00, 0x00, 0x00, 0x00, 0x46, 0x52, 0xc7, 0x62, 0x49, 0x73, 0xaa, 0x83, 0x0b, 0x94, 0x4c, 0x9c, 0x8c, 0xa4, 0xcd, 0xac, 0x0e, 0xb5,
  0x4e, 0xbd, 0x6f, 0xc5, 0xb0, 0xcd, 0xd0, 0xd5, 0xf1, 0xd5, 0x11, 0xde, 0x11, 0xde, 0x11, 0xde, 0x11, 0xde, 0x11, 0xde, 0x31, 0xde, 0x11, 0xde,
  0xd0, 0xcd, 0x4f, 0xc5, 0x2f, 0xbd, 0x2f, 0xbd, 0x0f, 0xbd, 0x0f, 0xbd, 0x0f, 0xbd, 0x00, 0x00, 0x00, 0x00, 0x00, 0x00, 0x00, 0x00, 0x00, 0x00,
  0x00, 0x00, 0x00, 0x00, 0x00, 0x00, 0x00, 0x00, 0x00, 0x00, 0x00, 0x00, 0x00, 0x00, 0x00, 0x00, 0x00, 0x00, 0x00, 0x00, 0x00, 0x00, 0x00, 0x00,
  0x00, 0x00, 0x00, 0x00, 0x00, 0x00, 0x00, 0x00, 0x00, 0x00, 0x00, 0x00, 0x00, 0x00, 0x0f, 0xbd, 0x0f, 0xbd, 0x0f, 0xbd, 0x0f, 0xbd, 0x0f, 0xbd,
  0x0f, 0xbd, 0x11, 0xde, 0x11, 0xde, 0x11, 0xde, 0x11, 0xde, 0x11, 0xde, 0x11, 0xde, 0x11, 0xde, 0x11, 0xde, 0x11, 0xde, 0x11, 0xde, 0x11, 0xde,
  0x11, 0xde, 0x00, 0x00, 0x00, 0x00, 0x00, 0x00, 0x46, 0x52, 0xa7, 0x5a, 0x49, 0x73, 0xaa, 0x83, 0x0b, 0x94, 0xcd, 0xac, 0xee, 0xb4, 0x6f, 0xc5,
  0x90, 0xcd, 0xd1, 0xd5, 0x11, 0xde, 0x11, 0xde, 0x11, 0xde, 0x11, 0xde, 0x11, 0xde, 0x11, 0xde, 0x31, 0xde, 0xf1, 0xd5, 0xb0, 0xcd, 0x4f, 0xbd,
  0x2f, 0xbd, 0x2f, 0xbd, 0x6f, 0xc5, 0x6f, 0xc5, 0x2f, 0xbd, 0x00, 0x00, 0x00, 0x00, 0x00, 0x00, 0x00, 0x00, 0x00, 0x00, 0x00, 0x00, 0x00, 0x00,
  0x00, 0x00, 0x00, 0x00, 0x00, 0x00, 0x00, 0x00, 0x00, 0x00, 0x00, 0x00, 0x00, 0x00, 0x00, 0x00, 0x00, 0x00, 0x00, 0x00, 0x00, 0x00, 0x00, 0x00,
  0x00, 0x00, 0x00, 0x00, 0x00, 0x00, 0x00, 0x00, 0x00, 0x00, 0x00, 0x00, 0x00, 0x00, 0x00, 0x00, 0x0f, 0xbd, 0x0f, 0xbd, 0x0f, 0xbd, 0x0f, 0xbd,
  0x0f, 0xbd, 0x0f, 0xbd, 0x00, 0x00, 0x11, 0xde, 0x11, 0xde, 0x11, 0xde, 0x11, 0xde, 0x11, 0xde, 0x11, 0xde, 0x11, 0xde, 0x11, 0xde, 0x11, 0xde,
  0x11, 0xde, 0x11, 0xde, 0x11, 0xde, 0x11, 0xde, 0x11, 0xde, 0x11, 0xde, 0x4f, 0xbd, 0xf1, 0xd5, 0xf1, 0xd5, 0xf1, 0xd5, 0xf1, 0xd5, 0x11, 0xd6,
  0x11, 0xd6, 0x11, 0xd6, 0x11, 0xde, 0x11, 0xd6, 0xf1, 0xd5, 0xf1, 0xd5, 0xd0, 0xd5, 0xb0, 0xcd, 0x6f, 0xc5, 0x2f, 0xbd, 0x2f, 0xbd, 0x4f, 0xbd,
  0x90, 0xc5, 0xf0, 0xd5, 0x31, 0xde, 0xf0, 0xd5, 0xaf, 0xcd, 0x00, 0x00, 0x00, 0x00, 0x00, 0x00, 0x00, 0x00, 0x00, 0x00, 0x00, 0x00, 0x00, 0x00,
  0x00, 0x00, 0x00, 0x00, 0x00, 0x00, 0x00, 0x00, 0x00, 0x00, 0x00, 0x00, 0x00, 0x00, 0x00, 0x00, 0x00, 0x00, 0x00, 0x00, 0x00, 0x00, 0x00, 0x00,
  0x00, 0x00, 0x00, 0x00, 0x00, 0x00, 0x00, 0x00, 0x00, 0x00, 0x00, 0x00, 0x00, 0x00, 0x00, 0x00, 0x00, 0x00, 0x0f, 0xbd, 0x0f, 0xbd, 0x0f, 0xbd,
  0x0f, 0xbd, 0x0f, 0xbd, 0x0f, 0xbd, 0x0f, 0xbd, 0x0f, 0xbd, 0x11, 0xde, 0x11, 0xde, 0x11, 0xde, 0x11, 0xde, 0x11, 0xde, 0x11, 0xde, 0x11, 0xde,
  0x11, 0xde, 0x11, 0xde, 0x11, 0xde, 0x11, 0xde, 0x11, 0xde, 0x11, 0xde, 0x11, 0xde, 0x11, 0xde, 0xf1, 0xd5, 0xf1, 0xd5, 0xf1, 0xd5, 0x90, 0xc5,
  0x90, 0xc5, 0x6f, 0xc5, 0x6f, 0xc5, 0x4f, 0xc5, 0x4f, 0xbd, 0x4f, 0xbd, 0x2f, 0xbd, 0x2f, 0xbd, 0x2f, 0xbd, 0x6f, 0xc5, 0xb0, 0xcd, 0x11, 0xde,
  0x51, 0xe6, 0x51, 0xe6, 0x51, 0xe6, 0x10, 0xde, 0xb0, 0xcd, 0x00, 0x00, 0x00, 0x00, 0x00, 0x00, 0x00, 0x00, 0x00, 0x00, 0x00, 0x00, 0x00, 0x00,
  0x00, 0x00, 0x00, 0x00, 0x00, 0x00, 0x00, 0x00, 0x00, 0x00, 0x00, 0x00, 0x00, 0x00, 0x00, 0x00, 0x00, 0x00, 0x00, 0x00, 0x00, 0x00, 0x00, 0x00,
  0x00, 0x00, 0x00, 0x00, 0x00, 0x00, 0x00, 0x00, 0x00, 0x00, 0x00, 0x00, 0x00, 0x00, 0x00, 0x00, 0x00, 0x00, 0x00, 0x00, 0x0f, 0xbd, 0x0f, 0xbd,
  0x0f, 0xbd, 0x0f, 0xbd, 0x0f, 0xbd, 0x0f, 0xbd, 0x0f, 0xbd, 0x0f, 0xbd, 0x0f, 0xbd, 0x0f, 0xbd, 0x0f, 0xbd, 0x90, 0xcd, 0x11, 0xde, 0x11, 0xde,
  0x11, 0xde, 0x11, 0xde, 0x11, 0xde, 0x11, 0xde, 0x11, 0xde, 0x11, 0xde, 0x11, 0xde, 0x11, 0xde, 0xb0, 0xcd, 0x90, 0xcd, 0x4c, 0x9c, 0x6c, 0x9c,
  0xce, 0xac, 0xee, 0xb4, 0x0f, 0xb5, 0x0f, 0xbd, 0x2f, 0xbd, 0x2f, 0xbd, 0x4f, 0xbd, 0x8f, 0xc5, 0xd0, 0xcd, 0x11, 0xde, 0x31, 0xde, 0x51, 0xe6,
  0x51, 0xe6, 0x51, 0xe6, 0x31, 0xde, 0x10, 0xde, 0xd0, 0xcd, 0x00, 0x00, 0x00, 0x00, 0x00, 0x00, 0x00, 0x00, 0x00, 0x00, 0x00, 0x00, 0x00, 0x00,
  0x00, 0x00, 0x00, 0x00, 0x00, 0x00, 0x00, 0x00, 0x00, 0x00, 0x00, 0x00, 0x00, 0x00, 0x00, 0x00, 0x00, 0x00, 0x00, 0x00, 0x00, 0x00, 0x00, 0x00,
  0x00, 0x00, 0x00, 0x00, 0x00, 0x00, 0x00, 0x00, 0x00, 0x00, 0x00, 0x00, 0x00, 0x00, 0x00, 0x00, 0x00, 0x00, 0x00, 0x00, 0x00, 0x00, 0x00, 0x00,
  0x00, 0x00, 0x0f, 0xbd, 0x0f, 0xbd, 0x0f, 0xbd, 0x0f, 0xbd, 0x0f, 0xbd, 0x0f, 0xbd, 0x0f, 0xbd, 0x0f, 0xbd, 0x0f, 0xbd, 0x0f, 0xbd, 0x0f, 0xbd,
  0x0f, 0xbd, 0x0f, 0xbd, 0x0f, 0xbd, 0x0f, 0xbd, 0x0f, 0xbd, 0x0f, 0xbd, 0x0f, 0xbd, 0x0f, 0xbd, 0x0f, 0xbd, 0x0f, 0xbd, 0x0f, 0xbd, 0x0f, 0xbd,
  0x0f, 0xb5, 0xee, 0xb4, 0xee, 0xac, 0xee, 0xac, 0x0e, 0xb5, 0x2e, 0xbd, 0x6f, 0xc5, 0xaf, 0xcd, 0xd0, 0xcd, 0xf0, 0xd5, 0x10, 0xde, 0x11, 0xde,
  0x31, 0xde, 0x31, 0xde, 0x11, 0xde, 0xf0, 0xd5, 0xb0, 0xcd, 0x00, 0x00, 0x00, 0x00, 0x00, 0x00, 0x00, 0x00, 0x00, 0x00, 0x00, 0x00, 0x00, 0x00,
  0x00, 0x00, 0x00, 0x00, 0x00, 0x00, 0x00, 0x00, 0x00, 0x00, 0x00, 0x00, 0x00, 0x00, 0x00, 0x00, 0x00, 0x00, 0x00, 0x00, 0x00, 0x00, 0x00, 0x00,
  0x00, 0x00, 0x00, 0x00, 0x00, 0x00, 0x00, 0x00, 0x00, 0x00, 0x00, 0x00, 0x00, 0x00, 0x00, 0x00, 0x00, 0x00, 0x00, 0x00, 0x00, 0x00, 0x00, 0x00,
  0x00, 0x00, 0x00, 0x00, 0x00, 0x00, 0x00, 0x00, 0x0f, 0xbd, 0x0f, 0xbd, 0x0f, 0xbd, 0x0f, 0xbd, 0x0f, 0xbd, 0x0f, 0xbd, 0x0f, 0xbd, 0x0f, 0xbd,
  0x0f, 0xbd, 0x0f, 0xbd, 0x0f, 0xbd, 0x0f, 0xbd, 0x0f, 0xbd, 0x0f, 0xbd, 0x0f, 0xbd, 0x0f, 0xbd, 0x0f, 0xbd, 0x0f, 0xbd, 0x0f, 0xbd, 0x0f, 0xbd,
  0x0f, 0xbd, 0x00, 0x00, 0xca, 0x83, 0x0b, 0x94, 0x6c, 0x9c, 0xcd, 0xac, 0x0e, 0xb5, 0x4e, 0xbd, 0x6f, 0xc5, 0xaf, 0xcd, 0xd0, 0xcd, 0xd0, 0xd5,
  0xf0, 0xd5, 0xf0, 0xd5, 0xd0, 0xd5, 0xb0, 0xcd, 0xaf, 0xcd, 0x00, 0x00, 0x00, 0x00, 0x00, 0x00, 0x00, 0x00, 0x00, 0x00, 0x00, 0x00, 0x00, 0x00,
  0x00, 0x00, 0x00, 0x00, 0x00, 0x00, 0x00, 0x00, 0x00, 0x00, 0x00, 0x00, 0x00, 0x00, 0x00, 0x00, 0x00, 0x00, 0x00, 0x00, 0x00, 0x00, 0x00, 0x00,
  0x00, 0x00, 0x00, 0x00, 0x00, 0x00, 0x00, 0x00, 0x00, 0x00, 0x00, 0x00, 0x00, 0x00, 0x00, 0x00, 0x00, 0x00, 0x00, 0x00, 0x00, 0x00, 0x00, 0x00,
  0x00, 0x00, 0x00, 0x00, 0x00, 0x00, 0x00, 0x00, 0x00, 0x00, 0x00, 0x00, 0x00, 0x00, 0x00, 0x00, 0x00, 0x00, 0x00, 0x00, 0x00, 0x00, 0x00, 0x00,
  0x00, 0x00, 0x00, 0x00, 0x00, 0x00, 0x00, 0x00, 0x00, 0x00, 0x00, 0x00, 0x00, 0x00, 0x00, 0x00, 0x00, 0x00, 0x00, 0x00, 0x00, 0x00, 0x00, 0x00,
  0x00, 0x00, 0x00, 0x00, 0x00, 0x00, 0x00, 0x00, 0x00, 0x00, 0x0b, 0x94, 0x6c, 0x9c, 0xad, 0xa4, 0xed, 0xb4, 0x0e, 0xb5, 0x4e, 0xbd, 0x6f, 0xc5,
  0x8f, 0xc5, 0x8f, 0xc5, 0x8f, 0xc5, 0x6f, 0xc5, 0x00, 0x00, 0x00, 0x00, 0x00, 0x00, 0x00, 0x00, 0x00, 0x00, 0x00, 0x00, 0x00, 0x00, 0x00, 0x00,
  0x00, 0x00, 0x00, 0x00, 0x00, 0x00, 0x00, 0x00, 0x00, 0x00, 0x00, 0x00, 0x00, 0x00, 0x00, 0x00, 0x00, 0x00, 0x00, 0x00, 0x00, 0x00, 0x00, 0x00,
  0x00, 0x00, 0x00, 0x00, 0x00, 0x00, 0x00, 0x00, 0x00, 0x00, 0x00, 0x00, 0x00, 0x00, 0x00, 0x00, 0x00, 0x00, 0x00, 0x00, 0x00, 0x00, 0x00, 0x00,
  0x00, 0x00, 0x00, 0x00, 0x00, 0x00, 0x00, 0x00, 0x00, 0x00, 0x00, 0x00, 0x00, 0x00, 0x00, 0x00, 0x00, 0x00, 0x00, 0x00, 0x00, 0x00, 0x00, 0x00,
  0x00, 0x00, 0x00, 0x00, 0x00, 0x00, 0x00, 0x00, 0x00, 0x00, 0x00, 0x00, 0x00, 0x00, 0x00, 0x00, 0x00, 0x00, 0x00, 0x00, 0x00, 0x00, 0x00, 0x00,
  0x00, 0x00, 0x00, 0x00, 0x00, 0x00, 0x00, 0x00, 0x00, 0x00, 0x00, 0x00, 0x00, 0x00, 0x00, 0x00, 0x00, 0x00, 0x00, 0x00, 0x00, 0x00, 0x00, 0x00,
  0x00, 0x00, 0x00, 0x00, 0x00, 0x00, 0x00, 0x00, 0x00, 0x00, 0x00, 0x00, 0x00, 0x00, 0x00, 0x00, 0x00, 0x00, 0x00, 0x00, 0x00, 0x00, 0x00, 0x00,
  0x00, 0x00, 0x00, 0x00, 0x00, 0x00, 0x00, 0x00, 0x00, 0x00, 0x00, 0x00, 0x00, 0x00, 0x00, 0x00, 0x00, 0x00, 0x00, 0x00, 0x00, 0x00, 0x00, 0x00,
  0x00, 0x00, 0x00, 0x00, 0x00, 0x00, 0x00, 0x00, 0x00, 0x00, 0x00, 0x00, 0x00, 0x00, 0x00, 0x00, 0x00, 0x00, 0x00, 0x00, 0x00, 0x00, 0x00, 0x00,
  0x00, 0x00, 0x00, 0x00, 0x00, 0x00, 0x00, 0x00, 0x00, 0x00, 0x00, 0x00, 0x00, 0x00, 0x00, 0x00, 0x00, 0x00, 0x00, 0x00, 0x00, 0x00, 0x00, 0x00,
  0x00, 0x00, 0x00, 0x00, 0x00, 0x00, 0x00, 0x00, 0x00, 0x00, 0x00, 0x00, 0x00, 0x00, 0x00, 0x00, 0x00, 0x00, 0x00, 0x00, 0x00, 0x00, 0x00, 0x00,
  0x00, 0x00, 0x00, 0x00, 0x00, 0x00, 0x00, 0x00, 0x00, 0x00, 0x00, 0x00, 0x00, 0x00, 0x00, 0x00, 0x00, 0x00, 0x00, 0x00, 0x00, 0x00, 0x00, 0x00,
  0x00, 0x00, 0x00, 0x00, 0x00, 0x00, 0x00, 0x00, 0x00, 0x00, 0x00, 0x00, 0x00, 0x00, 0x00, 0x00, 0x00, 0x00, 0x00, 0x00, 0x00, 0x00, 0x00, 0x00,
  0x00, 0x00, 0x00, 0x00, 0x00, 0x00, 0x00, 0x00, 0x00, 0x00, 0x00, 0x00, 0x00, 0x00, 0x00, 0x00, 0x00, 0x00, 0x00, 0x00, 0x00, 0x00, 0x00, 0x00,
  0x00, 0x00, 0x00, 0x00, 0x00, 0x00, 0x00, 0x00, 0x00, 0x00, 0x00, 0x00, 0x00, 0x00, 0x00, 0x00, 0x00, 0x00, 0x00, 0x00, 0x00, 0x00, 0x00, 0x00,
  0x00, 0x00, 0x00, 0x00, 0x00, 0x00, 0x00, 0x00, 0x00, 0x00, 0x00, 0x00, 0x00, 0x00, 0x00, 0x00, 0x00, 0x00, 0x00, 0x00, 0x00, 0x00, 0x00, 0x00,
  0x00, 0x00, 0x00, 0x00, 0x00, 0x00, 0x00, 0x00, 0x00, 0x00, 0x00, 0x00, 0x00, 0x00, 0x00, 0x00, 0x00, 0x00, 0x00, 0x00, 0x00, 0x00, 0x00, 0x00,
  0x00, 0x00, 0x00, 0x00, 0x00, 0x00, 0x00, 0x00, 0x00, 0x00, 0x00, 0x00, 0x00, 0x00, 0x00, 0x00, 0x00, 0x00, 0x00, 0x00, 0x00, 0x00, 0x00, 0x00,
  0x00, 0x00, 0x00, 0x00, 0x00, 0x00, 0x00, 0x00, 0x00, 0x00, 0x00, 0x00, 0x00, 0x00, 0x00, 0x00, 0x00, 0x00, 0x00, 0x00, 0x00, 0x00, 0x00, 0x00,
  0x00, 0x00, 0x00, 0x00, 0x00, 0x00, 0x00, 0x00, 0x00, 0x00, 0x00, 0x00, 0x00, 0x00, 0x00, 0x00, 0x00, 0x00, 0x00, 0x00, 0x00, 0x00, 0x00, 0x00,
  0x00, 0x00, 0x00, 0x00, 0x00, 0x00, 0x00, 0x00, 0x00, 0x00, 0x00, 0x00, 0x00, 0x00, 0x00, 0x00, 0x00, 0x00, 0x00, 0x00, 0x00, 0x00, 0x00, 0x00,
  0x00, 0x00, 0x00, 0x00, 0x00, 0x00, 0x00, 0x00, 0x00, 0x00, 0x00, 0x00, 0x00, 0x00, 0x00, 0x00, 0x00, 0x00, 0x00, 0x00, 0x00, 0x00, 0x00, 0x00,
  0x00, 0x00, 0x00, 0x00, 0x00, 0x00, 0x00, 0x00, 0x00, 0x00, 0x00, 0x00, 0x00, 0x00, 0x00, 0x00, 0x00, 0x00, 0x00, 0x00, 0x00, 0x00, 0x00, 0x00,
  0x00, 0x00, 0x00, 0x00, 0x00, 0x00, 0x00, 0x00, 0x00, 0x00, 0x00, 0x00, 0x00, 0x00, 0x00, 0x00, 0x00, 0x00, 0x00, 0x00, 0x00, 0x00, 0x00, 0x00,
  0x00, 0x00, 0x00, 0x00, 0x00, 0x00, 0x00, 0x00, 0x00, 0x00, 0x00, 0x00, 0x00, 0x00, 0x00, 0x00, 0x00, 0x00, 0x00, 0x00, 0x00, 0x00, 0x00, 0x00,
  0x00, 0x00, 0x00, 0x00, 0x00, 0x00, 0x00, 0x00, 0x00, 0x00, 0x00, 0x00, 0x00, 0x00, 0x00, 0x00, 0x00, 0x00, 0x00, 0x00, 0x00, 0x00, 0x00, 0x00,
  0x00, 0x00, 0x00, 0x00, 0x00, 0x00, 0x00, 0x00, 0x00, 0x00, 0x00, 0x00, 0x00, 0x00, 0x00, 0x00, 0x00, 0x00, 0x00, 0x00, 0x00, 0x00, 0x00, 0x00,
  0x00, 0x00, 0x00, 0x00, 0x00, 0x00, 0x00, 0x00, 0x00, 0x00, 0x00, 0x00, 0x00, 0x00, 0x00, 0x00, 0x00, 0x00, 0x00, 0x00, 0x00, 0x00, 0x00, 0x00,
  0x00, 0x00, 0x00, 0x00, 0x00, 0x00, 0x00, 0x00, 0x00, 0x00, 0x00, 0x00, 0x00, 0x00, 0x00, 0x00, 0x00, 0x00, 0x00, 0x00, 0x00, 0x00, 0x00, 0x00,
  0x00, 0x00, 0x00, 0x00, 0x00, 0x00, 0x00, 0x00, 0x00, 0x00, 0x00, 0x00, 0x00, 0x00, 0x00, 0x00, 0x00, 0x00, 0x00, 0x00, 0x00, 0x00, 0x00, 0x00,
  0x00, 0x00, 0x00, 0x00, 0x00, 0x00, 0x00, 0x00, 0x00, 0x00, 0x00, 0x00, 0x00, 0x00, 0x00, 0x00, 0x00, 0x00, 0x00, 0x00, 0x00, 0x00, 0x00, 0x00,
  0x00, 0x00, 0x00, 0x00, 0x00, 0x00, 0x00, 0x00, 0x00, 0x00, 0x00, 0x00, 0x00, 0x00, 0x00, 0x00, 0x00, 0x00, 0x00, 0x00, 0x00, 0x00, 0x00, 0x00,
  0x00, 0x00, 0x00, 0x00, 0x00, 0x00, 0x00, 0x00, 0x00, 0x00, 0x00, 0x00, 0x00, 0x00, 0x00, 0x00, 0x00, 0x00, 0x00, 0x00, 0x00, 0x00, 0x00, 0x00,
  0x00, 0x00, 0x00, 0x00, 0x00, 0x00, 0x00, 0x00, 0x00, 0x00, 0x00, 0x00, 0x00, 0x00, 0x00, 0x00, 0x00, 0x00, 0x00, 0x00, 0x00, 0x00, 0x00, 0x00,
  0x00, 0x00, 0x00, 0x00, 0x00, 0x00, 0x00, 0x00, 0x00, 0x00, 0x00, 0x00, 0x00, 0x00, 0x00, 0x00, 0x00, 0x00, 0x00, 0x00, 0x00, 0x00, 0x00, 0x00,
  0x00, 0x00, 0x00, 0x00, 0x00, 0x00, 0x00, 0x00, 0x00, 0x00, 0x00, 0x00, 0x00, 0x00, 0x00, 0x00, 0x00, 0x00, 0x00, 0x00, 0x00, 0x00, 0x00, 0x00,
  0x00, 0x00, 0x00, 0x00, 0x00, 0x00, 0x00, 0x00, 0x00, 0x00, 0x00, 0x00, 0x00, 0x00, 0x00, 0x00, 0x00, 0x00, 0x00, 0x00, 0x00, 0x00, 0x00, 0x00,
  0x00, 0x00, 0x00, 0x00, 0x00, 0x00, 0x00, 0x00, 0x00, 0x00, 0x00, 0x00, 0x00, 0x00, 0x00, 0x00, 0x00, 0x00, 0x00, 0x00, 0x00, 0x00, 0x00, 0x00,
  0x00, 0x00, 0x00, 0x00, 0x00, 0x00, 0x00, 0x00, 0x00, 0x00, 0x00, 0x00, 0x00, 0x00, 0x00, 0x00, 0x00, 0x00, 0x00, 0x00, 0x00, 0x00, 0x00, 0x00,
  0x00, 0x00, 0x00, 0x00, 0x00, 0x00, 0x00, 0x00, 0x00, 0x00, 0x00, 0x00, 0x00, 0x00, 0x00, 0x00, 0x00, 0x00, 0x00, 0x00, 0x00, 0x00, 0x00, 0x00,
  0x00, 0x00, 0x00, 0x00, 0x00, 0x00, 0x00, 0x00, 0x00, 0x00, 0x00, 0x00, 0x00, 0x00, 0x00, 0x00, 0x00, 0x00, 0x00, 0x00, 0x00, 0x00, 0x00, 0x00,
  0x00, 0x00, 0x00, 0x00, 0x00, 0x00, 0x00, 0x00, 0x00, 0x00, 0x00, 0x00, 0x00, 0x00, 0x00, 0x00, 0x00, 0x00, 0x00, 0x00, 0x00, 0x00, 0x00, 0x00,
  0x00, 0x00, 0x00, 0x00, 0x00, 0x00, 0x00, 0x00, 0x00, 0x00, 0x00, 0x00, 0x00, 0x00, 0x00, 0x00, 0x00, 0x00, 0x00, 0x00, 0x00, 0x00, 0x00, 0x00,
  0x00, 0x00, 0x00, 0x00, 0x00, 0x00, 0x00, 0x00, 0x00, 0x00, 0x00, 0x00, 0x00, 0x00, 0x00, 0x00, 0x00, 0x00, 0x00, 0x00, 0x00, 0x00, 0x00, 0x00,
  0x00, 0x00, 0x00, 0x00, 0x00, 0x00, 0x00, 0x00, 0x00, 0x00, 0x00, 0x00, 0x00, 0x00, 0x00, 0x00, 0x00, 0x00, 0x00, 0x00, 0x00, 0x00, 0x00, 0x00,
  0x00, 0x00, 0x00, 0x00, 0x00, 0x00, 0x00, 0x00, 0x00, 0x00, 0x00, 0x00, 0x00, 0x00, 0x00, 0x00, 0x00, 0x00, 0x00, 0x00, 0x00, 0x00, 0x00, 0x00,
  0x00, 0x00, 0x00, 0x00, 0x00, 0x00, 0x00, 0x00, 0x00, 0x00, 0x00, 0x00, 0x00, 0x00, 0x00, 0x00, 0x00, 0x00, 0x00, 0x00, 0x00, 0x00, 0x00, 0x00,
  0x00, 0x00, 0x00, 0x00, 0x00, 0x00, 0x00, 0x00, 0x00, 0x00, 0x00, 0x00, 0x00, 0x00, 0x00, 0x00, 0x00, 0x00, 0x00, 0x00, 0x00, 0x00, 0x00, 0x00,
  0x00, 0x00, 0x00, 0x00, 0x00, 0x00, 0x00, 0x00, 0x00, 0x00, 0x00, 0x00, 0x00, 0x00, 0x00, 0x00, 0x00, 0x00, 0x00, 0x00, 0x00, 0x00, 0x00, 0x00,
  0x00, 0x00, 0x00, 0x00, 0x00, 0x00, 0x00, 0x00, 0x00, 0x00, 0x00, 0x00, 0x00, 0x00, 0x00, 0x00, 0x00, 0x00, 0x00, 0x00, 0x00, 0x00, 0x00, 0x00,
  0x00, 0x00, 0x00, 0x00, 0x00, 0x00, 0x00, 0x00, 0x00, 0x00, 0x00, 0x00, 0x00, 0x00, 0x00, 0x00, 0x00, 0x00, 0x00, 0x00, 0x00, 0x00, 0x00, 0x00,
  0x00, 0x00, 0x00, 0x00, 0x00, 0x00, 0x00, 0x00, 0x00, 0x00, 0x00, 0x00, 0x00, 0x00, 0x00, 0x00, 0x00, 0x00, 0x00, 0x00, 0x00, 0x00, 0x00, 0x00,
  0x00, 0x00, 0x00, 0x00, 0x00, 0x00, 0x00, 0x00, 0x00, 0x00, 0x00, 0x00, 0x00, 0x00, 0x00, 0x00, 0x00, 0x00, 0x00, 0x00, 0x00, 0x00, 0x00, 0x00,
  0x00, 0x00, 0x00, 0x00, 0x00, 0x00, 0x00, 0x00, 0x00, 0x00, 0x00, 0x00, 0x00, 0x00, 0x00, 0x00, 0x00, 0x00, 0x00, 0x00, 0x00, 0x00, 0x00, 0x00,
  0x00, 0x00, 0x00, 0x00, 0x00, 0x00, 0x00, 0x00, 0x00, 0x00, 0x00, 0x00, 0x00, 0x00, 0x00, 0x00, 0x00, 0x00, 0x00, 0x00, 0x00, 0x00, 0x00, 0x00,
  0x00, 0x00, 0x00, 0x00, 0x00, 0x00, 0x00, 0x00, 0x00, 0x00, 0x00, 0x00, 0x00, 0x00, 0x00, 0x00, 0x00, 0x00, 0x00, 0x00, 0x00, 0x00, 0x00, 0x00,
  0x00, 0x00, 0x00, 0x00, 0x00, 0x00, 0x00, 0x00, 0x00, 0x00, 0x00, 0x00, 0x00, 0x00, 0x00, 0x00, 0x00, 0x00, 0x00, 0x00, 0x00, 0x00, 0x00, 0x00,
  0x00, 0x00, 0x00, 0x00, 0x00, 0x00, 0x00, 0x00, 0x00, 0x00, 0x00, 0x00, 0x00, 0x00, 0x00, 0x00, 0x00, 0x00, 0x00, 0x00, 0x00, 0x00, 0x00, 0x00,
  0x00, 0x00, 0x00, 0x00, 0x00, 0x00, 0x00, 0x00, 0x00, 0x00, 0x00, 0x00, 0x00, 0x00, 0x00, 0x00, 0x00, 0x00, 0x00, 0x00, 0x00, 0x00, 0x00, 0x00,
  0x00, 0x00, 0x00, 0x00, 0x00, 0x00, 0x00, 0x00, 0x00, 0x00, 0x00, 0x00, 0x00, 0x00, 0x00, 0x00, 0x00, 0x00, 0x00, 0x00, 0x00, 0x00, 0x00, 0x00,
  0x00, 0x00, 0x00, 0x00, 0x00, 0x00, 0x00, 0x00, 0x00, 0x00, 0x00, 0x00, 0x00, 0x00, 0x00, 0x00, 0x00, 0x00, 0x00, 0x00, 0x00, 0x00, 0x00, 0x00,
  0x00, 0x00, 0x00, 0x00, 0x00, 0x00, 0x00, 0x00, 0x00, 0x00, 0x00, 0x00, 0x00, 0x00, 0x00, 0x00, 0x00, 0x00, 0x00, 0x00, 0x00, 0x00, 0x00, 0x00,
  0x00, 0x00, 0x00, 0x00, 0x00, 0x00, 0x00, 0x00, 0x00, 0x00, 0x00, 0x00, 0x00, 0x00, 0x00, 0x00, 0x00, 0x00, 0x00, 0x00, 0x00, 0x00, 0x00, 0x00,
  0x00, 0x00, 0x00, 0x00, 0x00, 0x00, 0x00, 0x00, 0x00, 0x00, 0x00, 0x00, 0x00, 0x00, 0x00, 0x00, 0x00, 0x00, 0x00, 0x00, 0x00, 0x00, 0x00, 0x00,
  0x00, 0x00, 0x00, 0x00, 0x00, 0x00, 0x00, 0x00, 0x00, 0x00, 0x00, 0x00, 0x00, 0x00, 0x00, 0x00, 0x00, 0x00, 0x00, 0x00, 0x00, 0x00, 0x00, 0x00,
  0x00, 0x00, 0x00, 0x00, 0x00, 0x00, 0x00, 0x00, 0x00, 0x00, 0x00, 0x00, 0x00, 0x00, 0x00, 0x00, 0x00, 0x00, 0x00, 0x00, 0x00, 0x00, 0x00, 0x00,
  0x00, 0x00, 0x00, 0x00, 0x00, 0x00, 0x00, 0x00, 0x00, 0x00, 0x00, 0x00, 0x00, 0x00, 0x00, 0x00, 0x00, 0x00, 0x00, 0x00, 0x00, 0x00, 0x00, 0x00,
  0x00, 0x00, 0x00, 0x00, 0x00, 0x00, 0x00, 0x00, 0x00, 0x00, 0x00, 0x00, 0x00, 0x00, 0x00, 0x00, 0x00, 0x00, 0x00, 0x00, 0x00, 0x00, 0x00, 0x00,
  0x00, 0x00, 0x00, 0x00, 0x00, 0x00, 0x00, 0x00, 0x00, 0x00, 0x00, 0x00, 0x00, 0x00, 0x00, 0x00, 0x00, 0x00, 0x00, 0x00, 0x00, 0x00, 0x00, 0x00,
  0x00, 0x00, 0x00, 0x00, 0x00, 0x00, 0x00, 0x00, 0x00, 0x00, 0x00, 0x00, 0x00, 0x00, 0x00, 0x00, 0x00, 0x00, 0x00, 0x00, 0x00, 0x00, 0x00, 0x00,
  0x00, 0x00, 0x00, 0x00, 0x00, 0x00, 0x00, 0x00, 0x00, 0x00, 0x00, 0x00, 0x00, 0x00, 0x00, 0x00, 0x00, 0x00, 0x00, 0x00, 0x00, 0x00, 0x00, 0x00,
  0x00, 0x00, 0x00, 0x00, 0x00, 0x00, 0x00, 0x00, 0x00, 0x00, 0x00, 0x00, 0x00, 0x00, 0x00, 0x00, 0x00, 0x00, 0x00, 0x00, 0x00, 0x00, 0x00, 0x00,
  0x00, 0x00, 0x00, 0x00, 0x00, 0x00, 0x00, 0x00, 0x00, 0x00, 0x00, 0x00, 0x00, 0x00, 0x00, 0x00, 0x00, 0x00, 0x00, 0x00, 0x00, 0x00, 0x00, 0x00,
  0x00, 0x00, 0x00, 0x00, 0x00, 0x00, 0x00, 0x00, 0x00, 0x00, 0x00, 0x00, 0x00, 0x00, 0x00, 0x00, 0x00, 0x00, 0x00, 0x00, 0x00, 0x00, 0x00, 0x00,
  0x00, 0x00, 0x00, 0x00, 0x00, 0x00, 0x00, 0x00, 0x00, 0x00, 0x00, 0x00, 0x00, 0x00, 0x00, 0x00, 0x00, 0x00, 0x00, 0x00, 0x00, 0x00, 0x00, 0x00,
  0x00, 0x00, 0x00, 0x00, 0x00, 0x00, 0x00, 0x00, 0x00, 0x00, 0x00, 0x00, 0x00, 0x00, 0x00, 0x00, 0x00, 0x00, 0x00, 0x00, 0x00, 0x00, 0x00, 0x00,
  0x00, 0x00, 0x00, 0x00, 0x00, 0x00, 0x00, 0x00, 0x00, 0x00, 0x00, 0x00, 0x00, 0x00, 0x00, 0x00, 0x00, 0x00, 0x00, 0x00, 0x00, 0x00, 0x00, 0x00,
  0x00, 0x00, 0x00, 0x00, 0x00, 0x10, 0x60, 0xaf, 0xcf, 0xff, 0xff, 0xff, 0xcf, 0xaf, 0x60, 0x10, 0x00, 0x00, 0x00, 0x00, 0x00, 0x00, 0x00, 0x00,
  0x00, 0x00, 0x00, 0x00, 0x00, 0x00, 0x00, 0x00, 0x00, 0x00, 0x00, 0x00, 0x00, 0x00, 0x00, 0x00, 0x00, 0x00, 0x00, 0x00, 0x00, 0x00, 0x00, 0x00,
  0x00, 0x00, 0x00, 0x00, 0x00, 0x00, 0x00, 0x00, 0x00, 0x00, 0x00, 0x00, 0x00, 0x00, 0x00, 0x00, 0x00, 0x00, 0x00, 0x00, 0x00, 0x00, 0x00, 0x00,
  0x00, 0x00, 0x00, 0x00, 0x10, 0x9f, 0xff, 0xff, 0xff, 0xff, 0xff, 0xff, 0xff, 0xff, 0xff, 0xff, 0xff, 0x9f, 0x10, 0x00, 0x2d, 0x3d, 0x79, 0x79,
  0xb6, 0xb6, 0xc5, 0xf2, 0xf2, 0xf2, 0xf2, 0xf2, 0xf2, 0xf2, 0xf2, 0xf2, 0xc5, 0xb6, 0x88, 0x5b, 0x1e, 0x00, 0x00, 0x00, 0x00, 0x00, 0x00, 0x00,
  0x00, 0x00, 0x00, 0x00, 0x00, 0x00, 0x00, 0x00, 0x00, 0x00, 0x00, 0x00, 0x00, 0x00, 0x00, 0x00, 0x00, 0x00, 0x00, 0x00, 0x00, 0x00, 0x00, 0x00,
  0x00, 0x00, 0x00, 0x00, 0x60, 0xef, 0xff, 0xff, 0xff, 0xff, 0xff, 0xff, 0xff, 0xff, 0xff, 0xff, 0xff, 0xff, 0xff, 0xfe, 0xf7, 0xf2, 0xf2, 0xf2,
  0xf2, 0xf2, 0xf2, 0xb6, 0xb6, 0xb6, 0xb6, 0xb6, 0xe3, 0xf2, 0xf2, 0xf2, 0xf2, 0xf2, 0xf2, 0xf2, 0xf2, 0xf2, 0xc5, 0x5b, 0x00, 0x00, 0x00, 0x00,
  0x00, 0x00, 0x00, 0x00, 0x00, 0x00, 0x00, 0x00, 0x00, 0x00, 0x00, 0x00, 0x00, 0x00, 0x00, 0x00, 0x00, 0x00, 0x00, 0x00, 0x00, 0x00, 0x00, 0x00,
  0x00, 0x00, 0x00, 0x00, 0x9f, 0xff, 0xff, 0xff, 0xff, 0xff, 0xff, 0xff, 0xff, 0xff, 0xff, 0xff, 0xff, 0xff, 0xff, 0xff, 0xff, 0xff, 0xcd, 0x79,
  0x6a, 0x6a, 0x79, 0x79, 0x79, 0x79, 0x79, 0x79, 0x79, 0x5b, 0x3d, 0x1e, 0x3d, 0x6a, 0xa7, 0xf2, 0xf2, 0xf2, 0xf2, 0xf2, 0xf2, 0xb6, 0x0f, 0x00,
  0x00, 0x00, 0x00, 0x00, 0x00, 0x00, 0x00, 0x00, 0x00, 0x00, 0x00, 0x00, 0x00, 0x00, 0x00, 0x00, 0x00, 0x00, 0x00, 0x00, 0x00, 0x00, 0x00, 0x00,
  0x00, 0x00, 0x00, 0x00, 0x9f, 0xff, 0xff, 0xff, 0xff, 0xff, 0xff, 0xff, 0xff, 0xff, 0xff, 0xff, 0xff, 0xff, 0xff, 0xff, 0xff, 0xff, 0xff, 0xff,
  0xfa, 0xf2, 0xf2, 0xf2, 0xf2, 0xf2, 0xf2, 0xf2, 0xf2, 0xf2, 0xf2, 0xf2, 0xf2, 0xd4, 0x88, 0x1e, 0x1e, 0xa7, 0xf2, 0xf2, 0xf2, 0xf2, 0xf2, 0x97,
  0x00, 0x00, 0x00, 0x00, 0x00, 0x00, 0x00, 0x00, 0x00, 0x00, 0x00, 0x00, 0x00, 0x00, 0x00, 0x00, 0x00, 0x00, 0x00, 0x00, 0x00, 0x00, 0x00, 0x00,
  0x00, 0x00, 0x00, 0x00, 0x60, 0xff, 0xff, 0xff, 0xff, 0xff, 0xff, 0xff, 0xff, 0xff, 0xff, 0xff, 0xff, 0xff, 0xff, 0xff, 0xff, 0xff, 0xff, 0xff,
  0xff, 0xff, 0xe8, 0xb6, 0xb6, 0xd4, 0xf2, 0xf2, 0xf2, 0xf2, 0xf2, 0xf2, 0xf2, 0xf2, 0xf2, 0xf2, 0xe3, 0x5b, 0x00, 0x97, 0xf2, 0xf2, 0xf2, 0xf2,
  0xf2, 0x00, 0x00, 0x00, 0x00, 0x00, 0x00, 0x00, 0x00, 0x00, 0x00, 0x00, 0x00, 0x00, 0x00, 0x00, 0x00, 0x00, 0x00, 0x00, 0x00, 0x00, 0x00, 0x00,
  0x00, 0x00, 0x00, 0x00, 0x1f, 0xef, 0xff, 0xff, 0xff, 0xff, 0xff, 0xff, 0xff, 0xff, 0xff, 0xff, 0xff, 0xff, 0xff, 0xff, 0xff, 0xff, 0xff, 0xff,
  0xff, 0xff, 0xff, 0xef, 0x10, 0x00, 0x00, 0x00, 0x0f, 0x3d, 0x88, 0xe3, 0xf2, 0xf2, 0xf2, 0xf2, 0xf2, 0xf2, 0xf2, 0x1e, 0x0f, 0xf2, 0xf2, 0xf2,
  0xf2, 0xe3, 0x00, 0x00, 0x00, 0x00, 0x00, 0x00, 0x00, 0x00, 0x00, 0x00, 0x00, 0x00, 0x00, 0x00, 0x00, 0x00, 0x00, 0x00, 0x00, 0x00, 0x00, 0x00,
  0x00, 0x00, 0x0f, 0x5b, 0xa7, 0xfa, 0xff, 0xff, 0xff, 0xff, 0xff, 0xff, 0xff, 0xff, 0xff, 0xff, 0xff, 0xff, 0xff, 0xff, 0xff, 0xff, 0xff, 0xff,
  0xff, 0xff, 0xff, 0xff, 0xff, 0x9f, 0x00, 0x00, 0x00, 0x00, 0x00, 0x00, 0x0f, 0xc5, 0xf2, 0xf2, 0xf2, 0xf2, 0xf2, 0xf2, 0x3d, 0x0f, 0xf2, 0xf2,
  0xf2, 0xf2, 0x97, 0x00, 0x00, 0x00, 0x00, 0x00, 0x00, 0x00, 0x00, 0x00, 0x00, 0x00, 0x00, 0x00, 0x00, 0x00, 0x00, 0x00, 0x00, 0x00, 0x00, 0x00,
  0x00, 0x3d, 0x97, 0xe3, 0xf2, 0xe4, 0xff, 0xff, 0xff, 0xff, 0xff, 0xff, 0xff, 0xff, 0xff, 0xff, 0xff, 0xff, 0xff, 0xff, 0xff, 0xff, 0xff, 0xff,
  0xff, 0xff, 0xff, 0xff, 0xff, 0xff, 0xff, 0x10, 0x00, 0x00, 0x00, 0x00, 0x00, 0x00, 0x3d, 0xf2, 0xf2, 0xf2, 0xf2, 0xf2, 0xf2, 0x0f, 0x6a, 0xf2,
  0xf2, 0xf2, 0xe3, 0x0f, 0x00, 0x00, 0x00, 0x00, 0x00, 0x00, 0x00, 0x00, 0x00, 0x00, 0x00, 0x00, 0x00, 0x00, 0x00, 0x00, 0x00, 0x00, 0x00, 0x00,
  0x5b, 0xc5, 0xf2, 0xf2, 0xa7, 0x6a, 0x8d, 0xff, 0xff, 0xff, 0xff, 0xff, 0xff, 0xff, 0xff, 0xff, 0xff, 0xff, 0xff, 0xff, 0xff, 0xff, 0xff, 0xff,
  0xff, 0xff, 0xff, 0xff, 0xff, 0xff, 0xff, 0xff, 0x60, 0x00, 0x00, 0x00, 0x00, 0x00, 0x00, 0x4c, 0xf2, 0xf2, 0xf2, 0xf2, 0xf2, 0x79, 0x1e, 0xe3,
  0xf2, 0xf2, 0xe3, 0x2d, 0x00, 0x00, 0x00, 0x00, 0x00, 0x00, 0x00, 0x00, 0x00, 0x00, 0x00, 0x00, 0x00, 0x00, 0x00, 0x00, 0x00, 0x00, 0x0f, 0x79,
  0xe3, 0xf2, 0xe3, 0x97, 0x5b, 0xa7, 0xf2, 0xfb, 0xff, 0xff, 0xff, 0xff, 0xff, 0xff, 0xff, 0xff, 0xff, 0xff, 0xff, 0xff, 0xff, 0xff, 0xff, 0xff,
  0xff, 0xff, 0xff, 0xff, 0xff, 0xff, 0xff, 0xff, 0xff, 0xaf, 0x00, 0x00, 0x00, 0x00, 0x00, 0x00, 0xb6, 0xf2, 0xf2, 0xf2, 0xf2, 0x97, 0x0f, 0xc5,
  0xf2, 0xf2, 0xe3, 0x2d, 0x00, 0x00, 0x00, 0x00, 0x00, 0x00, 0x00, 0x00, 0x00, 0x00, 0x00, 0x00, 0x00, 0x00, 0x00, 0x00, 0x00, 0x0f, 0x79, 0xe3,
  0xf2, 0xe3, 0x79, 0x4c, 0xb6, 0xf2, 0xf2, 0xf2, 0xfd, 0xff, 0xff, 0xff, 0xff, 0xff, 0xff, 0xff, 0xff, 0xff, 0xff, 0xff, 0xff, 0xff, 0xff, 0xff,
  0xff, 0xff, 0xff, 0xff, 0xff, 0xff, 0xff, 0xff, 0xff, 0xff, 0xcf, 0x00, 0x00, 0x00, 0x00, 0x00, 0x97, 0xf2, 0xf2, 0xf2, 0xf2, 0x88, 0x2d, 0xd4,
  0xf2, 0xf2, 0xc5, 0x2d, 0x00, 0x00, 0x00, 0x00, 0x00, 0x00, 0x00, 0x00, 0x00, 0x00, 0x00, 0x00, 0x00, 0x00, 0x00, 0x00, 0x00, 0x6a, 0xe3, 0xf2,
  0xf2, 0x88, 0x4c, 0xb6, 0xf2, 0xf2, 0xf2, 0xb6, 0x3d, 0xff, 0xff, 0xff, 0xff, 0xff, 0xff, 0xff, 0xff, 0xff, 0xff, 0xff, 0xff, 0xff, 0xff, 0xff,
  0xff, 0xff, 0xff, 0xff, 0xff, 0xff, 0xff, 0xff, 0xff, 0xff, 0xff, 0xff, 0x00, 0x00, 0x00, 0x0f, 0xb6, 0xf2, 0xf2, 0xf2, 0xe3, 0x4c, 0x6a, 0xe3,
  0xf2, 0xf2, 0x88, 0x0f, 0x00, 0x00, 0x00, 0x00, 0x00, 0x00, 0x00, 0x00, 0x00, 0x00, 0x00, 0x00, 0x00, 0x00, 0x00, 0x00, 0x3d, 0xd4, 0xf2, 0xf2,
  0xb6, 0x2d, 0xa7, 0xf2, 0xf2, 0xf2, 0xe3, 0x5b, 0x00, 0x00, 0xff, 0xff, 0xff, 0xff, 0xff, 0xff, 0xff, 0xff, 0xff, 0xff, 0xff, 0xff, 0xff, 0xff,
  0xff, 0xff, 0xff, 0xff, 0xff, 0xff, 0xff, 0xff, 0xff, 0xff, 0xff, 0xff, 0xff, 0x00, 0x00, 0x5b, 0xe3, 0xf2, 0xf2, 0xf2, 0xa7, 0x2d, 0xb6, 0xf2,
  0xf2, 0xd4, 0x3d, 0x00, 0x00, 0x00, 0x00, 0x00, 0x00, 0x00, 0x00, 0x00, 0x00, 0x00, 0x00, 0x00, 0x00, 0x00, 0x00, 0x0f, 0x88, 0xf2, 0xf2, 0xe3,
  0x6a, 0x4c, 0xe3, 0xf2, 0xf2, 0xf2, 0xb6, 0x0f, 0x00, 0x00, 0x00, 0xff, 0xff, 0xff, 0xff, 0xff, 0xff, 0xff, 0xff, 0xff, 0xff, 0xff, 0xff, 0xff,
  0xff, 0xff, 0xff, 0xff, 0xff, 0xff, 0xff, 0xff, 0xff, 0xff, 0xff, 0xff, 0xff, 0xff, 0x3d, 0xb6, 0xf2, 0xf2, 0xf2, 0xb6, 0x4c, 0x88, 0xf2, 0xf2,
  0xe3, 0x6a, 0x00, 0x00, 0x00, 0x00, 0x00, 0x00, 0x00, 0x00, 0x00, 0x00, 0x00, 0x00, 0x00, 0x00, 0x00, 0x00, 0x00, 0x2d, 0xc5, 0xf2, 0xf2, 0xd4,
  0x2d, 0x88, 0xf2, 0xf2, 0xf2, 0xf2, 0x97, 0x00, 0x00, 0x00, 0x00, 0x00, 0xcf, 0xff, 0xff, 0xff, 0xff, 0xff, 0xff, 0xff, 0xff, 0xff, 0xff, 0xff,
  0xff, 0xff, 0xff, 0xff, 0xff, 0xff, 0xff, 0xff, 0xff, 0xff, 0xff, 0xff, 0xff, 0xff, 0xfd, 0xf2, 0xf2, 0xf2, 0xb6, 0x4c, 0x79, 0xe3, 0xf2, 0xe3,
  0x79, 0x0f, 0x00, 0x00, 0x00, 0x00, 0x00, 0x00, 0x00, 0x00, 0x00, 0x00, 0x00, 0x00, 0x00, 0x00, 0x00, 0x00, 0x00, 0x2d, 0xe3, 0xf2, 0xf2, 0xc5,
  0x0f, 0x97, 0xf2, 0xf2, 0xf2, 0xf2, 0xb6, 0x00, 0x00, 0x00, 0x00, 0x00, 0x00, 0xaf, 0xff, 0xff, 0xff, 0xff, 0xff, 0xff, 0xff, 0xff, 0xff, 0xff,
  0xff, 0xff, 0xff, 0xff, 0xff, 0xff, 0xff, 0xff, 0xff, 0xff, 0xff, 0xff, 0xff, 0xff, 0xff, 0xfb, 0xf2, 0xa7, 0x5b, 0x97, 0xe3, 0xf2, 0xe3, 0x79,
  0x0f, 0x00, 0x00, 0x00, 0x00, 0x00, 0x00, 0x00, 0x00, 0x00, 0x00, 0x00, 0x00, 0x00, 0x00, 0x00, 0x00, 0x00, 0x00, 0x2d, 0xe3, 0xf2, 0xf2, 0xe3,
  0x1e, 0x79, 0xf2, 0xf2, 0xf2, 0xf2, 0xf2, 0x4c, 0x00, 0x00, 0x00, 0x00, 0x00, 0x00, 0x60, 0xff, 0xff, 0xff, 0xff, 0xff, 0xff, 0xff, 0xff, 0xff,
  0xff, 0xff, 0xff, 0xff, 0xff, 0xff, 0xff, 0xff, 0xff, 0xff, 0xff, 0xff, 0xff, 0xff, 0xff, 0xff, 0x8d, 0x6a, 0xa7, 0xf2, 0xf2, 0xc5, 0x5b, 0x00,
  0x00, 0x00, 0x00, 0x00, 0x00, 0x00, 0x00, 0x00, 0x00, 0x00, 0x00, 0x00, 0x00, 0x00, 0x00, 0x00, 0x00, 0x00, 0x00, 0x0f, 0xe3, 0xf2, 0xf2, 0xf2,
  0x6a, 0x0f, 0xf2, 0xf2, 0xf2, 0xf2, 0xf2, 0xf2, 0x3d, 0x00, 0x00, 0x00, 0x00, 0x00, 0x00, 0x10, 0xff, 0xff, 0xff, 0xff, 0xff, 0xff, 0xff, 0xff,
  0xff, 0xff, 0xff, 0xff, 0xff, 0xff, 0xff, 0xff, 0xff, 0xff, 0xff, 0xff, 0xff, 0xff, 0xff, 0xff, 0xff, 0xe4, 0xf2, 0xe3, 0x97, 0x3d, 0x00, 0x00,
  0x00, 0x00, 0x00, 0x00, 0x00, 0x00, 0x00, 0x00, 0x00, 0x00, 0x00, 0x00, 0x00, 0x00, 0x00, 0x00, 0x00, 0x00, 0x00, 0x00, 0x97, 0xf2, 0xf2, 0xf2,
  0xf2, 0x0f, 0x3d, 0xf2, 0xf2, 0xf2, 0xf2, 0xf2, 0xf2, 0xc5, 0x0f, 0x00, 0x00, 0x00, 0x00, 0x00, 0x00, 0x9f, 0xff, 0xff, 0xff, 0xff, 0xff, 0xff,
  0xff, 0xff, 0xff, 0xff, 0xff, 0xff, 0xff, 0xff, 0xff, 0xff, 0xff, 0xff, 0xff, 0xff, 0xff, 0xff, 0xff, 0xfa, 0xa7, 0x5b, 0x0f, 0x00, 0x00, 0x00,
  0x00, 0x00, 0x00, 0x00, 0x00, 0x00, 0x00, 0x00, 0x00, 0x00, 0x00, 0x00, 0x00, 0x00, 0x00, 0x00, 0x00, 0x00, 0x00, 0x00, 0x00, 0xe3, 0xf2, 0xf2,
  0xf2, 0xf2, 0x0f, 0x1e, 0xf2, 0xf2, 0xf2, 0xf2, 0xf2, 0xf2, 0xf2, 0xe3, 0x88, 0x3d, 0x0f, 0x00, 0x00, 0x00, 0x10, 0xef, 0xff, 0xff, 0xff, 0xff,
  0xff, 0xff, 0xff, 0xff, 0xff, 0xff, 0xff, 0xff, 0xff, 0xff, 0xff, 0xff, 0xff, 0xff, 0xff, 0xff, 0xff, 0xef, 0x1f, 0x00, 0x00, 0x00, 0x00, 0x00,
  0x00, 0x00, 0x00, 0x00, 0x00, 0x00, 0x00, 0x00, 0x00, 0x00, 0x00, 0x00, 0x00, 0x00, 0x00, 0x00, 0x00, 0x00, 0x00, 0x00, 0x00, 0x00, 0xf2, 0xf2,
  0xf2, 0xf2, 0xf2, 0x97, 0x00, 0x5b, 0xe3, 0xf2, 0xf2, 0xf2, 0xf2, 0xf2, 0xf2, 0xf2, 0xf2, 0xf2, 0xf2, 0xd4, 0xb6, 0xb6, 0xe8, 0xff, 0xff, 0xff,
  0xff, 0xff, 0xff, 0xff, 0xff, 0xff, 0xff, 0xff, 0xff, 0xff, 0xff, 0xff, 0xff, 0xff, 0xff, 0xff, 0xff, 0xff, 0x60, 0x00, 0x00, 0x00, 0x00, 0x00,
  0x00, 0x00, 0x00, 0x00, 0x00, 0x00, 0x00, 0x00, 0x00, 0x00, 0x00, 0x00, 0x00, 0x00, 0x00, 0x00, 0x00, 0x00, 0x00, 0x00, 0x00, 0x00, 0x00, 0x97,
  0xf2, 0xf2, 0xf2, 0xf2, 0xf2, 0xa7, 0x1e, 0x1e, 0x88, 0xd4, 0xf2, 0xf2, 0xf2, 0xf2, 0xf2, 0xf2, 0xf2, 0xf2, 0xf2, 0xf2, 0xf2, 0xf2, 0xfa, 0xff,
  0xff, 0xff, 0xff, 0xff, 0xff, 0xff, 0xff, 0xff, 0xff, 0xff, 0xff, 0xff, 0xff, 0xff, 0xff, 0xff, 0xff, 0xff, 0x9f, 0x00, 0x00, 0x00, 0x00, 0x00,
  0x00, 0x00, 0x00, 0x00, 0x00, 0x00, 0x00, 0x00, 0x00, 0x00, 0x00, 0x00, 0x00, 0x00, 0x00, 0x00, 0x00, 0x00, 0x00, 0x00, 0x00, 0x00, 0x00, 0x00,
  0x0f, 0xb6, 0xf2, 0xf2, 0xf2, 0xf2, 0xf2, 0xf2, 0xa7, 0x6a, 0x3d, 0x1e, 0x3d, 0x5b, 0x79, 0x79, 0x79, 0x79, 0x79, 0x79, 0x79, 0x6a, 0x6a, 0x79,
  0xcd, 0xff, 0xff, 0xff, 0xff, 0xff, 0xff, 0xff, 0xff, 0xff, 0xff, 0xff, 0xff, 0xff, 0xff, 0xff, 0xff, 0xff, 0x9f, 0x00, 0x00, 0x00, 0x00, 0x00,
  0x00, 0x00, 0x00, 0x00, 0x00, 0x00, 0x00, 0x00, 0x00, 0x00, 0x00, 0x00, 0x00, 0x00, 0x00, 0x00, 0x00, 0x00, 0x00, 0x00, 0x00, 0x00, 0x00, 0x00,
  0x00, 0x00, 0x00, 0x5b, 0xc5, 0xf2, 0xf2, 0xf2, 0xf2, 0xf2, 0xf2, 0xf2, 0xf2, 0xf2, 0xe3, 0xb6, 0xb6, 0xb6, 0xb6, 0xb6, 0xf2, 0xf2, 0xf2, 0xf2,
  0xf2, 0xf2, 0xf7, 0xfe, 0xff, 0xff, 0xff, 0xff, 0xff, 0xff, 0xff, 0xff, 0xff, 0xff, 0xff, 0xff, 0xff, 0xef, 0x60, 0x00, 0x00, 0x00, 0x00, 0x00,
  0x00, 0x00, 0x00, 0x00, 0x00, 0x00, 0x00, 0x00, 0x00, 0x00, 0x00, 0x00, 0x00, 0x00, 0x00, 0x00, 0x00, 0x00, 0x00, 0x00, 0x00, 0x00, 0x00, 0x00,
  0x00, 0x00, 0x00, 0x00, 0x00, 0x00, 0x1e, 0x5b, 0x88, 0xb6, 0xc5, 0xf2, 0xf2, 0xf2, 0xf2, 0xf2, 0xf2, 0xf2, 0xf2, 0xf2, 0xc5, 0xb6, 0xb6, 0x79,
  0x79, 0x3d, 0x2d, 0x00, 0x10, 0x9f, 0xff, 0xff, 0xff, 0xff, 0xff, 0xff, 0xff, 0xff, 0xff, 0xff, 0xff, 0x9f, 0x10, 0x00, 0x00, 0x00, 0x00, 0x00,
  0x00, 0x00, 0x00, 0x00, 0x00, 0x00, 0x00, 0x00, 0x00, 0x00, 0x00, 0x00, 0x00, 0x00, 0x00, 0x00, 0x00, 0x00, 0x00, 0x00, 0x00, 0x00, 0x00, 0x00,
  0x00, 0x00, 0x00, 0x00, 0x00, 0x00, 0x00, 0x00, 0x00, 0x00, 0x00, 0x00, 0x00, 0x00, 0x00, 0x00, 0x00, 0x00, 0x00, 0x00, 0x00, 0x00, 0x00, 0x00,
  0x00, 0x00, 0x00, 0x00, 0x00, 0x00, 0x00, 0x10, 0x60, 0xaf, 0xcf, 0xff, 0xff, 0xff, 0xcf, 0xaf, 0x60, 0x10, 0x00, 0x00, 0x00, 0x00, 0x00, 0x00,
  0x00, 0x00, 0x00, 0x00, 0x00, 0x00, 0x00, 0x00, 0x00, 0x00, 0x00, 0x00, 0x00, 0x00, 0x00, 0x00, 0x00, 0x00, 0x00, 0x00, 0x00, 0x00, 0x00, 0x00,
  0x00, 0x00, 0x00, 0x00, 0x00, 0x00, 0x00, 0x00, 0x00, 0x00, 0x00, 0x00, 0x00, 0x00, 0x00, 0x00, 0x00, 0x00, 0x00, 0x00, 0x00, 0x00, 0x00, 0x00,
  0x00, 0x00, 0x00, 0x00, 0x00, 0x00, 0x00, 0x00, 0x00, 0x00, 0x00, 0x00, 0x00, 0x00, 0x00, 0x00, 0x00, 0x00, 0x00, 0x00, 0x00, 0x00, 0x00, 0x00,
  0x00, 0x00, 0x00, 0x00, 0x00, 0x00, 0x00, 0x00, 0x00, 0x00, 0x00, 0x00, 0x00, 0x00, 0x00, 0x00, 0x00, 0x00, 0x00, 0x00, 0x00, 0x00, 0x00, 0x00,
  0x00, 0x00, 0x00, 0x00, 0x00, 0x00, 0x00, 0x00, 0x00, 0x00, 0x00, 0x00, 0x00, 0x00, 0x00, 0x00, 0x00, 0x00, 0x00, 0x00, 0x00, 0x00, 0x00, 0x00,
  0x00, 0x00, 0x00, 0x00, 0x00, 0x00, 0x00, 0x00, 0x00, 0x00, 0x00, 0x00, 0x00, 0x00, 0x00, 0x00, 0x00, 0x00, 0x00, 0x00, 0x00, 0x00, 0x00, 0x00,
  0x00, 0x00, 0x00, 0x00, 0x00, 0x00, 0x00, 0x00, 0x00, 0x00, 0x00, 0x00, 0x00, 0x00, 0x00, 0x00, 0x00, 0x00, 0x00, 0x00, 0x00, 0x00, 0x00, 0x00,
  0x00, 0x00, 0x00, 0x00, 0x00, 0x00, 0x00, 0x00, 0x00, 0x00, 0x00, 0x00, 0x00, 0x00, 0x00, 0x00, 0x00, 0x00, 0x00, 0x00, 0x00, 0x00, 0x00, 0x00,
  0x00, 0x00, 0x00, 0x00, 0x00, 0x00, 0x00, 0x00, 0x00, 0x00, 0x00, 0x00, 0x00, 0x00, 0x00, 0x00, 0x00, 0x00, 0x00, 0x00, 0x00, 0x00, 0x00, 0x00,
  0x00, 0x00, 0x00, 0x00, 0x00, 0x00, 0x00, 0x00, 0x00, 0x00, 0x00, 0x00, 0x00, 0x00, 0x00, 0x00, 0x00, 0x00, 0x00, 0x00, 0x00, 0x00, 0x00, 0x00,
  0x00, 0x00, 0x00, 0x00, 0x00, 0x00, 0x00, 0x00, 0x00, 0x00, 0x00, 0x00, 0x00, 0x00, 0x00, 0x00, 0x00, 0x00, 0x00, 0x00, 0x00, 0x00, 0x00, 0x00,
  0x00, 0x00, 0x00, 0x00, 0x00, 0x00, 0x00, 0x00, 0x00, 0x00, 0x00, 0x00, 0x00, 0x00, 0x00, 0x00, 0x00, 0x00, 0x00, 0x00, 0x00, 0x00, 0x00, 0x00,
  0x00, 0x00, 0x00, 0x00, 0x00, 0x00, 0x00, 0x00, 0x00, 0x00, 0x00, 0x00, 0x00, 0x00, 0x00, 0x00, 0x00, 0x00, 0x00, 0x00, 0x00, 0x00, 0x00, 0x00,
  0x00, 0x00, 0x00, 0x00, 0x00, 0x00, 0x00, 0x00, 0x00, 0x00, 0x00, 0x00, 0x00, 0x00, 0x00, 0x00, 0x00, 0x00, 0x00, 0x00, 0x00, 0x00, 0x00, 0x00,
  0x00, 0x00, 0x00, 0x00, 0x00, 0x00, 0x00, 0x00, 0x00, 0x00, 0x00, 0x00, 0x00, 0x00, 0x00, 0x00, 0x00, 0x00, 0x00, 0x00, 0x00, 0x00, 0x00, 0x00,
  0x00, 0x00, 0x00, 0x00, 0x00, 0x00, 0x00, 0x00, 0x00, 0x00, 0x00, 0x00, 0x00, 0x00, 0x00, 0x00, 0x00, 0x00, 0x00, 0x00, 0x00, 0x00, 0x00, 0x00,
  0x00, 0x00, 0x00, 0x00, 0x00, 0x00, 0x00, 0x00, 0x00, 0x00, 0x00, 0x00, 0x00, 0x00, 0x00, 0x00, 0x00, 0x00, 0x00, 0x00, 0x00, 0x00, 0x00, 0x00,
  0x00, 0x00, 0x00, 0x00, 0x00, 0x00, 0x00, 0x00, 0x00, 0x00, 0x00, 0x00, 0x00, 0x00, 0x00, 0x00, 0x00, 0x00, 0x00, 0x00, 0x00, 0x00, 0x00, 0x00,
  0x00, 0x00, 0x00, 0x00, 0x00, 0x00, 0x00, 0x00, 0x00, 0x00, 0x00, 0x00, 0x00, 0x00, 0x00, 0x00, 0x00, 0x00, 0x00, 0x00, 0x00, 0x00, 0x00, 0x00,
  0x00, 0x00, 0x00, 0x00, 0x00, 0x00, 0x00, 0x00, 0x00, 0x00, 0x00, 0x00, 0x00, 0x00, 0x00, 0x00, 0x00, 0x00, 0x00, 0x00, 0x00, 0x00, 0x00, 0x00,
  0x00, 0x00, 0x00, 0x00, 0x00, 0x00, 0x00, 0x00, 0x00, 0x00, 0x00, 0x00, 0x00, 0x00, 0x00, 0x00, 0x00, 0x00, 0x00, 0x00, 0x00, 0x00, 0x00, 0x00,
  0x00, 0x00, 0x00, 0x00, 0x00, 0x00, 0x00, 0x00, 0x00, 0x00, 0x00, 0x00, 0x00, 0x00, 0x00, 0x00, 0x00, 0x00, 0x00, 0x00, 0x00, 0x00, 0x00, 0x00,
  0x00, 0x00, 0x00, 0x00, 0x00, 0x00, 0x00, 0x00, 0x00, 0x00, 0x00, 0x00, 0x00, 0x00, 0x00, 0x00, 0x00, 0x00, 0x00, 0x00, 0x00, 0x00, 0x00, 0x00,
  0x00, 0x00, 0x00, 0x00, 0x00, 0x00, 0x00, 0x00, 0x00, 0x00, 0x00, 0x00, 0x00, 0x00, 0x00, 0x00, 0x00, 0x00, 0x00, 0x00, 0x00, 0x00, 0x00, 0x00,
  0x00, 0x00, 0x00, 0x00, 0x00, 0x00, 0x00, 0x00, 0x00, 0x00, 0x00, 0x00, 0x00, 0x00, 0x00, 0x00, 0x00, 0x00, 0x00, 0x00, 0x00, 0x00, 0x00, 0x00,
  0x00, 0x00, 0x00, 0x00, 0x00, 0x00, 0x00, 0x00, 0x00,
};
static const lv_image_dsc_t pl_saturn = {
    .header = {.magic = LV_IMAGE_HEADER_MAGIC, .cf = LV_COLOR_FORMAT_RGB565A8, .flags = 0,
               .w = 73, .h = 43, .stride = 146, .reserved_2 = 0},
    .data_size = sizeof(pl_saturn_px),
    .data = pl_saturn_px,
    .reserved = nullptr,
};

}  // namespace weather_fx
}  // namespace esphome
